elapsed.ps,repeats.n,param.array.array,param.index.integer,param.value.integer
19515,100000,array<integer>[10],9,2229403192648574
20766,100000,array<integer>[10],9,3043665719097194
20338,100000,array<integer>[10],2,1867363272720738
23274,100000,array<integer>[10],3,-838721637110154
20598,100000,array<integer>[10],10,-8160961829905324
18757,100000,array<integer>[10],1,-5634506044821487
18984,100000,array<integer>[10],1,-704924877066312
18619,100000,array<integer>[10],5,-226674831885965
17866,100000,array<integer>[10],3,-3696704834748136
19635,100000,array<integer>[10],7,-8597539392259822
17845,100000,array<integer>[10],3,8813561966275161
19878,100000,array<integer>[10],3,-568218785670328
18899,100000,array<integer>[10],10,8154053280906027
19167,100000,array<integer>[10],7,8186635937156
20870,100000,array<integer>[10],6,-8668801524098847
21314,100000,array<integer>[10],9,2796776889524536
18838,100000,array<integer>[10],6,8487863317112699
20999,100000,array<integer>[10],2,7031751453241951
19630,100000,array<integer>[10],9,-6981464818240436
17997,100000,array<integer>[10],5,-2393696645891176
17762,100000,array<integer>[10],6,-5566883809777695
18174,100000,array<integer>[10],9,7786416413272084
20695,100000,array<integer>[10],3,8944195264368059
20840,100000,array<integer>[10],10,5360314890707778
26039,100000,array<integer>[10],3,-4623452780306843
24129,100000,array<integer>[10],6,-5115005396593777
23380,100000,array<integer>[10],9,-1571981319216541
18522,100000,array<integer>[10],3,-3241818906591309
22548,100000,array<integer>[10],2,-5261244370443817
22634,100000,array<integer>[10],10,-5619982609028740
20862,100000,array<integer>[10],4,7687981697816729
19436,100000,array<integer>[10],2,2766194321684452
22570,100000,array<integer>[10],7,-8477789398398705
20316,100000,array<integer>[10],4,3895208564690610
24048,100000,array<integer>[10],4,2186471547853457
21436,100000,array<integer>[10],1,4111710076943240
18347,100000,array<integer>[10],7,-5046056793512747
18356,100000,array<integer>[10],6,8677592305970431
18236,100000,array<integer>[10],1,-3156814847279782
18689,100000,array<integer>[10],10,4354919537566529
18263,100000,array<integer>[10],8,6982808288596039
23840,100000,array<integer>[10],5,2794285235346073
20371,100000,array<integer>[10],9,-7917814703399893
17669,100000,array<integer>[10],9,-1366674842053345
18499,100000,array<integer>[10],1,-2970665592910058
17296,100000,array<integer>[10],1,7103569365044193
19116,100000,array<integer>[10],10,6967189512125730
22082,100000,array<integer>[10],10,8960145193925797
22993,100000,array<integer>[10],9,-2090151951695574
23389,100000,array<integer>[10],2,5238289387118793
19732,100000,array<integer>[10],10,921310677634108
18968,100000,array<integer>[10],2,1967187983527505
19928,100000,array<integer>[10],10,91968190849582
22636,100000,array<integer>[10],7,387014303702197
20972,100000,array<integer>[10],2,3585174711975860
21208,100000,array<integer>[10],10,-4257170688781525
19350,100000,array<integer>[10],9,3691089163449168
18388,100000,array<integer>[10],2,-6248842507073595
20250,100000,array<integer>[10],8,8635400394769667
22354,100000,array<integer>[10],8,2484645684196664
22864,100000,array<integer>[10],2,7414917005867070
20939,100000,array<integer>[10],5,-7163775800981556
19349,100000,array<integer>[10],1,7547905861687509
20736,100000,array<integer>[10],9,-109389178055293
20244,100000,array<integer>[10],4,-814671226361683
25780,100000,array<integer>[10],7,-1194828331922022
19677,100000,array<integer>[10],10,-1185619158243210
20118,100000,array<integer>[10],6,-7474486290835013
18572,100000,array<integer>[10],1,-1871443900552746
18778,100000,array<integer>[10],9,4029377625266733
19261,100000,array<integer>[10],1,-4992431435708050
22782,100000,array<integer>[10],4,5662179496673330
19991,100000,array<integer>[10],4,1357153431779943
20999,100000,array<integer>[10],7,7318719696550580
25249,100000,array<integer>[10],10,6225928114529841
17965,100000,array<integer>[10],4,4925958278262506
17754,100000,array<integer>[10],6,-5529393026968650
21511,100000,array<integer>[10],5,-7501373381715745
18938,100000,array<integer>[10],1,63889402634809
17878,100000,array<integer>[10],4,-1089306684102489
19533,100000,array<integer>[10],10,5314137959577275
17839,100000,array<integer>[10],3,5288494198461458
20585,100000,array<integer>[10],3,8197496301519955
18606,100000,array<integer>[10],2,-1255058106131042
17625,100000,array<integer>[10],7,5978531257506481
17707,100000,array<integer>[10],8,2360055028170825
17917,100000,array<integer>[10],9,7576167450979080
18207,100000,array<integer>[10],10,4499067694452897
17529,100000,array<integer>[10],7,-6799828378584293
21614,100000,array<integer>[10],3,-3117227794020238
28291,100000,array<integer>[10],6,-8110239684934631
28881,100000,array<integer>[10],10,-8711711876559881
28012,100000,array<integer>[10],5,-1783829276029443
22890,100000,array<integer>[10],6,-1114656907115490
18928,100000,array<integer>[10],3,-2419638714026663
17695,100000,array<integer>[10],9,2187457006239888
18041,100000,array<integer>[10],2,8835087526376462
17708,100000,array<integer>[10],10,4633148963951836
17387,100000,array<integer>[10],9,2786678430761748
17524,100000,array<integer>[10],8,-6234462559736355
17879,100000,array<integer>[10],3,-5552700825878822
18374,100000,array<integer>[10],6,-6667311860622195
18260,100000,array<integer>[10],1,6390935725069009
18138,100000,array<integer>[10],4,5334733346323501
17700,100000,array<integer>[10],1,7464055897680443
19170,100000,array<integer>[10],7,7377772661991417
17501,100000,array<integer>[10],9,-1847451360443897
17524,100000,array<integer>[10],10,7315382073647447
18010,100000,array<integer>[10],9,7140968942856810
18889,100000,array<integer>[10],7,-1454411952903245
18392,100000,array<integer>[10],5,4979831781057296
23325,100000,array<integer>[10],5,2939508786833955
23923,100000,array<integer>[10],2,-6841213256596125
25613,100000,array<integer>[10],9,-759504061839786
26514,100000,array<integer>[10],8,-3644516563543591
18752,100000,array<integer>[10],6,-3467595175472222
20745,100000,array<integer>[10],9,1667107775322290
21037,100000,array<integer>[10],2,4391852482005605
18493,100000,array<integer>[10],1,-8612750315467466
21102,100000,array<integer>[10],8,4836475516058738
26055,100000,array<integer>[10],10,7404522054585908
22697,100000,array<integer>[10],4,-1684126170993009
24491,100000,array<integer>[10],1,2061486894455855
24365,100000,array<integer>[10],7,-3623974398325819
20224,100000,array<integer>[10],8,2949177304252154
22759,100000,array<integer>[10],6,-8355794272253946
17689,100000,array<integer>[10],10,-2134705445107939
25558,100000,array<integer>[10],5,-7541295462058802
25073,100000,array<integer>[10],9,-4499304912666993
18471,100000,array<integer>[10],1,8276164523333999
20580,100000,array<integer>[10],6,6323512282919344
19478,100000,array<integer>[10],1,5529202498666536
20688,100000,array<integer>[10],8,8165680351156405
18696,100000,array<integer>[10],2,2745254382190983
18574,100000,array<integer>[10],8,4120996133331624
20411,100000,array<integer>[10],2,-4970301248020250
18574,100000,array<integer>[10],9,-3411627462089618
21039,100000,array<integer>[10],9,1817360005251669
22758,100000,array<integer>[10],5,-985793290052865
25509,100000,array<integer>[10],2,-7454342589446579
24472,100000,array<integer>[10],9,3136512516981436
20756,100000,array<integer>[10],8,1655996145275886
18204,100000,array<integer>[10],1,-6786445834039455
19621,100000,array<integer>[10],1,-6997464806910590
21850,100000,array<integer>[10],5,7139852105432876
17584,100000,array<integer>[10],9,5585008736834143
17590,100000,array<integer>[10],2,-3787683356292252
20640,100000,array<integer>[10],8,5941759216435942
17619,100000,array<integer>[10],6,-6442977720407846
19001,100000,array<integer>[10],3,4075243378811193
18336,100000,array<integer>[10],2,-5207265137888752
18473,100000,array<integer>[10],4,-3822255812884273
25946,100000,array<integer>[10],8,-1356026423139785
23775,100000,array<integer>[10],9,-683202820904712
17830,100000,array<integer>[10],10,-6932978641457153
19119,100000,array<integer>[10],5,-3714686328686494
18414,100000,array<integer>[10],8,1641484884702624
17904,100000,array<integer>[10],4,-2329210399815026
19497,100000,array<integer>[10],10,-1884167850859816
20175,100000,array<integer>[10],4,-6155139048923546
18349,100000,array<integer>[10],2,-253557542935181
17691,100000,array<integer>[10],2,-7401840241136473
21147,100000,array<integer>[10],1,8148449784682565
18019,100000,array<integer>[10],2,1510469448158023
17955,100000,array<integer>[10],6,4370391670464968
18682,100000,array<integer>[10],10,6743038155333861
17985,100000,array<integer>[10],2,-7548239038233711
18597,100000,array<integer>[10],4,2689865463648599
18717,100000,array<integer>[10],2,3407586513885808
23893,100000,array<integer>[10],5,-6703986517560684
18390,100000,array<integer>[10],5,2895386258134113
18806,100000,array<integer>[10],5,-6781304985767191
24235,100000,array<integer>[10],5,-3166333548802954
20976,100000,array<integer>[10],8,-3764123329650170
18146,100000,array<integer>[10],7,-3194730058928878
23024,100000,array<integer>[10],8,-7814438729077128
18631,100000,array<integer>[10],1,3137152225077881
18625,100000,array<integer>[10],5,4698377053361109
18433,100000,array<integer>[10],8,4738106985284708
17792,100000,array<integer>[10],4,-311429951554414
18887,100000,array<integer>[10],2,7970829041934276
18916,100000,array<integer>[10],4,8883604847100050
24529,100000,array<integer>[10],5,-5651842927142143
24854,100000,array<integer>[10],2,-1615378869073311
21685,100000,array<integer>[10],8,4717641220456761
17696,100000,array<integer>[10],1,-3255483505986897
18591,100000,array<integer>[10],8,8780969197008245
18250,100000,array<integer>[10],4,6707094724953128
24206,100000,array<integer>[10],4,2634081586284933
17463,100000,array<integer>[10],4,3353055184030435
17567,100000,array<integer>[10],9,-1627040951224861
21665,100000,array<integer>[10],7,7832728879050174
18199,100000,array<integer>[10],10,-2931165456736246
18680,100000,array<integer>[10],10,-4833338486823790
19069,100000,array<integer>[10],4,-8099476705493179
18150,100000,array<integer>[10],4,3259211734279549
18530,100000,array<integer>[10],9,4712575004674565
18527,100000,array<integer>[10],9,-3959650081079997
21925,100000,array<integer>[10],6,-1725266116493295
23808,100000,array<integer>[10],9,7226175276087656
18656,100000,array<integer>[10],9,-2376344593691100
18318,100000,array<integer>[10],9,4740345505127742
18610,100000,array<integer>[10],2,2993084532475988
18187,100000,array<integer>[10],3,-4828054868429263
20567,100000,array<integer>[10],1,1694014533150848
22607,100000,array<integer>[10],10,218571199016206
19524,100000,array<integer>[10],4,-6182083777063285
18351,100000,array<integer>[10],8,-3364388177419228
17756,100000,array<integer>[10],2,-7852486931984712
17532,100000,array<integer>[10],1,-8139984195453344
22833,100000,array<integer>[10],2,8381232535333160
21332,100000,array<integer>[10],8,-3339229099203679
22347,100000,array<integer>[10],7,7393306869067863
19998,100000,array<integer>[10],3,5290573095436913
20413,100000,array<integer>[10],10,3996418798565149
18118,100000,array<integer>[10],5,6089870197064889
22022,100000,array<integer>[10],6,-1873567531378929
22416,100000,array<integer>[10],8,-6100870651068301
19770,100000,array<integer>[10],2,-3840682041427817
18781,100000,array<integer>[10],7,-8160805385314213
18327,100000,array<integer>[10],4,-2771016590257942
18286,100000,array<integer>[10],3,2278576994674699
20650,100000,array<integer>[10],9,-5532184336299244
18332,100000,array<integer>[10],5,3861171701476934
19987,100000,array<integer>[10],6,8134037600562942
18462,100000,array<integer>[10],7,-1798288189247013
18562,100000,array<integer>[10],2,-3241680012420392
18019,100000,array<integer>[10],6,2440229160422309
18638,100000,array<integer>[10],1,-5557885458072928
24584,100000,array<integer>[10],5,1656308701885753
18756,100000,array<integer>[10],4,-6476990240808019
24726,100000,array<integer>[10],10,4659577751199798
25710,100000,array<integer>[10],7,2349191167447071
22817,100000,array<integer>[10],9,6018250363276174
22913,100000,array<integer>[10],3,1607567010059574
21863,100000,array<integer>[10],5,-3504711799149792
18319,100000,array<integer>[10],3,-6140190451412707
18323,100000,array<integer>[10],1,3665082968610717
17865,100000,array<integer>[10],1,7941161426781893
19966,100000,array<integer>[10],4,2998598320693996
21978,100000,array<integer>[10],5,-890646965193166
20706,100000,array<integer>[10],9,7680780097357435
19986,100000,array<integer>[10],2,-6183098838426086
18872,100000,array<integer>[10],5,787351003342622
19809,100000,array<integer>[10],3,2498708510383213
17243,100000,array<integer>[10],2,-5899619112782065
19938,100000,array<integer>[10],7,-4244132553126643
17820,100000,array<integer>[10],7,-2332521777574900
22856,100000,array<integer>[10],8,-3341717640470101
18252,100000,array<integer>[10],4,8431940814651240
18580,100000,array<integer>[10],3,-1743731335292222
18393,100000,array<integer>[10],3,-3134303889593071
18944,100000,array<integer>[10],7,-8899421284928729
23059,100000,array<integer>[10],1,7994999219409506
18334,100000,array<integer>[10],7,-4989835101809674
18275,100000,array<integer>[10],2,275234028501478
17854,100000,array<integer>[10],9,5837555199069522
18162,100000,array<integer>[10],9,4779385948167682
17658,100000,array<integer>[10],4,-6120601605559985
19923,100000,array<integer>[10],5,1890978603028064
20594,100000,array<integer>[10],3,-6933827825025124
21258,100000,array<integer>[10],5,-5894976704112491
18094,100000,array<integer>[10],1,-1675219025554367
18448,100000,array<integer>[10],4,-1331263832285950
18395,100000,array<integer>[10],8,6832776724874800
17711,100000,array<integer>[10],3,2245900497433798
17997,100000,array<integer>[10],1,-7631062182166665
24307,100000,array<integer>[10],8,578790206703653
22632,100000,array<integer>[10],8,8518580533973387
19613,100000,array<integer>[10],6,7378022721368945
25473,100000,array<integer>[10],5,6691191786247677
23983,100000,array<integer>[10],9,-3332083767718149
21392,100000,array<integer>[10],8,3228912078946795
18772,100000,array<integer>[10],6,-3178012572395763
19659,100000,array<integer>[10],4,-2313931534651397
18342,100000,array<integer>[10],3,-4013857235962004
21362,100000,array<integer>[10],6,-1404550398347207
20695,100000,array<integer>[10],8,6930986299407053
21419,100000,array<integer>[10],3,1974146055161115
20390,100000,array<integer>[10],9,-6930371467919955
18770,100000,array<integer>[10],9,-4602761180984516
25640,100000,array<integer>[10],7,1771329137841985
21147,100000,array<integer>[10],7,-6587634197247193
19190,100000,array<integer>[10],3,-3640402067976729
19068,100000,array<integer>[10],5,3105265610048061
19038,100000,array<integer>[10],3,-1136717757780488
19231,100000,array<integer>[10],3,5195451938068591
21671,100000,array<integer>[10],10,-6811784339779604
20608,100000,array<integer>[10],4,-4820133508800099
19719,100000,array<integer>[10],10,-2860590672584187
20491,100000,array<integer>[10],7,-2214611427202646
19377,100000,array<integer>[10],1,-3485250411063782
20150,100000,array<integer>[10],6,3266686779561356
20003,100000,array<integer>[10],6,1348580092271109
19911,100000,array<integer>[10],7,-8974623627805588
18114,100000,array<integer>[10],5,5431112732586250
19182,100000,array<integer>[10],6,8073424162203890
18882,100000,array<integer>[10],5,-534403514454846
19112,100000,array<integer>[10],3,-6473255740360950
19053,100000,array<integer>[10],10,361102264571630
18422,100000,array<integer>[10],2,7450706672044044
18128,100000,array<integer>[10],8,-6920684731508083
20078,100000,array<integer>[10],4,7245599681641354
18774,100000,array<integer>[10],5,963520437661661
24195,100000,array<integer>[10],9,-3545442122875574
18467,100000,array<integer>[10],1,3953347874964324
18111,100000,array<integer>[10],6,-2664797875804402
24808,100000,array<integer>[10],7,5200997318267330
25755,100000,array<integer>[10],1,2204400220257568
18368,100000,array<integer>[10],5,6914124393355327
18426,100000,array<integer>[10],3,-1106681178784589
18488,100000,array<integer>[10],4,-5928074794570217
19004,100000,array<integer>[10],8,2952644158302667
18467,100000,array<integer>[10],10,3313938005050091
20600,100000,array<integer>[10],9,664301392441749
18236,100000,array<integer>[10],2,6318513024599210
21121,100000,array<integer>[10],6,-8371724977079659
25048,100000,array<integer>[10],9,-7667313273792696
24709,100000,array<integer>[10],4,-8629278280399507
27102,100000,array<integer>[10],3,-5550271203467248
26771,100000,array<integer>[10],6,8313719216510345
27408,100000,array<integer>[10],4,8449635212296893
22922,100000,array<integer>[10],8,-550897626645619
17638,100000,array<integer>[10],9,878244930595308
17347,100000,array<integer>[10],5,-5428921453414059
17382,100000,array<integer>[10],5,-5137391203374233
17479,100000,array<integer>[10],2,4858285773291189
17764,100000,array<integer>[10],4,-2145213405176848
17567,100000,array<integer>[10],7,-1955145148959869
19773,100000,array<integer>[10],6,1844270369927560
17842,100000,array<integer>[10],4,2476362057819128
18250,100000,array<integer>[10],4,-8892482623235676
19929,100000,array<integer>[10],8,5867115359627433
22133,100000,array<integer>[10],6,7454475510086840
19443,100000,array<integer>[10],7,1889703448180401
19652,100000,array<integer>[10],5,337115966365303
18571,100000,array<integer>[10],9,-3234517973084245
25013,100000,array<integer>[10],8,902723408074741
25142,100000,array<integer>[10],7,8334691400514531
18381,100000,array<integer>[10],4,-2380379945978556
18430,100000,array<integer>[10],4,-7507243826161821
20551,100000,array<integer>[10],6,4527567436622673
17714,100000,array<integer>[10],1,6405762357890090
18041,100000,array<integer>[10],6,-129155893696476
17617,100000,array<integer>[10],7,8878517984404068
17699,100000,array<integer>[10],3,-8435446347637410
18023,100000,array<integer>[10],9,-2410995442546362
18218,100000,array<integer>[10],5,-6561117271009158
18059,100000,array<integer>[10],2,-5908072199043569
17965,100000,array<integer>[10],3,-4849208522052074
17451,100000,array<integer>[10],4,3546110827987888
18145,100000,array<integer>[10],3,3571015607452024
18253,100000,array<integer>[10],7,-1558865320435209
18416,100000,array<integer>[10],6,-1333828463314511
18370,100000,array<integer>[10],4,8824639690978475
18647,100000,array<integer>[10],4,-4083533412571389
18280,100000,array<integer>[10],9,-6450747155441742
20146,100000,array<integer>[10],5,-7986316923438272
18271,100000,array<integer>[10],9,-3344347981011252
27667,100000,array<integer>[10],3,3330562956524767
27320,100000,array<integer>[10],5,-5461308157508296
27965,100000,array<integer>[10],1,-6180987390487747
28622,100000,array<integer>[10],4,8518149249897451
27843,100000,array<integer>[10],8,1182039071420360
27815,100000,array<integer>[10],4,-1416162915001477
27090,100000,array<integer>[10],7,-1897356727298459
26817,100000,array<integer>[10],3,455982328788169
26841,100000,array<integer>[10],9,1419410103640729
27723,100000,array<integer>[10],8,-7657836610104176
18846,100000,array<integer>[10],8,4870097483332253
18615,100000,array<integer>[10],6,4947383597815296
18687,100000,array<integer>[10],3,-6281358444188485
18194,100000,array<integer>[10],2,-751213748565006
20793,100000,array<integer>[10],2,-2500038803671194
18533,100000,array<integer>[10],1,6691222291475898
18560,100000,array<integer>[10],3,-2728527664161490
17604,100000,array<integer>[10],7,2586721651494262
17525,100000,array<integer>[10],7,-8599433518885924
17916,100000,array<integer>[10],2,-899107056014056
17410,100000,array<integer>[10],9,737953725980712
17366,100000,array<integer>[10],10,-1753629022567569
17810,100000,array<integer>[10],6,-1163950779186842
19135,100000,array<integer>[10],5,6630835976041356
17704,100000,array<integer>[10],6,-2042412716885124
17466,100000,array<integer>[10],9,5777656772217864
17805,100000,array<integer>[10],4,-8318648688751944
17798,100000,array<integer>[10],2,3731176160505308
17883,100000,array<integer>[10],2,4565824292293994
17700,100000,array<integer>[10],10,4154026519057570
18573,100000,array<integer>[10],10,875321828068334
18427,100000,array<integer>[10],7,-6795208014475694
18591,100000,array<integer>[10],5,-8752577186563597
21408,100000,array<integer>[10],10,8046656929238464
18039,100000,array<integer>[10],7,987191563108127
18749,100000,array<integer>[10],5,-1430901763799794
19293,100000,array<integer>[10],4,-1926258787422261
19299,100000,array<integer>[10],1,246069335005995
18703,100000,array<integer>[10],8,-4479029806564609
18396,100000,array<integer>[10],8,4578150604408327
25261,100000,array<integer>[10],10,7816824371152570
23885,100000,array<integer>[10],10,5566998190351365
18273,100000,array<integer>[10],4,-1866537874300998
17675,100000,array<integer>[10],2,3469145078831878
17137,100000,array<integer>[10],10,-7504724411804642
22391,100000,array<integer>[10],6,5677585191622743
25339,100000,array<integer>[10],10,-7414447685378850
23400,100000,array<integer>[10],1,6109162247638547
17670,100000,array<integer>[10],8,7367085377501206
17470,100000,array<integer>[10],10,-6471101886860309
19702,100000,array<integer>[10],2,-6891498951729106
17880,100000,array<integer>[10],7,5742997195606305
18968,100000,array<integer>[10],7,6723856127262260
22831,100000,array<integer>[10],8,-7641807184107060
20060,100000,array<integer>[10],9,-7321305142773527
18304,100000,array<integer>[10],10,3056283704611919
19720,100000,array<integer>[10],2,8227737636827898
18820,100000,array<integer>[10],8,-3381091887390688
18052,100000,array<integer>[10],7,7115573251551313
21654,100000,array<integer>[10],10,-7212931930822775
18390,100000,array<integer>[10],10,7073391820207959
17579,100000,array<integer>[10],2,-5153172112107562
17369,100000,array<integer>[10],4,2875678747466201
17285,100000,array<integer>[10],3,2779730636927047
18215,100000,array<integer>[10],5,-6407528756923235
20125,100000,array<integer>[10],2,-3293977827631526
21751,100000,array<integer>[10],1,-6013542415910852
17709,100000,array<integer>[10],3,-801495283067756
17621,100000,array<integer>[10],6,-7325609667116149
17660,100000,array<integer>[10],9,-3309145529007929
18034,100000,array<integer>[10],8,708258043565876
17924,100000,array<integer>[10],6,-5419856556167141
21196,100000,array<integer>[10],8,-8369066077228760
21506,100000,array<integer>[10],2,8534267219104561
17952,100000,array<integer>[10],5,2775319481335201
22200,100000,array<integer>[10],4,2186442278626056
19048,100000,array<integer>[10],9,6715340823507876
17848,100000,array<integer>[10],5,-5417748756648410
19960,100000,array<integer>[10],1,-4838906026933043
23228,100000,array<integer>[10],7,-786125807093551
28497,100000,array<integer>[10],1,-1619856309283380
27422,100000,array<integer>[10],9,7881123806425160
22353,100000,array<integer>[10],6,-8913200554756413
22347,100000,array<integer>[10],3,-3252378666006335
18446,100000,array<integer>[10],3,816388104344380
18756,100000,array<integer>[10],3,3528107808733459
18441,100000,array<integer>[10],7,588151288323810
18479,100000,array<integer>[10],2,4587576363011670
18545,100000,array<integer>[10],7,5437810073224527
18545,100000,array<integer>[10],1,2640398635062556
19391,100000,array<integer>[10],7,4514557507716454
18131,100000,array<integer>[10],10,4441273923791221
18056,100000,array<integer>[10],3,7033026293403347
18001,100000,array<integer>[10],1,6776115388992879
19301,100000,array<integer>[10],3,2871503987508657
17480,100000,array<integer>[10],4,1142033711850320
23081,100000,array<integer>[10],5,-282653074893692
19036,100000,array<integer>[10],9,5067802140045772
17888,100000,array<integer>[10],5,5515317416382120
17583,100000,array<integer>[10],7,1619513400129558
19748,100000,array<integer>[10],10,-5317079785334904
18692,100000,array<integer>[10],4,8080514396091176
18817,100000,array<integer>[10],4,-4619734573976544
23333,100000,array<integer>[10],1,-7164007476530483
18616,100000,array<integer>[10],3,-3399655656731745
21240,100000,array<integer>[10],1,911304459315343
25225,100000,array<integer>[10],1,-2469039556820488
19099,100000,array<integer>[10],6,-8712834707865096
17936,100000,array<integer>[10],9,8938437617518254
24048,100000,array<integer>[10],1,2815732858200347
18148,100000,array<integer>[10],10,-7724762978750748
18842,100000,array<integer>[10],2,623365762783220
17652,100000,array<integer>[10],1,3987215317025955
22940,100000,array<integer>[10],4,3873339881535627
17708,100000,array<integer>[10],1,-445045652240306
18005,100000,array<integer>[10],6,-4652313125819702
18003,100000,array<integer>[10],5,5345621134877764
18078,100000,array<integer>[10],8,-7338374443139665
19991,100000,array<integer>[10],2,-2400880032487359
23860,100000,array<integer>[10],10,-1504519010736587
25453,100000,array<integer>[10],5,6325562334021090
24517,100000,array<integer>[10],6,-4967880508380985
18195,100000,array<integer>[10],6,2783130543614106
18516,100000,array<integer>[10],9,-4070648242125418
18169,100000,array<integer>[10],3,-487748887533167
19511,100000,array<integer>[10],10,-3244997808617028
17802,100000,array<integer>[10],7,2038461507218223
17358,100000,array<integer>[10],3,-7292549969029361
18155,100000,array<integer>[10],5,8201304699882095
18627,100000,array<integer>[10],4,-4526205708164690
17681,100000,array<integer>[10],4,4817696682014012
16913,100000,array<integer>[10],3,-6102052588829094
17084,100000,array<integer>[10],2,-7148840078123364
17696,100000,array<integer>[10],9,-3041327496881995
17135,100000,array<integer>[10],3,-3254184312365377
17621,100000,array<integer>[10],4,1218007756561524
17794,100000,array<integer>[10],10,6742683776914793
17590,100000,array<integer>[10],5,7764821656104107
17333,100000,array<integer>[10],6,6845653078464378
17465,100000,array<integer>[10],4,6727874582411505
17197,100000,array<integer>[10],10,-6256312808147618
17116,100000,array<integer>[10],1,-2611050046717447
17536,100000,array<integer>[10],4,-185860098468207
17445,100000,array<integer>[10],6,-1132883880690509
17153,100000,array<integer>[10],5,7074440245808213
17361,100000,array<integer>[10],9,-5177085981680552
17287,100000,array<integer>[10],2,2383205198196921
17287,100000,array<integer>[10],4,5687301348167405
17558,100000,array<integer>[10],1,-3713225940531756
17576,100000,array<integer>[10],9,4874598672789520
17625,100000,array<integer>[10],4,8691050693737258
17383,100000,array<integer>[10],3,-4891373088002899
17436,100000,array<integer>[10],1,1550994976159391
17198,100000,array<integer>[10],3,8426066683263197
17577,100000,array<integer>[10],9,5246274932391315
17656,100000,array<integer>[10],1,3831807419853386
17637,100000,array<integer>[10],7,-2425674842334113
17622,100000,array<integer>[10],8,-7330332126528860
17294,100000,array<integer>[10],9,-8753374890348104
17191,100000,array<integer>[10],5,-1416133768580709
17045,100000,array<integer>[10],7,7386280261480137
17399,100000,array<integer>[10],10,8002547645245405
17869,100000,array<integer>[10],10,5578728436473423
17538,100000,array<integer>[10],5,325460287543203
17312,100000,array<integer>[10],6,3314329877512648
17377,100000,array<integer>[10],1,-6268431488021338
16958,100000,array<integer>[10],4,-6725161695754330
26138,100000,array<integer>[10],2,4217999243355777
17319,100000,array<integer>[10],2,5498768016946472
17357,100000,array<integer>[10],10,4764620118536508
17901,100000,array<integer>[10],4,8022978239354005
17209,100000,array<integer>[10],6,-8378357515160907
17325,100000,array<integer>[10],7,-3427601694574484
17388,100000,array<integer>[10],1,7542721573337127
17658,100000,array<integer>[10],4,-3940387475866651
17477,100000,array<integer>[10],6,359744999603880
17765,100000,array<integer>[10],7,-854122464571455
17578,100000,array<integer>[10],4,-5323586541167545
17546,100000,array<integer>[10],1,3890185073179800
17267,100000,array<integer>[10],1,-8552102946782822
17005,100000,array<integer>[10],8,5264060829698161
17310,100000,array<integer>[10],8,5796675254207816
17713,100000,array<integer>[10],8,-6335572141045254
17595,100000,array<integer>[10],6,-428417622574496
17640,100000,array<integer>[10],1,-7543639433606587
17468,100000,array<integer>[10],6,-366375261894542
17546,100000,array<integer>[10],3,-379506344650766
17256,100000,array<integer>[10],4,8644926991243358
18001,100000,array<integer>[10],1,-214853696745361
17709,100000,array<integer>[10],1,-2429585379315226
17908,100000,array<integer>[10],4,-3978835998097263
17616,100000,array<integer>[10],3,-4679700736390326
17449,100000,array<integer>[10],5,-3679226904296116
17058,100000,array<integer>[10],1,4210241942601609
17236,100000,array<integer>[10],5,-264751756773950
17476,100000,array<integer>[10],2,4289983244125930
17796,100000,array<integer>[10],3,-3215442246695649
17660,100000,array<integer>[10],4,8903637795262087
17354,100000,array<integer>[10],5,4050465589005707
17274,100000,array<integer>[10],7,8326429381136258
17377,100000,array<integer>[10],5,-1166670344715753
17718,100000,array<integer>[10],9,-4290382938600039
17726,100000,array<integer>[10],2,-3954213512906846
17488,100000,array<integer>[10],10,-6402008946685639
17603,100000,array<integer>[10],5,4086598687394025
17352,100000,array<integer>[10],1,1891572166924975
16938,100000,array<integer>[10],6,-3136309089356179
17236,100000,array<integer>[10],3,2960784265414584
17073,100000,array<integer>[10],4,6269722278842338
17079,100000,array<integer>[10],6,7809128729512853
17588,100000,array<integer>[10],4,310501152163134
17288,100000,array<integer>[10],1,-2260190590163398
17470,100000,array<integer>[10],7,-5816227222012937
17396,100000,array<integer>[10],2,8507631618253348
17595,100000,array<integer>[10],10,3041618785099559
17719,100000,array<integer>[10],2,1754901574872573
17675,100000,array<integer>[10],5,7741799790384632
17729,100000,array<integer>[10],4,-1524041721400360
17388,100000,array<integer>[10],9,-4038540999092378
17813,100000,array<integer>[10],5,-7232184501710928
16964,100000,array<integer>[10],9,-5429888047777667
17317,100000,array<integer>[10],9,4601935947401205
17622,100000,array<integer>[10],10,1584541591853950
19113,100000,array<integer>[10],8,707659455759839
17535,100000,array<integer>[10],10,1364087084917288
17567,100000,array<integer>[10],10,-5830810203595951
17334,100000,array<integer>[10],9,4365019948638103
17481,100000,array<integer>[10],7,-7964478859895869
17851,100000,array<integer>[10],5,7971507366544004
17963,100000,array<integer>[10],2,2778119530680038
17791,100000,array<integer>[10],7,-8609707798473722
17772,100000,array<integer>[10],10,2399354884300637
17683,100000,array<integer>[10],9,-3880099007764781
18239,100000,array<integer>[10],7,1196863156283299
17802,100000,array<integer>[10],2,-8414033666328773
17784,100000,array<integer>[10],2,8826163573173915
17963,100000,array<integer>[10],1,-8500733347291340
18265,100000,array<integer>[10],8,1526225692058120
17897,100000,array<integer>[10],1,6899091485554364
17715,100000,array<integer>[10],5,-6922723395577243
18747,100000,array<integer>[10],6,5297434654553991
17604,100000,array<integer>[10],6,-7308907930482838
17941,100000,array<integer>[10],3,6900901363491692
17881,100000,array<integer>[10],9,5382499628042775
17611,100000,array<integer>[10],1,-72714208106076
17341,100000,array<integer>[10],7,-8662034355393631
17838,100000,array<integer>[10],2,-5132679003823945
17498,100000,array<integer>[10],1,-2009159403558236
17708,100000,array<integer>[10],2,6590131146435218
17536,100000,array<integer>[10],8,-4093932431017898
18140,100000,array<integer>[10],7,3816372613917898
17663,100000,array<integer>[10],10,3636250670081576
17379,100000,array<integer>[10],7,8026182711760136
17512,100000,array<integer>[10],6,-1371281160007686
17470,100000,array<integer>[10],6,-4680821977344837
18209,100000,array<integer>[10],6,3134592227016126
18446,100000,array<integer>[10],1,-7154903336538086
18208,100000,array<integer>[10],7,-8496894768869644
17729,100000,array<integer>[10],1,460747782931787
17625,100000,array<integer>[10],5,5696850274686183
17453,100000,array<integer>[10],3,-1559729873186973
17080,100000,array<integer>[10],8,-7578232141570859
17307,100000,array<integer>[10],6,-7239938482924019
17280,100000,array<integer>[10],8,-2895097179385580
17257,100000,array<integer>[10],3,951010851176984
17063,100000,array<integer>[10],3,1586561230029616
16923,100000,array<integer>[10],8,7498325480136841
17074,100000,array<integer>[10],9,8354465121390884
17097,100000,array<integer>[10],6,7734501907546682
17558,100000,array<integer>[10],8,-874097788875039
17757,100000,array<integer>[10],6,-3740868389083698
17783,100000,array<integer>[10],1,-5974600408576613
18161,100000,array<integer>[10],4,-6926575495401958
17723,100000,array<integer>[10],1,-2607841737914985
17647,100000,array<integer>[10],2,2054821869399002
17394,100000,array<integer>[10],8,2797182607154246
17751,100000,array<integer>[10],8,7528618173271733
17463,100000,array<integer>[10],5,7856860660500508
17979,100000,array<integer>[10],8,-3600623467776180
17365,100000,array<integer>[10],2,7359245099882475
17385,100000,array<integer>[10],7,-7964971538072887
17040,100000,array<integer>[10],5,2241083474192755
17800,100000,array<integer>[10],10,925120478607108
17535,100000,array<integer>[10],7,-2225278879747042
17679,100000,array<integer>[10],9,-4702382116095877
17679,100000,array<integer>[10],3,-7121936895859073
17530,100000,array<integer>[10],6,-8585564544307823
17579,100000,array<integer>[10],7,1230747339540676
17571,100000,array<integer>[10],8,-7193360805671017
17439,100000,array<integer>[10],6,-3944049383245561
17999,100000,array<integer>[10],5,-1394933334387293
17730,100000,array<integer>[10],3,1710231814190997
17658,100000,array<integer>[10],7,2384865490682676
17359,100000,array<integer>[10],6,-6344307827029043
17812,100000,array<integer>[10],10,1814545142565101
17291,100000,array<integer>[10],6,8644355677281547
17631,100000,array<integer>[10],8,-5412703808101019
17788,100000,array<integer>[10],7,4864723121243539
17965,100000,array<integer>[10],9,-49175300643623
17382,100000,array<integer>[10],5,-7930451808638543
17040,100000,array<integer>[10],2,1032474240097723
17612,100000,array<integer>[10],4,1054679241026941
17388,100000,array<integer>[10],7,4860452350913760
17568,100000,array<integer>[10],9,-3178127884473139
18261,100000,array<integer>[10],8,-979895270201013
17967,100000,array<integer>[10],3,1307084020737002
19124,100000,array<integer>[10],2,8618016689285567
17642,100000,array<integer>[10],3,-177756237157417
17623,100000,array<integer>[10],8,-4464403443342379
18645,100000,array<integer>[10],8,-2862850150471671
17518,100000,array<integer>[10],1,-6584832601767585
18087,100000,array<integer>[10],5,-2286425200714143
17240,100000,array<integer>[10],7,-2839834713527339
17587,100000,array<integer>[10],3,4229371625051795
17577,100000,array<integer>[10],5,-2917193865137505
17361,100000,array<integer>[10],1,-5694001064458129
19167,100000,array<integer>[10],4,-2230816707595110
18338,100000,array<integer>[10],10,-6889235560736617
18148,100000,array<integer>[10],1,-3276775736100184
17816,100000,array<integer>[10],5,-5412132783359374
19888,100000,array<integer>[10],5,-1332272886546170
17506,100000,array<integer>[10],9,1604424156743810
17715,100000,array<integer>[10],3,-6063416889646824
17879,100000,array<integer>[10],10,4084016437055988
17778,100000,array<integer>[10],10,-5680120147410258
18665,100000,array<integer>[10],3,-2728966798532682
18056,100000,array<integer>[10],8,3901355586090663
18408,100000,array<integer>[10],1,3020287048979484
17158,100000,array<integer>[10],6,7237754817342183
17712,100000,array<integer>[10],4,-1927065585392241
17576,100000,array<integer>[10],6,3951326315273368
17886,100000,array<integer>[10],4,-6903533343140776
17380,100000,array<integer>[10],10,1408714530258148
17568,100000,array<integer>[10],7,-5316343313002878
17709,100000,array<integer>[10],2,-5060661454784083
17173,100000,array<integer>[10],9,5006930531939270
17490,100000,array<integer>[10],7,5603477470105630
17702,100000,array<integer>[10],7,2921017234466856
17949,100000,array<integer>[10],7,2807422516242440
17773,100000,array<integer>[10],9,6464997011162034
17606,100000,array<integer>[10],3,-8779052854159714
23381,100000,array<integer>[10],5,6225042390202803
17320,100000,array<integer>[10],1,5633837793251217
19052,100000,array<integer>[10],5,1877592424974780
22552,100000,array<integer>[10],9,-513713784085783
18068,100000,array<integer>[10],1,333766005300986
19061,100000,array<integer>[10],6,-1315653137185881
25704,100000,array<integer>[10],10,-4450394283930331
17887,100000,array<integer>[10],5,-1022423148871492
18785,100000,array<integer>[10],10,-4978713796860825
17988,100000,array<integer>[10],4,-7117712557277977
17496,100000,array<integer>[10],7,7940475778711175
17484,100000,array<integer>[10],6,-82628895510386
17562,100000,array<integer>[10],2,6561065770684979
17389,100000,array<integer>[10],8,-5466864995744858
17721,100000,array<integer>[10],3,158816610046773
17984,100000,array<integer>[10],1,3344542357267764
17879,100000,array<integer>[10],4,1391121730451294
17904,100000,array<integer>[10],6,1437472803684992
17656,100000,array<integer>[10],2,834423025992386
17565,100000,array<integer>[10],5,-1359583134826967
17265,100000,array<integer>[10],7,4507290746728135
17850,100000,array<integer>[10],3,4518541833015470
20919,100000,array<integer>[10],5,-3540912508987104
17838,100000,array<integer>[10],10,909643053121609
17916,100000,array<integer>[10],2,4003759389245785
19508,100000,array<integer>[10],6,3817215454674234
17266,100000,array<integer>[10],2,8958178276223595
21144,100000,array<integer>[10],8,5880712931369311
17794,100000,array<integer>[10],6,5320019906897076
17481,100000,array<integer>[10],10,2339816260009605
17639,100000,array<integer>[10],1,2704025578482483
17703,100000,array<integer>[10],2,-4277656325099668
17554,100000,array<integer>[10],8,-8526243637337612
20159,100000,array<integer>[10],7,-1504576752159334
17862,100000,array<integer>[10],2,3487952727392597
17690,100000,array<integer>[10],9,-4973183629778690
18097,100000,array<integer>[10],1,-4146805255755743
18117,100000,array<integer>[10],3,-4208146606417636
17612,100000,array<integer>[10],6,-7095418134998066
20720,100000,array<integer>[10],8,6774698462067313
25495,100000,array<integer>[10],2,-5441897033647861
23777,100000,array<integer>[10],5,-5930467637497016
17866,100000,array<integer>[10],9,4593648965367884
17733,100000,array<integer>[10],10,-659993244428804
18841,100000,array<integer>[10],7,5195527050015975
18810,100000,array<integer>[10],6,3466231714384222
17558,100000,array<integer>[10],8,-2340340790693065
23725,100000,array<integer>[10],1,5555534700871384
17917,100000,array<integer>[10],5,-7332416112845814
18230,100000,array<integer>[10],5,981803291270583
19280,100000,array<integer>[10],2,-2912628303695790
17858,100000,array<integer>[10],3,-8480212036151856
19745,100000,array<integer>[10],5,2662302674393625
17790,100000,array<integer>[10],4,-5141219565882545
18246,100000,array<integer>[10],5,-3245959752713038
18227,100000,array<integer>[10],8,-4423815351592763
18053,100000,array<integer>[10],2,54602938146046
19518,100000,array<integer>[10],7,-1143873231487860
17629,100000,array<integer>[10],7,1652336179723184
21392,100000,array<integer>[10],4,1674341864254180
20445,100000,array<integer>[10],7,-5778602497047749
17938,100000,array<integer>[10],3,-6015838762050881
17671,100000,array<integer>[10],9,5336743048032343
17533,100000,array<integer>[10],5,-3204418982400963
17868,100000,array<integer>[10],9,3845519679471426
17806,100000,array<integer>[10],6,6260306230018485
18791,100000,array<integer>[10],8,-597584468171207
20125,100000,array<integer>[10],3,-7924537883308315
17654,100000,array<integer>[10],4,-513594249441214
18337,100000,array<integer>[10],2,1208460126392976
21173,100000,array<integer>[10],6,-3978903009519309
18062,100000,array<integer>[10],8,-8436588827519973
18905,100000,array<integer>[10],5,-2802677305372473
20830,100000,array<integer>[10],6,7952797185023024
17704,100000,array<integer>[10],7,-603113600401933
17751,100000,array<integer>[10],7,5342244895147692
20216,100000,array<integer>[10],9,1483718601090067
18657,100000,array<integer>[10],5,-7529002416597459
21191,100000,array<integer>[10],1,687520469098295
21008,100000,array<integer>[10],2,4440136217922801
18353,100000,array<integer>[10],7,6605176298174848
18943,100000,array<integer>[10],2,-6216854249618802
17974,100000,array<integer>[10],3,-8446580818258359
17796,100000,array<integer>[10],3,-4310696153651850
17819,100000,array<integer>[10],4,-8587183101744780
17795,100000,array<integer>[10],7,6893540013015254
18147,100000,array<integer>[10],2,-756205319992448
17854,100000,array<integer>[10],3,-1790595511337530
18895,100000,array<integer>[10],7,7279136230737382
18593,100000,array<integer>[10],3,4182196540838879
20528,100000,array<integer>[10],2,-168751246502911
20731,100000,array<integer>[10],5,-4614029240930938
24101,100000,array<integer>[10],7,-3040379504333606
21655,100000,array<integer>[10],5,-870239771764184
24958,100000,array<integer>[10],3,-8582129090021262
25379,100000,array<integer>[10],8,8726299879410387
20783,100000,array<integer>[10],7,838100900035894
22343,100000,array<integer>[10],6,8763145870474468
18640,100000,array<integer>[10],8,-334441116312756
27829,100000,array<integer>[10],10,-1452377468843851
27494,100000,array<integer>[10],2,6330216312290255
26739,100000,array<integer>[10],10,-1614645207564971
26842,100000,array<integer>[10],9,8124342981111265
23644,100000,array<integer>[10],2,6603595879855181
18064,100000,array<integer>[10],3,1421431828198146
18189,100000,array<integer>[10],2,-6577352772973333
25247,100000,array<integer>[10],3,3736442721851321
21950,100000,array<integer>[10],9,4913462054356322
24648,100000,array<integer>[10],9,825200696340675
21529,100000,array<integer>[10],5,5769167735475301
19096,100000,array<integer>[10],6,-5933503133439466
18901,100000,array<integer>[10],5,6714626110231606
18600,100000,array<integer>[10],5,6507751292433941
18186,100000,array<integer>[10],2,-2817485115275836
18443,100000,array<integer>[10],3,-1444204063562265
22317,100000,array<integer>[10],10,6167925833746803
18245,100000,array<integer>[10],6,2869069314427155
18156,100000,array<integer>[10],1,3873257940848054
17866,100000,array<integer>[10],1,5215367062858090
21726,100000,array<integer>[10],5,4182807713735624
18477,100000,array<integer>[10],10,8760399553044664
20034,100000,array<integer>[10],3,4889852746046702
18842,100000,array<integer>[10],10,-2162766563554600
25402,100000,array<integer>[10],3,-4080756465359501
28543,100000,array<integer>[10],10,8458592113764795
28155,100000,array<integer>[10],6,-821861836815538
27374,100000,array<integer>[10],4,-4222355060504889
28155,100000,array<integer>[10],6,-2131743234695130
28673,100000,array<integer>[10],1,-5926098490839227
21132,100000,array<integer>[10],6,-8946737513322462
21502,100000,array<integer>[10],4,-7480166016220159
19196,100000,array<integer>[10],7,-2971883184927043
25444,100000,array<integer>[10],1,5176533948125803
19082,100000,array<integer>[10],6,1261964358207856
25463,100000,array<integer>[10],3,494117415721740
22712,100000,array<integer>[10],5,-6384794260818588
21212,100000,array<integer>[10],1,-4933247169087957
22895,100000,array<integer>[10],9,-6503958323980866
21434,100000,array<integer>[10],5,-5430617197308291
28421,100000,array<integer>[10],10,5538808719951310
23114,100000,array<integer>[10],3,4631093861204325
17567,100000,array<integer>[10],10,-874883058280529
17873,100000,array<integer>[10],1,8750500050187128
18592,100000,array<integer>[10],2,-6919971088483799
19398,100000,array<integer>[10],7,-1647212263580540
20966,100000,array<integer>[10],2,-884449564725819
22945,100000,array<integer>[10],2,6470374824876117
22145,100000,array<integer>[10],7,6608920892501591
25338,100000,array<integer>[10],2,-2781533781550164
26436,100000,array<integer>[10],1,1674312497411165
22100,100000,array<integer>[10],3,-6835597471601092
18949,100000,array<integer>[10],5,5843172815673144
22600,100000,array<integer>[10],5,3222186421661620
19042,100000,array<integer>[10],7,1506266127782006
24417,100000,array<integer>[10],8,-177741122302649
19532,100000,array<integer>[10],7,-1051296554989304
20028,100000,array<integer>[10],6,2127624294096424
19600,100000,array<integer>[10],3,-7861785436188304
23405,100000,array<integer>[10],10,4928689292339253
23813,100000,array<integer>[10],8,5612566567046057
20479,100000,array<integer>[10],4,5608595869730267
22010,100000,array<integer>[10],10,793445134770094
26286,100000,array<integer>[10],5,-6945535374767648
26177,100000,array<integer>[10],6,-953659974159234
25765,100000,array<integer>[10],3,5843437489629819
18400,100000,array<integer>[10],1,-4142641561175841
22095,100000,array<integer>[10],3,5102948711005892
19455,100000,array<integer>[10],5,4925276670412047
18086,100000,array<integer>[10],5,7649486769885184
18222,100000,array<integer>[10],1,-5817214340753643
21559,100000,array<integer>[10],3,8993004853544350
18139,100000,array<integer>[10],8,-4622229770008628
25114,100000,array<integer>[10],7,4042601554590892
21217,100000,array<integer>[10],5,-7462894155166211
19636,100000,array<integer>[10],10,-7388767816272884
23785,100000,array<integer>[10],8,1823612265428067
22230,100000,array<integer>[10],6,-1075603203936695
21775,100000,array<integer>[10],2,1924664870277085
19954,100000,array<integer>[10],7,3310018175901740
28145,100000,array<integer>[10],8,-7904781510700495
28164,100000,array<integer>[10],1,5150572121494442
27609,100000,array<integer>[10],5,6632212692889537
28343,100000,array<integer>[10],10,7391296545897084
28443,100000,array<integer>[10],5,3948066743073642
27767,100000,array<integer>[10],9,-5647253320291926
27598,100000,array<integer>[10],3,-7963213794712687
28435,100000,array<integer>[10],4,1205548675562974
28738,100000,array<integer>[10],3,-1256277716150634
28141,100000,array<integer>[10],2,-4525300360910797
21321,100000,array<integer>[10],5,67937853756234
19176,100000,array<integer>[10],5,4550121079739881
20008,100000,array<integer>[10],4,-1183467545407396
21382,100000,array<integer>[10],2,5921540557218943
18909,100000,array<integer>[10],1,-6449042053203676
23381,100000,array<integer>[10],3,-1510100482007120
18280,100000,array<integer>[10],8,8622590347891143
19716,100000,array<integer>[10],3,-2491383728672970
18634,100000,array<integer>[10],9,4798958844864903
18653,100000,array<integer>[10],8,2096272518706944
18408,100000,array<integer>[10],5,7543965492806098
19378,100000,array<integer>[10],10,1979159709307911
18144,100000,array<integer>[10],4,-8291667656227935
22977,100000,array<integer>[10],5,7848334317516228
22646,100000,array<integer>[10],6,7802693854217541
23374,100000,array<integer>[10],9,6615462394953667
21276,100000,array<integer>[10],2,1799644714874384
23635,100000,array<integer>[10],9,7914244351498503
20932,100000,array<integer>[10],6,-6308261068922934
23594,100000,array<integer>[10],6,1873388141225530
18554,100000,array<integer>[10],8,-3686617744273567
18614,100000,array<integer>[10],7,2838620342833600
19974,100000,array<integer>[10],2,8538322541170674
19104,100000,array<integer>[10],5,-7865974201045650
21392,100000,array<integer>[10],10,-1430166889545449
19310,100000,array<integer>[10],8,-8904010524136398
18214,100000,array<integer>[10],4,526112485780555
18629,100000,array<integer>[10],10,-7305341062263850
21850,100000,array<integer>[10],3,-8129110162322195
23261,100000,array<integer>[10],4,3187207307966874
23712,100000,array<integer>[10],10,-5913206710900191
21915,100000,array<integer>[10],6,-2161611835862579
19534,100000,array<integer>[10],7,8566767023608307
21414,100000,array<integer>[10],9,496861096513200
22643,100000,array<integer>[10],7,7134383519043341
20441,100000,array<integer>[10],4,-7696476424811437
21338,100000,array<integer>[10],4,-5057360710209978
18023,100000,array<integer>[10],8,4929277885051699
17795,100000,array<integer>[10],9,2696125757503584
19621,100000,array<integer>[10],10,5245422663878861
20831,100000,array<integer>[10],7,8388098168710428
20489,100000,array<integer>[10],5,-964473967311041
18671,100000,array<integer>[10],1,-4724129073984426
19187,100000,array<integer>[10],6,-5351364550380048
20054,100000,array<integer>[10],10,-7610581986135134
22950,100000,array<integer>[10],10,2919058477607735
21715,100000,array<integer>[10],3,-2523958679406713
23502,100000,array<integer>[10],10,-2625524144569215
24175,100000,array<integer>[10],8,5995731488544643
18263,100000,array<integer>[10],1,-2992638272628112
21688,100000,array<integer>[10],2,-1375826376928363
22275,100000,array<integer>[10],7,-3345271057856705
23826,100000,array<integer>[10],4,1286624883795028
18292,100000,array<integer>[10],5,-2025371250424816
18600,100000,array<integer>[10],2,-1172805638221032
17884,100000,array<integer>[10],9,2319139888664960
21308,100000,array<integer>[10],9,5889799129909678
18990,100000,array<integer>[10],10,4980870783747828
19354,100000,array<integer>[10],5,-3729813246144436
19606,100000,array<integer>[10],4,-1919775376877864
18888,100000,array<integer>[10],9,7392498065292650
19429,100000,array<integer>[10],2,-778279277318778
24135,100000,array<integer>[10],3,2987075932234447
20753,100000,array<integer>[10],10,-2770984053725653
22793,100000,array<integer>[10],10,-761178362184772
22038,100000,array<integer>[10],5,1712507602504725
21178,100000,array<integer>[10],4,-7647845894588098
22493,100000,array<integer>[10],5,1593572289621380
23107,100000,array<integer>[10],8,7628421153797308
20074,100000,array<integer>[10],6,-8197707637527216
17730,100000,array<integer>[10],7,-6575097187972649
18811,100000,array<integer>[10],6,-5072916595280537
18323,100000,array<integer>[10],4,8608281538682574
18061,100000,array<integer>[10],1,1599998356361815
22356,100000,array<integer>[10],3,6008335043259700
19197,100000,array<integer>[10],9,-2020909653445763
18590,100000,array<integer>[10],5,-5304594116273830
18486,100000,array<integer>[10],10,5004479414784566
17964,100000,array<integer>[10],3,1729820411679991
19276,100000,array<integer>[10],8,-3972094202799394
18620,100000,array<integer>[10],6,8132253039000452
20156,100000,array<integer>[10],9,-2580746783262365
20251,100000,array<integer>[10],3,-6496359000809588
20472,100000,array<integer>[10],1,7046185397123059
20819,100000,array<integer>[10],3,-1793613440572470
19501,100000,array<integer>[10],6,-3026892548496735
22041,100000,array<integer>[10],1,2745085902340078
22309,100000,array<integer>[10],2,-554118570520813
23904,100000,array<integer>[10],8,5769461576203233
19346,100000,array<integer>[10],2,-4460928859321965
18655,100000,array<integer>[10],8,1574434987879992
19968,100000,array<integer>[10],4,3750651236732810
23270,100000,array<integer>[10],9,3579981495046743
23681,100000,array<integer>[10],8,-5587293366639663
20328,100000,array<integer>[10],7,4578180122754438
20293,100000,array<integer>[10],1,6197334944881237
23337,100000,array<integer>[10],4,-496553850327816
20734,100000,array<integer>[10],6,1357508562840151
24100,100000,array<integer>[10],4,-6828915782865694
25328,100000,array<integer>[10],4,4624921636673570
19616,100000,array<integer>[10],8,-6027562528735951
18411,100000,array<integer>[10],5,6590889827291753
18641,100000,array<integer>[10],5,-4309403491638954
21924,100000,array<integer>[10],2,-7964930165067013
22008,100000,array<integer>[10],4,-4001594522464683
19089,100000,array<integer>[10],6,5461210847802683
20338,100000,array<integer>[10],8,2176486077197680
18762,100000,array<integer>[10],8,574769675155383
19078,100000,array<integer>[10],9,8804608960481400
21618,100000,array<integer>[10],10,-8286609009417706
23799,100000,array<integer>[10],1,-6336375178824150
