elapsed.ps,repeats.n,param.r.float,param.g.float,param.b.float
65310,100000,0.7522253074918928,0.18380071781703952,0.12231154567110447
65375,100000,0.8389447591488114,0.7286377237726732,0.14014964501991953
69548,100000,0.617435344825074,0.4209627631945362,0.042660420185576274
65648,100000,0.5483611292556505,0.48927216752971786,0.3583037861111937
61780,100000,0.4444677930960847,0.33671435992152415,0.1809015710256434
63908,100000,0.4192953489444356,0.6862897283973033,0.91376673649783
56283,100000,0.9337336900946276,0.6377666328519576,0.9261988532951022
65690,100000,0.24861711527196634,0.9223974870805438,0.7474624360258999
60714,100000,0.9007066788738936,0.8652643252150936,0.09751499581204476
58337,100000,0.2873268020620201,0.5439709510551968,0.966830763011734
62335,100000,0.41193618218083666,0.09249730959992568,0.8069053880515462
74758,100000,0.6839798465448038,0.45964380037594565,0.9505675878696307
64592,100000,0.5657153471242223,0.3170858574040477,0.20282789793980158
88517,100000,0.916766763108923,0.7283909707944041,0.9467276412380126
87955,100000,0.27922502045196285,0.11912018479160554,0.8809640999617893
88760,100000,0.8961277551127964,0.7941600285781103,0.7392512642185226
89605,100000,0.16517196468365355,0.9090183757160211,0.06066285946717207
68702,100000,0.5850804757924404,0.49905955672574337,0.44948980583736764
65485,100000,0.3345599925299921,0.4731833718278819,0.7907366806575413
58957,100000,0.13791645665281668,0.24933903964458418,0.15803669286982158
60529,100000,0.8134396817696807,0.9028442215748924,0.10916667426655605
70494,100000,0.48111920274955616,0.5695512315992066,0.4277874953060533
65053,100000,0.8922476652498151,0.42503262841969225,0.21869697128151894
63334,100000,0.07123916470422538,0.8357302279506605,0.8613746881319279
64544,100000,0.7992718156677193,0.6154799473667293,0.7385452100862742
67437,100000,0.9787913364497124,0.8327961825851882,0.355690586969917
59981,100000,0.4810821267641095,0.5984682371267885,0.7885789512952838
63740,100000,0.6412442040439327,0.9666177753883324,0.8325336529982521
64455,100000,0.2772547189083912,0.16829773436562678,0.3348155670432544
61312,100000,0.40041075682796895,0.06871698834798627,0.7333759008846018
63944,100000,0.16393467103941523,0.03251892132055758,0.16231234463153899
63400,100000,0.19543785202017153,0.014293309404814436,0.7017305436514483
59527,100000,0.30064781499126386,0.41458868365604434,0.2076517166738821
59785,100000,0.778145977373975,0.9153170121063724,0.5296871142898061
64271,100000,0.24683587946620356,0.15902559743214903,0.8261914615825203
64883,100000,0.5809406121850069,0.6617625483365832,0.3222403151450352
61724,100000,0.24301963853589253,0.38649829160525245,0.3929243406184359
59174,100000,0.08926911460941725,0.5872000445633948,0.01949503195173697
68253,100000,0.3655718041987827,0.0606911106568783,0.3015734415973526
89147,100000,0.5307263921686896,0.9381649679802309,0.5005386857360173
66582,100000,0.27027967058791247,0.8405892196714129,0.7774920974425781
66747,100000,0.7086883203280258,0.502553713839532,0.03342822682912456
63520,100000,0.25457294297062516,0.9807053524699219,0.45613896020940264
72290,100000,0.5865441543245555,0.0729218309363704,0.1757914586951325
61887,100000,0.7973849508599582,0.1872579527111098,0.11568528565434764
72774,100000,0.10595185404893902,0.9757977271550339,0.4906894017067439
64232,100000,0.742365814945867,0.2408962874848678,0.5466137433069876
72286,100000,0.7973295925837163,0.5696351780600284,0.8273596559899391
66137,100000,0.7921584597629864,0.37859724999213035,0.7562438645440844
65255,100000,0.6253048448984044,0.27579778248808134,0.546528926779516
68670,100000,0.49845093778662525,0.824522593841968,0.49975179226471705
76304,100000,0.6344524475584569,0.5794977204416487,0.2056789139612518
66987,100000,0.4154857672832487,0.24993765845730354,0.9793141315879065
65939,100000,0.3044339287931972,0.08728129852841407,0.26010513303735466
73253,100000,0.4150357272976521,0.7978620627104265,0.8249524576135039
77485,100000,0.8966475559510919,0.2710429496004049,0.6602117949306664
64155,100000,0.7301225398327089,0.8271272101520302,0.202498416674067
79199,100000,0.3036719643681111,0.6654359839911218,0.2195892788522718
72364,100000,0.30253481610089167,0.3789502809153361,0.11580346936371627
82379,100000,0.8422987512609863,0.8961080099819144,0.07976273995938644
61459,100000,0.1866019597938597,0.07198124374245193,0.4108578024609457
77283,100000,0.2961834715993447,0.2594955027593131,0.253195740846117
64188,100000,0.004495045432825493,0.8362853688946372,0.6899929262450977
85618,100000,0.5829129963075999,0.3908714364938617,0.0501211474924063
67411,100000,0.951315836150738,0.1350570883957172,0.20576052345892312
65274,100000,0.5950291771276067,0.34926046272862615,0.5902775481269615
67150,100000,0.9459894011721408,0.22367543101268356,0.4102272825938257
61340,100000,0.2636083377989162,0.5794307862574551,0.5589845987318284
65282,100000,0.05200826948061338,0.9872212700726899,0.7385442585670379
70542,100000,0.9391315203408729,0.7257182668775166,0.045334399219442684
73600,100000,0.11372291981727883,0.43721298603647957,0.30507328449228627
61998,100000,0.721688972644615,0.22370615518274953,0.2482486220311665
63245,100000,0.0664921054257978,0.5055563929918748,0.26309638296137255
63734,100000,0.33750681247384107,0.886941418332174,0.7638345820032318
64855,100000,0.8088709115736321,0.9119674725892326,0.8491348195775337
62948,100000,0.9732924781354108,0.1815120645976555,0.8610788471780708
64782,100000,0.2780662916525293,0.08596851757264246,0.4283431907460636
68328,100000,0.5833521861434909,0.6536399171237293,0.5963413759744558
69146,100000,0.7007595653732703,0.3332717591590247,0.8957935642925953
68855,100000,0.938885644975535,0.10983582133067814,0.5179326228163753
67560,100000,0.9256123653407619,0.48693153204045475,0.9915994656537167
69885,100000,0.8907977454035273,0.4025574517684756,0.034118749006398504
86767,100000,0.5158259992279493,0.4970503116110513,0.4293997241465784
70974,100000,0.24215785226526013,0.08366036690175763,0.623593475860761
67100,100000,0.5960838040822993,0.46662562640719973,0.39387235338245286
67257,100000,0.7832883265980874,0.46541470523602296,0.4412044602717438
68132,100000,0.7859911563783263,0.12735075265675605,0.13481560018444896
60031,100000,0.6463106528032395,0.6985962345397366,0.5382885510913709
65683,100000,0.3950274725315194,0.13585904771977614,0.3475509296186162
73037,100000,0.500991285947287,0.816518558983779,0.21635901717268174
62336,100000,0.25296090091806983,0.7517391226442375,0.36718148528151373
69736,100000,0.8644604832969223,0.23049257585462785,0.12107155406849124
77960,100000,0.3694236921155596,0.275134155606446,0.9842924997833989
69621,100000,0.8042021745873955,0.19985886584545287,0.4134564956257388
62981,100000,0.09402129299805727,0.3887729200773581,0.9144420349366482
71150,100000,0.7537411701796473,0.8220775407181309,0.21958397641315142
75624,100000,0.9720800719731726,0.0231500711717275,0.7834965846800706
68030,100000,0.20995030347118193,0.2175480922902142,0.5081720603512109
64568,100000,0.5944091834413674,0.20731583945480392,0.8227277315347505
58419,100000,0.8985077200802151,0.9526884072403657,0.21326370485542354
66016,100000,0.79765502042562,0.5707577235550745,0.47023535307256664
56851,100000,0.10275429981803512,0.9914024530606571,0.0737347196791485
82725,100000,0.33798978666730756,0.561135481264322,0.5045486848180799
68036,100000,0.6604624405857445,0.5598161951998252,0.7411568170272398
77340,100000,0.6679731730368048,0.8739119084489558,0.1918356849071706
71427,100000,0.7729903522051139,0.019437685094629096,0.8910042888235322
73023,100000,0.0011097724458355679,0.7739633969298725,0.5419686600631138
66689,100000,0.24718850389619862,0.37639331095612394,0.021950496747318447
63882,100000,0.4696973165563678,0.5365037312582205,0.4602422681188898
73795,100000,0.3711997417172419,0.3643411504155032,0.38507215014370777
71165,100000,0.683397752274957,0.5470583341349391,0.6103112010052938
84570,100000,0.010810610486827717,0.832627690914536,0.45685854751094435
88060,100000,0.4278812428309988,0.6031313786508411,0.7630522680553181
76511,100000,0.9049815275544689,0.5909754230905767,0.055515597007994744
63179,100000,0.585846793939752,0.31629247213845524,0.6838911368976447
73002,100000,0.49414517223733123,0.046504789737197294,0.10459003828757547
72368,100000,0.8438382003308039,0.12776291016584904,0.3976517530279653
57618,100000,0.9706172368639495,0.5206668452774215,0.164920140393686
71211,100000,0.9381116802959009,0.41611070314206067,0.7203366372610338
67314,100000,0.20103117018208533,0.20728328365219068,0.20324879413889915
72629,100000,0.8891312392150873,0.751366506357985,0.9739296134633048
68330,100000,0.7103370211815127,0.20666689230154012,0.40857042983144826
69804,100000,0.38470493631044744,0.2200607666221049,0.42921539634150535
64550,100000,0.912789037494214,0.11998314889701733,0.03293966063991107
73232,100000,0.41652405383680274,0.7859711482709939,0.7152087012384946
74453,100000,0.46140620001520577,0.5687011784728438,0.64049808134578
61210,100000,0.901171571744413,0.7501745132444092,0.20584582082326705
69282,100000,0.39670399021262603,0.20326635996621745,0.1913121790227095
56600,100000,0.2976848361865289,0.25601159171691723,0.15099937285160517
69735,100000,0.0635982653623204,0.13143435364397918,0.44228716403264373
61996,100000,0.5934585974721984,0.3217259975353969,0.12065749964436939
74479,100000,0.5513056787668622,0.09628634546649138,0.6645747359062584
61594,100000,0.028464300177901417,0.8952231405037583,0.25304801024343626
72063,100000,0.7503771822753622,0.4530256910561267,0.4356333680023308
60987,100000,0.6247366774729491,0.5126747422680629,0.7707652991639953
75425,100000,0.562316214050427,0.5183522247223872,0.8311413320335367
67292,100000,0.49416473100174446,0.32924985447523036,0.2892763850292591
68838,100000,0.057869629525585956,0.5463965763741511,0.5785623440910158
72359,100000,0.08605830747609106,0.5489072125565445,0.08855769909583994
58289,100000,0.7463855965621627,0.67684825980781,0.6422027946589545
61548,100000,0.5731271556798195,0.41307642209079887,0.5899405434420386
60672,100000,0.8957600980590755,0.6074873455629494,0.27248815348952593
66550,100000,0.1788255655536362,0.6232623776860302,0.876933436057966
67702,100000,0.16020558018327904,0.33359421690395874,0.7753532923909153
61610,100000,0.18858556814777594,0.2075755737040257,0.38787170602944526
61570,100000,0.06400904447302094,0.7900985362328581,0.8137930588503847
62242,100000,0.9578278283567153,0.6697951484831568,0.7567926271927378
70709,100000,0.43569722463165494,0.804892015584021,0.8680974123156434
69043,100000,0.5248086308391283,0.026507363754922447,0.345400010511908
88620,100000,0.8811590658591013,0.8823311849230719,0.179733554059929
64720,100000,0.2814230937638912,0.3563709831135718,0.058038773922650416
63137,100000,0.9885160262427224,0.19141824446007705,0.9603080453500235
73992,100000,0.35607933076345283,0.8716463096212408,0.19623599881438544
68167,100000,0.8740332856668827,0.23582799056808987,0.19962464402129868
64686,100000,0.3708349917261014,0.6788924582274385,0.8578278193128414
59818,100000,0.7813010816304318,0.009933588240446739,0.670555432894442
66418,100000,0.6493683142768727,0.058864159490691494,0.8687389510229813
62006,100000,0.3839380596117794,0.5663482859712057,0.049634948139555816
69415,100000,0.8931533511203513,0.7863700125948099,0.671253961983435
70596,100000,0.6495224261344215,0.1552772090884732,0.7075111821828464
60000,100000,0.6841845739774597,0.3316563482698758,0.22445527802439522
61618,100000,0.260531450224356,0.5510533655972953,0.010272533713349316
58569,100000,0.7438851437503361,0.13485530761071485,0.24916263968205277
59470,100000,0.7167241683754604,0.23187735407147717,0.12361832814996684
65047,100000,0.7576340915917287,0.663103594327429,0.7182768435560511
58166,100000,0.15698423062772213,0.9194677674346997,0.03423486238389742
68527,100000,0.8945077557864063,0.19529723287763337,0.4779176136872612
59673,100000,0.17282320213841817,0.9285545710879528,0.6431641422822215
63831,100000,0.9294927123928087,0.2151140235948625,0.5656009492307501
61977,100000,0.661717632358572,0.8361333087845447,0.1998923101111733
71046,100000,0.31793580292095236,0.5191460300278666,0.3048383635633833
64077,100000,0.8516776223677764,0.43807133738494386,0.11594194220025045
69843,100000,0.30273921743486976,0.15149213473147116,0.6258699931413532
68784,100000,0.5689064863484945,0.02840104779413373,0.36074072391941187
60638,100000,0.1926366560069956,0.09034667769820143,0.6488040211931533
63053,100000,0.6870272859223948,0.9307783900570819,0.9113505793650367
60242,100000,0.9957084897433437,0.1260940608926025,0.7093196855673525
59059,100000,0.2480796851111349,0.5188261698491481,0.2517148628384702
59204,100000,0.5854083631404893,0.9822886072869346,0.9731135221239989
57477,100000,0.04947643196258906,0.2868573969452835,0.5427490058516465
67436,100000,0.65142801029359,0.5647718968050905,0.06881079659756616
62209,100000,0.5121476560527679,0.739837508417622,0.9881620896076633
58634,100000,0.061897142763393066,0.3051994328422697,0.12254046074069318
66894,100000,0.3094083698575307,0.04163753972715718,0.23730929676116086
72478,100000,0.18315192175411277,0.1643197155891057,0.3191445605185275
67015,100000,0.45366483725844414,0.09146346831382897,0.8305454244658778
64939,100000,0.36393884443332425,0.8767643057951584,0.3522791109255625
60554,100000,0.2949463439177325,0.7632149766981526,0.6248971047245965
63806,100000,0.615900155465904,0.8560268048164676,0.7619539686553168
66493,100000,0.5857184356838321,0.703869441065345,0.7004993250547632
67325,100000,0.3651873223328127,0.636563706268752,0.9309939337489646
62290,100000,0.72888908429918,0.9445855795204793,0.764955001723555
63369,100000,0.24519824915913793,0.11437715350622474,0.5331772715450122
67504,100000,0.38862562722264976,0.8598107717557946,0.7251646676922607
60935,100000,0.2460427018851224,0.2589138494233622,0.8160934222043874
71619,100000,0.8567102542116696,0.585513995523943,0.20474033693025664
59058,100000,0.9736267869032873,0.8311907810832175,0.0001558963237141393
67496,100000,0.6324433338812333,0.7321203415038268,0.2826907654103914
73258,100000,0.6630512609633856,0.1353717807653588,0.7643341735137835
74114,100000,0.6669629982936234,0.09013291088316666,0.2631892116099249
66455,100000,0.1255931752596261,0.6301722689027253,0.14290402453982828
65705,100000,0.18018104353652997,0.4902949871380615,0.9276472288337867
59506,100000,0.5527640504816117,0.1495050281565264,0.10053518775556891
64371,100000,0.346754462052678,0.2266515897577338,0.9901690340814522
67096,100000,0.25609651505496667,0.9840362704113429,0.7361656832174108
64198,100000,0.08839987356052476,0.7837346850571101,0.361648659854689
60511,100000,0.5964172613480279,0.35425389424437,0.15818535507257486
59468,100000,0.9011345749772744,0.6809707202507086,0.17445678334707437
75179,100000,0.6692377762678648,0.7790318421857557,0.5867912197372237
75962,100000,0.6995560913887193,0.33083935551225224,0.3865659617633221
72658,100000,0.3074116629211515,0.9676975084923644,0.7960659866932233
65589,100000,0.2442887651138619,0.9736091567711046,0.7168363384315892
65501,100000,0.341297332447496,0.787596871568876,0.27728973430785697
69122,100000,0.2601340232547527,0.8240308191790734,0.6754056097998479
63819,100000,0.7343655449509445,0.3249977467646201,0.07874635071164611
64500,100000,0.4596579188164655,0.8748965436682805,0.5142566264353546
65856,100000,0.6116712211234518,0.6302330776251267,0.5719097189070098
62907,100000,0.6988656074367133,0.27362258800244804,0.2302399392315473
60758,100000,0.41096631395409955,0.43451364363746064,0.8640996635676261
78412,100000,0.8100411487814789,0.12885191960659087,0.6010361251853763
77293,100000,0.06125184809207808,0.7611294597182381,0.4624840374683717
78690,100000,0.14248670616402706,0.7762281003522742,0.17178625487770097
75794,100000,0.06356076955038555,0.8531998917145814,0.8362877751455653
80039,100000,0.8064328129398811,0.9789313887580633,0.9395589872267599
73417,100000,0.07911952288331403,0.2656135076799528,0.8484127585928183
73573,100000,0.7353461761223243,0.5111209531381707,0.3114869359415634
73241,100000,0.11723003682412121,0.2174731716305408,0.10397665018282083
65139,100000,0.16372894192510876,0.027812921602609127,0.11951975146317406
73513,100000,0.25824171281271563,0.44212154199792797,0.9945002163451488
76442,100000,0.3297926660094227,0.8191719568400923,0.2935207701754212
47637,100000,0.5631385410956116,0.0661705618314889,0.490484095065153
69387,100000,0.11648837951027183,0.6308557944523535,0.5800377520255661
65021,100000,0.9726680203107133,0.596120419318326,0.892984496965975
69508,100000,0.4373595783129873,0.3469028195280309,0.2449548738410566
62861,100000,0.48022475020494165,0.3924527784607632,0.38900774133903276
59797,100000,0.41043554633819207,0.9685641986791731,0.5676936674050477
61795,100000,0.2201977436734457,0.5595381197381621,0.5784952169079738
64820,100000,0.06212197464770209,0.8967943549074069,0.42761567869856926
61619,100000,0.16473067049769477,0.040161952760612456,0.31528605177227614
70879,100000,0.6783051578269245,0.011633750254312698,0.23570195385239198
64527,100000,0.9891516385631597,0.9804954248718186,0.3162605752619699
71174,100000,0.19682917505293546,0.9186580464754517,0.14337005998629523
63624,100000,0.7092150776405031,0.25259049254554555,0.6797145671474203
69810,100000,0.11807280068060778,0.04438935872650629,0.4201476829238543
61062,100000,0.2088232297718652,0.05423376160700436,0.23053545821403693
60402,100000,0.09552202485662313,0.5281916048939417,0.28711127899332256
67256,100000,0.7434162654711317,0.8975658042619442,0.545399399518375
62171,100000,0.8246396402523908,0.2008955527013852,0.43133675603846056
63343,100000,0.3500098927065429,0.7847493008003211,0.9568785699461982
65054,100000,0.9668367062758955,0.42465475669082886,0.38515938270091565
65382,100000,0.6126931502613234,0.4654324130245918,0.22314199963742262
65340,100000,0.4507691905072515,0.8163542651717005,0.18991269609276681
64778,100000,0.31811320427554135,0.9558896460673265,0.26172923175968615
65515,100000,0.13805606227865472,0.47859855252856565,0.7014307614492528
63073,100000,0.29576774615243545,0.6657739916151241,0.3094123829781083
66424,100000,0.7412649935525468,0.4994811811062803,0.9249646688695358
65977,100000,0.23285801956367003,0.6750630102049133,0.1313074120272015
76295,100000,0.9070037897453472,0.29983835576642665,0.4377429749357876
59241,100000,0.6856567905030627,0.289023193585574,0.9742330010129785
60606,100000,0.6598440542167588,0.08162872223298763,0.02119387734110485
62617,100000,0.9357821049086643,0.17645755493996956,0.3024716534115121
67416,100000,0.11248790563715337,0.7571134880658926,0.30198601674631875
60780,100000,0.8081201749972661,0.37361009124270617,0.8882845184475153
60143,100000,0.05027551705088004,0.5076211897293635,0.9447206178452309
58321,100000,0.6001975471696087,0.9020230345602285,0.48379133727126183
64195,100000,0.14499674432368825,0.3532280011949572,0.5409760732676258
61091,100000,0.08077014725469099,0.5051608970522572,0.18304236590354486
73237,100000,0.5000552070585098,0.9390685251707895,0.4495911994286832
73656,100000,0.869922532722257,0.511657365943335,0.9704026350470526
78658,100000,0.08495216975495022,0.12542311948491888,0.8736569980401998
62988,100000,0.8487991514053006,0.8452561406097899,0.6290195572416489
65511,100000,0.6090216395685707,0.8097211810001832,0.7829214337192185
64127,100000,0.25753584423939613,0.3323358602430329,0.41642422675935237
65421,100000,0.6763767028391193,0.0037883560888456024,0.625240911514148
66025,100000,0.36320355441124974,0.3213189486405407,0.38832543224349403
63501,100000,0.3685138803181373,0.39847396348823044,0.07364318988961403
65039,100000,0.19643646726770392,0.06810691510204246,0.944244630207465
65557,100000,0.17913379372744795,0.2078032306722585,0.38488423561469354
68301,100000,0.7466936785729578,0.5042754654867333,0.07943307854401956
63625,100000,0.6937321123183348,0.6442461467548972,0.011442556080419107
72665,100000,0.24556280376757766,0.19878073425187262,0.3275308121646414
60482,100000,0.4235920194343704,0.03662659579132646,0.47825206422686695
58782,100000,0.35434843257021253,0.3770531213784505,0.8887159377771383
59957,100000,0.6861590065356826,0.46317553573779036,0.5527554879489399
61861,100000,0.4206858254797568,0.7719245086483357,0.24484824448984233
63674,100000,0.741319382144797,0.3227250671575071,0.2328877938937621
62228,100000,0.7550372389283654,0.23001580404694866,0.4246001394354084
58951,100000,0.9520806058344983,0.8017560557896005,0.6367602531758381
75162,100000,0.5193188934192378,0.6039306344229873,0.8686827694126706
61230,100000,0.5216864176269608,0.30227730435207795,0.7926953884744051
64482,100000,0.18085656378799933,0.9161108434098393,0.38371907711272674
60965,100000,0.340687579871619,0.460787316636754,0.34341095672958327
61715,100000,0.9324993962341521,0.09131587020084056,0.03389530418422654
67521,100000,0.8919720911625122,0.29256242880109806,0.7085057111058126
83507,100000,0.1723406953502633,0.6767416572104984,0.17189228642269813
59590,100000,0.5583920125962712,0.06583911712197892,0.39170031002101313
56469,100000,0.041883184426231145,0.7675906240067597,0.752903747887759
61277,100000,0.3564166727289349,0.1507712863990776,0.47288120565413655
59538,100000,0.6271342404466437,0.9801671663937531,0.1202479140687292
54726,100000,0.7749549488025755,0.505131587928525,0.6754438417407864
65977,100000,0.3625725727796129,0.728601812764015,0.6675280005943396
58010,100000,0.2728467863460862,0.6805697390109204,0.43930162865187977
58216,100000,0.08969110113828788,0.15191420193110225,0.5769546713618444
60033,100000,0.7426072529872703,0.5904026041224187,0.9441745598720384
56206,100000,0.8535677786843398,0.8840484521028146,0.011022445215901004
60246,100000,0.01560224769686847,0.07632410849737775,0.4059736464220409
69018,100000,0.4507089453060637,0.40696766368123893,0.7783100105942085
62594,100000,0.04800931513685159,0.7236680900706239,0.15979993265959666
74156,100000,0.46783293763768796,0.6415599573745658,0.20531808376791522
57256,100000,0.09070249449333498,0.4243047707811946,0.7597242027254439
70653,100000,0.13763196122883217,0.948919997449472,0.7991622447938017
88989,100000,0.3624087049261253,0.1939795349507254,0.48031218061470654
69158,100000,0.6058513288448152,0.32958343613164015,0.5859053980901964
59110,100000,0.8587640452610746,0.8469360096669329,0.8269593483679929
67773,100000,0.4222908612446885,0.02927616916013377,0.007830638203593105
59744,100000,0.08211566027974325,0.26652735277527195,0.5528995766137375
62855,100000,0.5617768372818287,0.2503270318562129,0.24000552168222739
71133,100000,0.27741765359316095,0.4416915834781612,0.5424819185420853
68748,100000,0.8795560359898588,0.796119161655227,0.7128923700404748
88705,100000,0.3351389253332811,0.8912994715537872,0.8227035139844052
87024,100000,0.12161513911158837,0.7771478523828814,0.9591542840329441
85929,100000,0.8319557033078063,0.8027368433551153,0.8580270459676174
74100,100000,0.7025162942333243,0.5206205882900353,0.14162105135341355
61428,100000,0.446183814206396,0.13981374421889842,0.012480382127490476
63456,100000,0.015995352562237407,0.34994698463635615,0.8609131172320805
63320,100000,0.11501833458188665,0.9639296103390637,0.8551134646941279
61949,100000,0.7832080458351751,0.16840849181762635,0.5333108864830093
60738,100000,0.6794523003956768,0.41212347624979623,0.7264063282262324
63695,100000,0.8983597757658875,0.03281805486936916,0.10076514832284184
60188,100000,0.39603079701998906,0.6458668608167855,0.002168496583124902
63418,100000,0.06833190403263081,0.10657638537505017,0.6579376141224127
59777,100000,0.9802763599325772,0.7407776746732719,0.33630950355021194
65810,100000,0.481196744245999,0.7694387986696634,0.7530821663066958
62680,100000,0.06403292458452915,0.49440804218652673,0.2509900812051373
58831,100000,0.37756547721223166,0.07536966774889096,0.6076944302157894
61782,100000,0.8001817004685655,0.15339419021687453,0.3909885104130179
61305,100000,0.8347155551739158,0.2004640913034285,0.8913048646744777
73593,100000,0.23042017217795968,0.18219383117043084,0.8770751926019011
82060,100000,0.4911525082922637,0.8009791976086541,0.3762490640620605
71971,100000,0.5942243673670087,0.5162794579415274,0.12667498791771267
61450,100000,0.2944240087024422,0.8169009973162341,0.17052447097871254
66572,100000,0.8476016554163341,0.015005291103273378,0.045702425396669945
67699,100000,0.8481058730092252,0.023536890777669895,0.7557161750465298
58417,100000,0.24993644149619051,0.379548483026227,0.6521481428009636
61334,100000,0.2908225624690537,0.5875347772526521,0.022763601613329562
64405,100000,0.8205371246440899,0.6583716743409671,0.29956548347616213
65543,100000,0.5109441738661994,0.9814799474304374,0.31182603400467784
62978,100000,0.538340383424243,0.55340785023873,0.5118105771077751
75604,100000,0.22784988678829132,0.25001355822160937,0.3498301356046067
62801,100000,0.7924992478959852,0.32530753895773856,0.08903524820701535
64006,100000,0.5752496127161877,0.009394745155699094,0.8648761105813262
61017,100000,0.4756185820676105,0.8381796671424608,0.8801400316016966
58756,100000,0.8484551217444639,0.7767066293314658,0.2017561822255163
58664,100000,0.19062962941339104,0.3676282024415217,0.4284924203998955
58931,100000,0.3376141874787789,0.7000720739458743,0.8338926566352651
60255,100000,0.16259723145040672,0.21780516525315324,0.11455683414943671
60476,100000,0.01652583203207536,0.847426904875614,0.5723643793819146
56649,100000,0.10009292541859194,0.13903641425513652,0.408376322728161
68563,100000,0.5560511715871506,0.5628600737486508,0.018160970586068154
67332,100000,0.9762374216245436,0.9008868324211157,0.18355451309536722
61997,100000,0.1439898505951161,0.2525178415812914,0.6010828583800232
64566,100000,0.023396447874722538,0.15763461497148443,0.27019058756554065
61930,100000,0.009954897724494096,0.21405552961158342,0.4398116529001234
64704,100000,0.08119945989900702,0.5857956825281538,0.298039004130953
69033,100000,0.9421976557484955,0.31193093256535065,0.9810725221180548
64531,100000,0.9741451274665525,0.9361603845379215,0.409485442317035
62851,100000,0.04204146756551934,0.8578241202106008,0.09271641867465738
72887,100000,0.40612084756095984,0.6680619356599228,0.07120390854931656
84358,100000,0.08467121885000212,0.3912970642833772,0.3830090071706956
67286,100000,0.682034381215714,0.5622295748825291,0.006577829026144289
95545,100000,0.2850013154522484,0.5211068015726665,0.3803961188048769
66681,100000,0.538285547603244,0.9303586033204593,0.5295174606074218
70958,100000,0.3646831048182284,0.6153037297151771,0.8694486439802068
60794,100000,0.9634523893587789,0.10793700084024914,0.7482045511526254
73104,100000,0.9874795725956943,0.7661407543551367,0.06489769281810887
59050,100000,0.12054622895810845,0.2516055127909896,0.43531463056106556
62452,100000,0.24115639165717334,0.6894571475734929,0.1917462764294441
59593,100000,0.11675160342765946,0.33305400411238106,0.7312943582442366
67779,100000,0.01376434015435645,0.36798293999841014,0.5514426515923794
72941,100000,0.3832521492585194,0.19067300878252766,0.8949093782653738
57446,100000,0.2834952843938716,0.7054556005011666,0.02528811965021334
63180,100000,0.04347545392276067,0.7729793366321911,0.5337926374889399
59426,100000,0.8923022220591349,0.6659549300230632,0.9193121946765376
61584,100000,0.8921614789732415,0.369156604084065,0.17524328232041889
59557,100000,0.7073443629194973,0.7488993322732119,0.15241145151908245
59560,100000,0.07254430206494179,0.6111331389249718,0.36777721563346144
69033,100000,0.39950335449222824,0.5281494291865555,0.6843981338442551
68710,100000,0.32876555083967085,0.36244973997570357,0.8274855924549299
64766,100000,0.1338350905736314,0.29999503164116986,0.28529596493416
60416,100000,0.13091261632032927,0.37380514960642586,0.7750819919158761
62633,100000,0.9562389486555283,0.45217072360384913,0.8219784441023262
62239,100000,0.5293134954176094,0.9115312619991548,0.4877936152568899
59294,100000,0.14090792610950018,0.2935291111560534,0.3694560819127439
61739,100000,0.08911135086022119,0.9132610697375726,0.23719869417764358
58638,100000,0.15375066602628884,0.3725058450023595,0.46436451173446963
65817,100000,0.4791113714887392,0.994799304845668,0.8254309727159364
63037,100000,0.6921737724204362,0.6727423443519822,0.5637140987619991
57768,100000,0.7322387868451609,0.53242222698805,0.09222597571960102
66795,100000,0.16963276074233216,0.8533953825791343,0.5858427701049115
62618,100000,0.30751906394196593,0.5755834666253745,0.3697890895052512
70804,100000,0.8495243187304804,0.8023767600644562,0.43309689544782587
59660,100000,0.2806336149083726,0.3764541656710307,0.9554709018990797
64510,100000,0.3255355942873183,0.27341592097267814,0.8283107408722734
59575,100000,0.35316008901265944,0.5014894955127831,0.8850620586173471
68038,100000,0.6694012087837286,0.7787238681766532,0.5317795476937348
62514,100000,0.4804243436020696,0.05902335347863258,0.7745179867263824
57939,100000,0.4845565493256249,0.18287195662652572,0.912057164981612
60737,100000,0.6799242255679729,0.10188446106201453,0.4939264638205696
61899,100000,0.8261527456990092,0.7602489932716852,0.393760205164652
70426,100000,0.11694206649997282,0.14126240262442472,0.5642434529482236
71242,100000,0.5523422632224807,0.014723977312017529,0.15851994587359183
56874,100000,0.9283750147898775,0.46280582998124514,0.7660010671198003
61219,100000,0.9522646114807131,0.5158717299913966,0.04144822001123862
57199,100000,0.7878231123452777,0.23619396927524172,0.6280321795290043
63114,100000,0.36061279393425305,0.12325560402868456,0.09375991352302904
62736,100000,0.25844908893436175,0.8011873029486334,0.3977655228646701
57593,100000,0.3786746935735379,0.12773710461976584,0.34886359855477256
57831,100000,0.12873120945092534,0.786817077946765,0.6443650356621933
59414,100000,0.6008497330893997,0.006450292394250611,0.025150774160984286
61730,100000,0.8310362160750188,0.5772879539302255,0.0911696339018596
58760,100000,0.031977470282858605,0.7482542254426168,0.37801538857883044
57769,100000,0.43439072178149385,0.9993194874031929,0.3214015432555681
63267,100000,0.7624998081178563,0.20168015175693424,0.6681063590378197
58831,100000,0.039246086700109054,0.011766937779357124,0.455638990056302
61106,100000,0.444792014331781,0.9036226394920877,0.7655812520728723
60645,100000,0.4227497621548758,0.8760593348858424,0.25914965917332855
56288,100000,0.7704344352582767,0.640810786532814,0.6205060125071394
58199,100000,0.04820233946452424,0.3000763103934336,0.6431540943382593
54544,100000,0.8524583179100265,0.3246386733128623,0.9478964744437693
67281,100000,0.10144266082580941,0.00047296217838547556,0.2360395758310477
56133,100000,0.8329116709554387,0.0028458024170729076,0.6858550028674194
62773,100000,0.4455232273129386,0.9748736936852289,0.17467596103724728
59663,100000,0.5606826018349536,0.4027355520555384,0.37191875032207183
57419,100000,0.06898966495756768,0.7719113563297563,0.6866405642368145
63670,100000,0.5757330306564612,0.4476251641736699,0.47682837310354004
58120,100000,0.4063891154800802,0.033914241233522664,0.8947591923069423
63623,100000,0.8833452910913401,0.8217412020993093,0.39618000809313925
62440,100000,0.705808444827669,0.2836405798434524,0.5349373106381058
59631,100000,0.9197439701715766,0.3506529179179914,0.015332449225521004
67472,100000,0.022138865402410456,0.09110184967128304,0.7763498344607894
82410,100000,0.3922629689997248,0.40240915257438525,0.9370215093370313
63481,100000,0.3380653159283175,0.4090289875528962,0.7167309167040472
61919,100000,0.614226192988709,0.5498516082790535,0.8080355558591503
67412,100000,0.3626212437377181,0.578957929211571,0.18052835488903807
62947,100000,0.06873843190782027,0.5642365214429863,0.40447879017868466
69256,100000,0.9716310184350753,0.2327343823107404,0.5971918305718452
63328,100000,0.7856834205265015,0.4390295275897473,0.21140416251374597
62295,100000,0.20267838169047356,0.4035707020825655,0.5923689657144956
62389,100000,0.533571797608241,0.9652353592221312,0.4109585617124237
70415,100000,0.8368715383305952,0.4254319597534174,0.13986732237802574
65834,100000,0.17757113405791244,0.08421340997669474,0.13344384740958387
65165,100000,0.7880042636787188,0.524812271353522,0.3961280665052308
58650,100000,0.41759736444179646,0.7291126966049121,0.5857081208459772
62009,100000,0.7216210326039413,0.7446023490022308,0.8924024006124779
58282,100000,0.8094706106778669,0.2492829937741046,0.09478837812356809
62141,100000,0.8348878143382762,0.7918406537172731,0.7518118473520009
63516,100000,0.07014999202984763,0.8048366155435387,0.41842514133968706
72049,100000,0.873595276708952,0.3190392695422108,0.9855090285070363
66905,100000,0.9154226016890047,0.44107287281259266,0.04384830634586147
67682,100000,0.9269499571328097,0.8131116513752321,0.13609744850161679
73777,100000,0.0802363030150651,0.9117130236189234,0.9165832728729597
73668,100000,0.6676104237006638,0.16048132195486858,0.6147264203472639
71341,100000,0.9128847299904491,0.9921974956159064,0.5579452456837798
61461,100000,0.7080769908149317,0.20833860666837517,0.44032885376821457
68755,100000,0.6457563143923822,0.6232414612258736,0.9266407878169751
58366,100000,0.7828421110972514,0.4735008602545597,0.013347057755599252
65311,100000,0.48221887385773105,0.6601950158768671,0.9078185544676798
64310,100000,0.7077597831989011,0.9962283790492605,0.787345130397499
74716,100000,0.0048155345835911465,0.07478853974972195,0.6061429240445978
77099,100000,0.9512649815286366,0.5298525786145395,0.0482139259275718
63199,100000,0.12941376991285172,0.4936923909536137,0.9732743065979079
60743,100000,0.906528161354286,0.07849438093451128,0.8940433818314566
60141,100000,0.24554726115693196,0.772300739390507,0.5727536916991237
58158,100000,0.6747004268277291,0.7806375167184618,0.15639987161965638
60785,100000,0.752060895279471,0.5768921668603572,0.798414044800446
64257,100000,0.2663666679664118,0.9654457421454299,0.8047637447011993
64592,100000,0.9161474707436932,0.4495697512493117,0.9097954105288903
59416,100000,0.20727117169034806,0.2148438106141381,0.45378693596324887
61157,100000,0.6831894097745916,0.01092810280834706,0.6436238706786536
63545,100000,0.3967355289180323,0.2520475829323302,0.4699474102953314
63836,100000,0.7594919289469483,0.6026796055417342,0.9938603984135631
59033,100000,0.8980215025503011,0.35630010352303937,0.04682827409936715
60808,100000,0.5157478058717274,0.5742876820032788,0.23465444210961234
64121,100000,0.9407634553072589,0.9828719277865413,0.49214792825860265
60338,100000,0.03376811261271126,0.9947774087580015,0.491790435462393
64422,100000,0.4510738528083223,0.13478011788289096,0.2688220639089317
61795,100000,0.14865432037282986,0.021990509483117676,0.12162276920497771
59589,100000,0.8497888492823316,0.1633230635655589,0.7842557057394186
60348,100000,0.0706324540158921,0.08449624292614745,0.8801826062745973
57584,100000,0.2860813380147731,0.7069182990100384,0.0262341392976865
70604,100000,0.1330132166329088,0.9287782842569533,0.6982886888015264
79898,100000,0.39188405022660056,0.181028448997158,0.520875264409453
64852,100000,0.07401597675180702,0.955241009075656,0.08867547375313035
58105,100000,0.03148756946573714,0.42115194620524454,0.6391278229302793
65181,100000,0.6152150375673171,0.7129850426389169,0.8371459987677895
62750,100000,0.9588644711237925,0.25077751747024296,0.49890897609681534
69109,100000,0.3422676436053316,0.21072824321295655,0.9798261862083426
61614,100000,0.09632661072365384,0.3860076653650566,0.5093641246530781
62747,100000,0.6794630834993585,0.6296018615846174,0.5836140456151402
66111,100000,0.03582182990494507,0.018731498332088658,0.9650446855736405
56524,100000,0.9966189073284932,0.13495700853439888,0.0692994409925553
64263,100000,0.9053860471593024,0.4117987900507059,0.9125925856375887
60310,100000,0.29023729582870983,0.820983125812342,0.7973026197951618
57909,100000,0.38298596982911653,0.4556878103565535,0.336085441964433
65737,100000,0.029730702513108047,0.7008477391472622,0.015138327950652751
63609,100000,0.5743639601942906,0.34645465283986465,0.08755976473783457
62785,100000,0.02383489107323356,0.05239875072364627,0.8226901532711036
56937,100000,0.624433496514277,0.8586969673899173,0.42306867788816066
61305,100000,0.2045364543386035,0.5159434450120423,0.8337553670680516
63359,100000,0.11707734168160432,0.683662184130496,0.6177442728680014
59035,100000,0.2782607470193583,0.5616580939795074,0.9523791413180126
63613,100000,0.8648501130175209,0.8265166032297199,0.9693937199393627
61320,100000,0.8864297095091778,0.42594524200631795,0.9806246328928114
63595,100000,0.8023754708925843,0.9932276238576474,0.4176336445691039
60089,100000,0.22644949203308093,0.39760058184497366,0.5844988007201278
64566,100000,0.5622143648960137,0.6669668551294893,0.1693112210016912
63389,100000,0.44497508937722347,0.3785220858971223,0.07305655601636002
57096,100000,0.5051245884366204,0.5859505656514726,0.6256522986361981
74464,100000,0.7814031857085624,0.7479689342160324,0.4269668362936717
61166,100000,0.8145726011030989,0.7410908975545273,0.9060586231379397
64688,100000,0.8631769416326096,0.32378912537334803,0.5513269965694607
65999,100000,0.6915232088827791,0.44840596597788457,0.13847642418853112
68661,100000,0.4816937834069375,0.11473786701082403,0.5397048960232262
66032,100000,0.9177634418975791,0.17695803198537008,0.5308037505455188
67186,100000,0.9888698329202124,0.8400926855860028,0.548360035733483
77661,100000,0.6390012780415388,0.17746381263992525,0.16671977004108862
60484,100000,0.3107953244519713,0.5568158693767511,0.31657144745854127
79906,100000,0.34104739517967064,0.9302574743187331,0.10667766854719028
59470,100000,0.8550303282393173,0.24995126302729442,0.6917314325727362
64870,100000,0.5415579864816523,0.29171350013504743,0.5644845150358081
65289,100000,0.8384479041368281,0.8960039244303631,0.8894869797457925
73995,100000,0.9391682996791515,0.3552908054711817,0.3957945068682162
66596,100000,0.2469490571358506,0.9347407493887689,0.10361914657964917
59820,100000,0.09924612284675716,0.6708338160460725,0.6355588853022719
58566,100000,0.4543754461882085,0.33641572130633834,0.39596506946909477
67029,100000,0.44730843155220934,0.07684997553122769,0.47862395136210806
59659,100000,0.9862371975991245,0.7796748812656489,0.1655111454497143
66621,100000,0.40366003160988395,0.13520235466268887,0.19752750840375793
62553,100000,0.03544187289919715,0.9783909617569124,0.5372081822959308
59192,100000,0.1802622894102214,0.8310861309633638,0.5582021797943744
64487,100000,0.6635688402949682,0.2996145180664371,0.5456260408491049
63094,100000,0.6073222136905051,0.9849345894374989,0.4074233109336284
59618,100000,0.28324792923695985,0.6210440229136304,0.7973543881358589
60923,100000,0.9547846417703802,0.4901480745196764,0.3004401082444863
62163,100000,0.8334402910406923,0.8872825808058148,0.3938293411143504
62060,100000,0.59425829647449,0.4524374765309933,0.17664409453536473
61804,100000,0.7427005868538513,0.22493935186628286,0.2854211719065302
63066,100000,0.3283180299759322,0.4941520372017209,0.839297648580064
62303,100000,0.8218926070746231,0.04995881667410731,0.8448488877921813
68113,100000,0.3528700233774847,0.7813294435864517,0.29020497325068284
62299,100000,0.4083328863945046,0.3939979087122642,0.8723593206241012
60099,100000,0.19751499527139296,0.606628636615495,0.8434079488863541
71001,100000,0.4311103745140126,0.6989800741817102,0.5865476007335398
63398,100000,0.3749699104303045,0.8643393372853728,0.6071341462633959
69315,100000,0.44499419599720813,0.7391230853834603,0.9656740766989108
57042,100000,0.7881021266126068,0.5269661451385378,0.971777816885242
59348,100000,0.37311774433745293,0.5908714795533168,0.6811133943274172
60427,100000,0.6945235169463237,0.03212162433893755,0.39160886766295405
62204,100000,0.10367998720185459,0.9199722113945019,0.8312964253924691
66198,100000,0.1210717772973726,0.635874144186557,0.946282596339748
64571,100000,0.5058908371703577,0.10545974914330473,0.6240096234852162
69067,100000,0.4175224088812441,0.9269904083717704,0.9278254413796138
63110,100000,0.22237600085956183,0.9266130969427523,0.0659980988077416
65605,100000,0.6837256661318541,0.5086948663058695,0.43568416966633633
62785,100000,0.176689298291176,0.41992563518952886,0.2035867459262796
66132,100000,0.6258125176605318,0.6943803416702374,0.975356006141843
60356,100000,0.5243081637360307,0.5997509150850943,0.8268072194157331
62080,100000,0.2056464947357031,0.6835289152894026,0.019416509410534254
64360,100000,0.05673182788054418,0.5031151592491514,0.1011252208754887
59657,100000,0.14072167277216255,0.9344154046095705,0.882955284279483
66160,100000,0.9371980189910842,0.14522249035477858,0.2895209408636593
62920,100000,0.07000754507085243,0.4818398515885723,0.7519993865325422
69982,100000,0.39623888105996036,0.14595615435233092,0.1200911885895173
61642,100000,0.7202650899429731,0.1450498808930635,0.9897735876451966
63504,100000,0.6042699343905966,0.5621949674235804,0.1071912020261729
66255,100000,0.7414068427535296,0.3922963250226817,0.865713422540611
60349,100000,0.834339536994371,0.31034118254893406,0.8029040650380214
71792,100000,0.9988304058692737,0.20656405293656227,0.20391214163055016
60292,100000,0.4443575046976329,0.7221419782670622,0.704515163130395
67386,100000,0.13112815560281604,0.8417687114669434,0.13263445724634632
60578,100000,0.2474327584176871,0.4919884782616537,0.9526964694227873
65390,100000,0.7467154462019474,0.20279513620395723,0.06897888366369476
66845,100000,0.10205907712161696,0.2921808275221316,0.2478965143058259
65959,100000,0.2465949553606782,0.5027159575845301,0.9344987240453921
66346,100000,0.30389427622178933,0.0030652026879884084,0.9958780513499265
62619,100000,0.9523636580770076,0.18045347390756264,0.2776667798651
72804,100000,0.4387723905620042,0.59870178786653,0.5699066295654488
62648,100000,0.310139146753606,0.9389926277377499,0.6307771627524705
66413,100000,0.15204437334552334,0.7258769883884653,0.06319765986450997
64349,100000,0.7532509523650234,0.28140605084856996,0.697987360671688
70132,100000,0.5334977281566059,0.42299930737554575,0.3596139147081435
62340,100000,0.335387119884143,0.8897489156280903,0.7150319872571357
68833,100000,0.15548976679714352,0.5732914056913168,0.8008717818053909
63478,100000,0.898296388770797,0.08540752355622623,0.8782511489498712
60352,100000,0.284915091857584,0.8693257785253391,0.7555830882339846
61279,100000,0.7178026368587149,0.7125273223920527,0.25099731418847987
63588,100000,0.11386757271698705,0.9954461715434179,0.37894920950501937
69906,100000,0.6555752330058144,0.09089987552448137,0.39376372082699024
66951,100000,0.9320010957501812,0.015421131778140239,0.6607318167560985
61405,100000,0.6956796054742991,0.07338181852689657,0.36169398547869785
58962,100000,0.6562137932704027,0.3956749109358156,0.7266297875315603
54394,100000,0.6077479235026826,0.1913848169145854,0.2827493286156424
59559,100000,0.2996679924597113,0.3404663493729151,0.24916221492386512
63804,100000,0.3384628878866253,0.389580486591967,0.749477062432629
56602,100000,0.9224999537424713,0.5805787259512677,0.4745072954369058
65822,100000,0.20682013238875585,0.20230675298769177,0.8456665372088182
58216,100000,0.5366235121279416,0.1493144117262026,0.3166081361081492
73505,100000,0.6748624610405911,0.23281265561426936,0.7987753126495841
56843,100000,0.12412204637450437,0.8031571010001578,0.7838029251892331
61866,100000,0.13557703900378296,0.16438353212082707,0.5822647056191401
63493,100000,0.003850935591686869,0.11465301720725753,0.5177732234740863
63473,100000,0.732400990611103,0.1341142061459907,0.1353478523342733
70096,100000,0.5176165691569257,0.5420926685331283,0.3499408318574342
81469,100000,0.4164449670869287,0.6829856091497553,0.003944630589366731
65645,100000,0.582260443537498,0.004915387973617211,0.6475220036331659
60855,100000,0.16046640369900786,0.5001837538381836,0.23498986599194482
60897,100000,0.10431225225999974,0.4355271334473058,0.9597948115620916
63566,100000,0.4770515460611688,0.3999816850701254,0.13052503184089875
61034,100000,0.11274353826720447,0.3153562611798296,0.5537322634209173
85837,100000,0.012337511419363243,0.9060693080239522,0.057072467515766875
76191,100000,0.11034400012160905,0.8323446566787565,0.5489599530292206
60524,100000,0.21291704206230946,0.5315124211900435,0.6687095552696636
60060,100000,0.03666661686046433,0.2776247336404966,0.3295624518882361
61062,100000,0.08714542829573407,0.5591270957606952,0.19552818325836124
59830,100000,0.7038017063886081,0.0004932478990403286,0.192414656941499
72150,100000,0.22736617737482162,0.45775258868280255,0.18435665257332945
62304,100000,0.26716534059874825,0.07178290317827592,0.4427746109911294
61513,100000,0.43229030362754467,0.24901078907584853,0.8759395128762143
65038,100000,0.7495868736540967,0.6852618536930458,0.1756066325479059
71078,100000,0.1413750609582475,0.27092189819939577,0.9265296836945807
62485,100000,0.8674015511123924,0.27768015677374086,0.5541666825679333
62036,100000,0.8596867594660522,0.9221642657933632,0.7262613201598617
60920,100000,0.011429213566152367,0.7627608829159683,0.13132954174197864
56824,100000,0.7785859449746585,0.24214549342410696,0.48715016469153616
59448,100000,0.5327240572265325,0.6860268614003734,0.3000009026171445
59676,100000,0.6940989296575055,0.8090401045367813,0.08178660657610147
58801,100000,0.4598523966343887,0.9590037431961652,0.6738495531682727
68188,100000,0.15952882235018412,0.320697494669464,0.8646495246687581
62492,100000,0.9982212594559985,0.9084761434939975,0.9746103302866755
70928,100000,0.003601321578617599,0.282968751855776,0.5876246754514164
58683,100000,0.9680646106562235,0.8387265936005872,0.8230575933651593
60093,100000,0.5218764016548191,0.8659822801496636,0.7124897940038878
63670,100000,0.6549619251214533,0.27879177395053945,0.8528560354212175
62271,100000,0.6988236720197248,0.17475768899529778,0.7974261073848697
60202,100000,0.019528281499320326,0.8930554642960985,0.46088803262933026
71906,100000,0.3352276756558234,0.26781499580513435,0.7934555311920231
60723,100000,0.17312871916248643,0.18747424711449878,0.718501262525027
75018,100000,0.8235289381121732,0.9116943690807944,0.2637888477108379
68327,100000,0.49614475793941587,0.48654087300927845,0.317477783233144
64948,100000,0.2974423888587219,0.909818794504478,0.4690619505179688
61299,100000,0.5089699382518833,0.1788142214667987,0.06787408146646517
63925,100000,0.573783548943437,0.280370139731879,0.8561124299796073
59829,100000,0.9242533859996243,0.5855567619788289,0.14429346131075693
63875,100000,0.16946726127188455,0.405050825371654,0.6597259511158101
61830,100000,0.457321130626447,0.5655884285958678,0.40261369488332155
69560,100000,0.7582341727156597,0.400903119803129,0.19138254948732195
58110,100000,0.9632092984414552,0.4056518703165073,0.7933624562630944
63432,100000,0.9570564081105554,0.7120244723285338,0.8635469161246333
69007,100000,0.3849846204010982,0.37288662158785735,0.8107113920713095
59932,100000,0.5306491836848322,0.7248709168200469,0.7107560420086676
59567,100000,0.6018518908950052,0.36912247252952896,0.8308879148456514
69625,100000,0.31432087784476753,0.9808008557841327,0.7431982140741636
64503,100000,0.2687186867477263,0.6030325145450356,0.07656763896555448
67520,100000,0.033203358719897234,0.8901465554471953,0.8937072747051588
63520,100000,0.8088438322772992,0.8134472198840997,0.6909559216780747
64462,100000,0.5057510951268941,0.8747717472329792,0.4907328647204044
62608,100000,0.9182128388479007,0.7929945494216946,0.6966084585954294
65026,100000,0.0831852593709112,0.1694622025132736,0.3654325074796669
65853,100000,0.3677106504460182,0.8392183606447806,0.8000500742339867
62560,100000,0.6707410517190096,0.7290539279395797,0.9861083844736869
60076,100000,0.984813298456607,0.420796809639903,0.5007837582820671
62375,100000,0.08551032505460404,0.49506822413473456,0.6215606880391142
60949,100000,0.6190748340508326,0.595981688090087,0.05269185183168078
60922,100000,0.10148357021496225,0.14864524098957252,0.2890870963426113
62723,100000,0.4734864669926592,0.08335274690907736,0.2881935054646537
62620,100000,0.22386976259890912,0.9753533089822979,0.764848350295131
67480,100000,0.3633088467302212,0.709763389833203,0.39608186199583034
63775,100000,0.28351375019426006,0.44517502185466873,0.7000485109981065
66664,100000,0.952054936865344,0.6659148809558457,0.04197971165151571
62244,100000,0.10507300682128985,0.47276400920676626,0.7361346194642175
65488,100000,0.039641941617321104,0.7932199206517874,0.4039428233519772
68249,100000,0.3852095634750735,0.9373269329774692,0.27621109487144674
66225,100000,0.14763865010490185,0.8284084103847281,0.6999514178950467
66244,100000,0.6284481689922544,0.5972969575061294,0.46659786226411126
58915,100000,0.27784263643673174,0.9240015580207467,0.6515227763300526
59887,100000,0.6173312893702634,0.9643769307550297,0.4315196865198429
65390,100000,0.9657521835797918,0.9473339919842414,0.9159856007553081
62601,100000,0.3476484322867796,0.9226953332232289,0.0458606738528589
64077,100000,0.12429102335584154,0.1629226428091464,0.9483551755478147
71485,100000,0.8622160606265371,0.06308125168985484,0.6603115776370967
81099,100000,0.32683115510792715,0.2837345012506953,0.536786527435065
68782,100000,0.22937820792205518,0.4747148490161831,0.8929030816502509
64603,100000,0.2264743830366852,0.8182720789081788,0.7030721100436136
64481,100000,0.16352815768073597,0.8324814252576407,0.425431545408282
65961,100000,0.9130054652637042,0.3248366597510241,0.4201786428053098
74189,100000,0.9812021281297999,0.5307683134113745,0.9447893753252771
65372,100000,0.1830735241498014,0.6639481780734678,0.8532781586118708
75208,100000,0.822722613828775,0.3687236244174986,0.3169535837458443
68412,100000,0.08690937875592501,0.34260872627891037,0.8911294598664775
65330,100000,0.9636019872145437,0.8470056091957209,0.5711535839555235
75873,100000,0.5189409489943007,0.54422575624097,0.06369970839617628
69050,100000,0.2656889599332846,0.21877062573982198,0.016442473775330032
63550,100000,0.8964497956675082,0.9775029895173648,0.6421157446845781
65523,100000,0.36255686327359865,0.893390603638956,0.8052393950392678
59786,100000,0.3643819481998574,0.7924842692927841,0.43618589425898374
80744,100000,0.3594763027509065,0.41769969017444963,0.3355226878316916
65892,100000,0.4944485735531529,0.8438514215662382,0.3072125293881902
62186,100000,0.9686388703360042,0.3230644737035701,0.30058497212908364
60149,100000,0.298285798260746,0.8466568136228723,0.7193234323109995
68111,100000,0.49223638839333544,0.1143308381737282,0.5690386272637036
74549,100000,0.15593738986412295,0.5876689103722612,0.2247214659200538
67990,100000,0.8389905110019891,0.5422195753617524,0.8784320475096027
69787,100000,0.025033442302062753,0.7554260300355778,0.8343702411552597
66668,100000,0.6745062706050395,0.21474665711863347,0.1560013948144294
62447,100000,0.9592552343053761,0.935396344995457,0.2136180407324132
67996,100000,0.7910225332964592,0.41869829780597534,0.7555997819331495
67269,100000,0.5973954412189441,0.6202264282816708,0.5234803704931925
66719,100000,0.5193647237591225,0.8546822651341005,0.491395373658417
62244,100000,0.7281974938880714,0.5934572659013452,0.8018190851269471
68383,100000,0.9501949001646486,0.6296111177070014,0.34212565571189874
62716,100000,0.5874268129526826,0.9160459636480481,0.04822913201556108
68164,100000,0.022992570433759314,0.9198859919308607,0.7555441565817747
69824,100000,0.2582496958093395,0.5413553491405708,0.9662100060633082
64178,100000,0.1515768864494035,0.2560090121906592,0.22363395610149267
73881,100000,0.7077499790997692,0.889462971554023,0.9744361481346698
56094,100000,0.7178057994289979,0.5304251473458069,0.8737227150073847
75920,100000,0.21660428320212402,0.034596093667462816,0.23659979170146886
60145,100000,0.9652735972318273,0.6684302291295541,0.6088869386226056
60912,100000,0.8112714932897578,0.9635736634485207,0.16885015456328425
67544,100000,0.09941346746748471,0.21333941646632365,0.15484666727629046
72383,100000,0.4173911798022089,0.7944079040094821,0.43374271551960797
65459,100000,0.4579878276496538,0.6330289076781928,0.8900366641031142
63875,100000,0.1604990639124442,0.8925860315350165,0.8646738023149526
75925,100000,0.6568034968315007,0.5457907190826914,0.21827132442360184
61862,100000,0.6021168298687527,0.5062117298128588,0.250368241022518
74926,100000,0.36840491085376925,0.120389553940574,0.9831671905831683
59848,100000,0.4386132006542023,0.8145690166775192,0.1968170658034276
74972,100000,0.6087535412766085,0.9056476301257805,0.03328194969894922
58382,100000,0.038768010734205875,0.5001793642083379,0.6907826104145288
68574,100000,0.8657809462812567,0.7103207713437402,0.7794566051824111
57172,100000,0.917808350705651,0.7942743828221682,0.15964128417981865
60307,100000,0.6391006705588984,0.5656367891026594,0.1890954212448177
60562,100000,0.7284917476313684,0.6579042211470526,0.03993555610598116
62670,100000,0.34010141818496975,0.7639473364106624,0.7266815273111045
70014,100000,0.4383508868322879,0.9029876774433027,0.3038391972844627
67558,100000,0.1563036660440008,0.4735261754181321,0.37125906276631143
66673,100000,0.5267052468138587,0.13766021314989857,0.3584734565536038
69896,100000,0.08306733664038495,0.21363843821174583,0.7971917688904488
60616,100000,0.8718317144980687,0.8053667395190387,0.21885691489248574
71013,100000,0.40573473482742145,0.820645634790916,0.006185830838334178
62795,100000,0.23742707642392816,0.7873177796090197,0.8403810386790243
60513,100000,0.726429810602258,0.6049302071701805,0.13358004027005196
65276,100000,0.7561115768601026,0.8006440810908882,0.943599680770343
75928,100000,0.02192390339852501,0.18181477841456445,0.8620607658635011
62370,100000,0.24800313813963193,0.7631776167137486,0.5418190608477617
68985,100000,0.0870643756645885,0.42341937085196746,0.012656960473495685
74992,100000,0.10224965430712395,0.5142906493558999,0.3967228757531871
64427,100000,0.45906355231084517,0.3313510259054723,0.19468390723710796
58654,100000,0.029794855567205063,0.7716109446116186,0.9101737145901136
70224,100000,0.8479712228913068,0.17668495013276242,0.4259071914169437
62702,100000,0.3815675972218037,0.6910839838833985,0.5152351593823962
65549,100000,0.23412581173723576,0.6062851940199849,0.03184192798311914
67088,100000,0.9404681064456717,0.8169852064947746,0.7556576508550727
65704,100000,0.8450114902100687,0.17603642708318393,0.0765789803118943
65147,100000,0.1161596778019275,0.7384319704504372,0.8466741954683514
61498,100000,0.5075326966993194,0.3663983777504751,0.047967440327683485
63677,100000,0.2475031935923974,0.5257834090150513,0.12073203714007467
73012,100000,0.839598214765796,0.943289030978276,0.44455489974955176
62629,100000,0.4251221598005859,0.26931888138025745,0.19022186362708793
60057,100000,0.6340729021075755,0.3529256132492006,0.24766218991330546
65261,100000,0.5932221668696963,0.1425870163022153,0.7353942503520985
61851,100000,0.018979685793892778,0.7388516490948451,0.5421631200384107
59821,100000,0.26079235042448834,0.693161870525042,0.45199708903543223
66783,100000,0.14180467704929203,0.7556174890849551,0.5517513996699173
65343,100000,0.9695496904774971,0.8717614966413458,0.8416656026254615
64307,100000,0.5017476833199803,0.038096089629489904,0.18714979863936176
64130,100000,0.8896620759117674,0.9206680783465859,0.3315988195241892
58389,100000,0.7918319573493718,0.18490428791097172,0.6537522350147251
74087,100000,0.6469516024890318,0.3844305604448011,0.8628011164072829
65568,100000,0.8101551694886049,0.6893358203018374,0.2935130589280563
62445,100000,0.8641596635793938,0.3072966610564367,0.8280763884699688
61522,100000,0.6578374393379877,0.9941711618697656,0.41705650910883524
60856,100000,0.05079386908312702,0.8436425867011763,0.8054287810412231
58005,100000,0.7302320586329089,0.5485269385177369,0.683274636119453
69454,100000,0.9042299977401754,0.3368387942128674,0.3203073604634402
65684,100000,0.9863340510647943,0.3304463588749208,0.24619024486647131
77465,100000,0.8392870425410666,0.5808932156475282,0.7415884454930094
62062,100000,0.32863360406006675,0.7286628216197714,0.0032271963201331226
59411,100000,0.12358101272208545,0.6962942631081213,0.2864499429065199
65862,100000,0.01737852035862465,0.059338183838521755,0.43062408572129
65534,100000,0.9113419741031265,0.41407593616268606,0.8103937928474029
67082,100000,0.7834339239310868,0.7961380671646933,0.8043429134546567
57949,100000,0.49977316604080885,0.5387576409402374,0.1798961789977902
62155,100000,0.25149364022989745,0.7444980923043238,0.06744828186537334
63048,100000,0.42982889516171113,0.9753383985457326,0.6289000505133522
61210,100000,0.44749167246144295,0.9510315991604843,0.2538943144717975
70091,100000,0.39789544611580635,0.01294005739295198,0.1740190587236852
63485,100000,0.560494408754741,0.7634191866116273,0.9486398179183065
66485,100000,0.1510256521165139,0.5160981732190194,0.20337164670762695
65488,100000,0.8247033442636446,0.3442261778753859,0.8893053775509118
76838,100000,0.7937173370786683,0.534146121596919,0.5483562759834572
82494,100000,0.5037585523799553,0.2967875428806407,0.7418807059594025
72016,100000,0.40367762313025857,0.3212710047964154,0.5152029211622597
63264,100000,0.08393701007264529,0.8490692418476111,0.5712265747250133
67670,100000,0.027274206361177087,0.8555569881268205,0.08274995885268238
67062,100000,0.1429332571548172,0.8339668511562074,0.5409664901866631
73303,100000,0.900720246513881,0.2804321787166455,0.06678674057126158
76584,100000,0.6861337406714465,0.5550235779722905,0.32103500996234036
70265,100000,0.5409818325429341,0.2590883325114687,0.5243959455444606
60149,100000,0.9061224730244074,0.7884688882701077,0.06741348513942325
65664,100000,0.9016831315382426,0.17433515311519887,0.5294338759254686
75139,100000,0.7145996421376191,0.43276293716854947,0.12346285909201789
68382,100000,0.8882401346099483,0.04286269352002787,0.2283595376019246
79763,100000,0.53216964103246,0.981311623203914,0.13545565547145455
66577,100000,0.7150835125983243,0.6609614894666445,0.10801053780377848
79064,100000,0.4219836696311474,0.7414417123600601,0.036342001038590976
85560,100000,0.8582205906672861,0.36463041431286775,0.5357256040000185
61392,100000,0.46789045972793275,0.9513420355038534,0.21349659882369698
63589,100000,0.9780820859870222,0.9300535640038753,0.9744487122341502
65504,100000,0.9648238466581761,0.22134253255998287,0.7165577733683047
65102,100000,0.9264009717928419,0.9786314528048142,0.3108218591504409
65010,100000,0.03927542068635791,0.08780638710306791,0.7140354094199939
60947,100000,0.27682222163272985,0.1793123747921358,0.8632838462845313
65307,100000,0.32538984588690345,0.025856410943451057,0.6135980264155257
61795,100000,0.08177938151973123,0.905656674571738,0.05353021634141541
61720,100000,0.5097648061741148,0.0018475307759698407,0.2536935419216932
80601,100000,0.5473707929624803,0.41068988804965884,0.21849143185017203
67498,100000,0.3174173149016576,0.7273730351120653,0.008898558717114917
60427,100000,0.7321424271827098,0.23614229871979456,0.5771336636730935
65960,100000,0.48220718302108745,0.6688480555958758,0.7820387821361283
61605,100000,0.9502854815634213,0.27658198035117926,0.704139618572527
66943,100000,0.5686300832617347,0.2752032666557136,0.5547239425044151
59943,100000,0.046896999291389574,0.19984314703015127,0.3888690587837639
67555,100000,0.12547255916332686,0.9868049111354495,0.9096185161784384
62548,100000,0.8007010921789879,0.614692569174264,0.24689158911886075
58676,100000,0.49269992691992953,0.2025272576827634,0.6282539796242459
58566,100000,0.7279215570661536,0.9991641378740566,0.6288083668812473
61377,100000,0.9308702435785983,0.9231978796659166,0.7986892388631475
61569,100000,0.7062893477645809,0.0283602540179019,0.17222003713047718
64547,100000,0.9415451659263757,0.20549626387653291,0.06311799029630087
68790,100000,0.9144527879353818,0.17034696077420014,0.017780306130776316
65771,100000,0.6060830869275247,0.5983854562219958,0.45282370816415835
80489,100000,0.16916344947357873,0.33143369355426233,0.13784273450532286
77403,100000,0.44582879334565423,0.9254091183930843,0.8500077063217397
64954,100000,0.8452986963886429,0.6409466439682135,0.988531480559394
72584,100000,0.8380097242645811,0.27834132066837397,0.476139216736887
66892,100000,0.39896131395047824,0.6914167195607661,0.3032752461344243
59423,100000,0.13682018312117042,0.17265814838404986,0.9622303807135117
62994,100000,0.9233383653445897,0.8757082795799416,0.12110804203075604
71603,100000,0.3476651796447156,0.37020494590411235,0.267435648049023
62888,100000,0.822774611675973,0.8694709239740968,0.7860585381799651
71959,100000,0.25705705755623254,0.09407953828351298,0.6129590092164671
86614,100000,0.43179601740810764,0.4664351784618945,0.08247049320544193
69483,100000,0.42720029846203617,0.07554522451185829,0.13363333476272657
73131,100000,0.6513825290162799,0.8875228114456819,0.9969045425277606
72604,100000,0.5802183995249396,0.3819146816142183,0.5663852258350403
61867,100000,0.5872779738715577,0.38539475984441496,0.4937346611140561
61836,100000,0.7795691667893946,0.3213388945578093,0.604144942529971
58159,100000,0.11758064521050991,0.912982542201815,0.739833656787669
64855,100000,0.6589517238646415,0.9538295402390715,0.948971666213138
60620,100000,0.839119438366892,0.2816426424001832,0.4946770057370494
61013,100000,0.9498436678198315,0.29737883547129784,0.5395819343584424
60552,100000,0.6477498961391394,0.22377828030979258,0.9178527998591186
57999,100000,0.8152301467954026,0.1136024896248668,0.46105315663998897
58686,100000,0.968011848919244,0.3094608563843003,0.6088342452964123
62105,100000,0.06420623121900824,0.6171325720578111,0.778708185656883
61769,100000,0.523295762492057,0.46527931096988284,0.5442656985264183
74695,100000,0.5128484016221506,0.5542043061972415,0.5005618814387771
74729,100000,0.30132344413193696,0.6932393433277663,0.7560182344216528
65954,100000,0.2492360800648424,0.7776602671710978,0.3615943505260796
70439,100000,0.1509412128698355,0.15998328084281424,0.15504621007823519
61965,100000,0.5654312336585929,0.23505308503291025,0.9751667260141739
71042,100000,0.8180271440120631,0.7441310384999971,0.41236628891027216
65057,100000,0.3680292610670129,0.36341020591929024,0.9423307971353607
59825,100000,0.8682087261530096,0.10903631830950043,0.5712667799603762
67964,100000,0.47205998532337967,0.38646179863356955,0.5319191499598229
63070,100000,0.036516065289023444,0.5846856095867746,0.6355159417918936
65882,100000,0.35048784508431746,0.1571081051817722,0.7693156243411586
62947,100000,0.5815639373478894,0.49532468248583894,0.5210017568080132
65818,100000,0.8107498626230426,0.18688984598482142,0.0481780083420393
82111,100000,0.1687135301782981,0.5256108166864782,0.9743116152126469
73614,100000,0.8712682115455714,0.06768898277774636,0.9180839843064199
64265,100000,0.4248055101155992,0.1897807267052969,0.2789036440783831
59285,100000,0.08516888542715008,0.9932364571188552,0.453972787850784
65987,100000,0.5473015282535375,0.1017812080310821,0.20236858442343997
72824,100000,0.07634085383049066,0.6302422730628247,0.05669381286259097
69417,100000,0.9972599735200915,0.9723726557194367,0.39799008199314495
73418,100000,0.13585294630129469,0.5961934843777468,0.847479344067994
69204,100000,0.8314697975654096,0.29711152389356266,0.7465395786396466
66029,100000,0.5025221149087273,0.8143715544910063,0.27232998990642404
65464,100000,0.47119612206992234,0.6227674895968579,0.1665630047869245
65424,100000,0.7057642068518163,0.6846841774544594,0.6721643710608102
62923,100000,0.4727788609469856,0.7513086118212173,0.5959038457265539
67867,100000,0.9496884831450841,0.3735740452866997,0.6565247058347893
62909,100000,0.5313412239174851,0.8989563125680816,0.8923365389794424
63720,100000,0.8667268747189492,0.4187846943419865,0.04589558546732164
65680,100000,0.38124793510263977,0.4367039946702649,0.260278399074462
57939,100000,0.05787565777038477,0.09554641415675841,0.981575294593888
57741,100000,0.2739775634187543,0.5677948176993741,0.21445895782603233
67522,100000,0.014917749411469472,0.45510953921069963,0.43941622584627804
58680,100000,0.18345495253671415,0.9229744838235014,0.17376138583164086
64416,100000,0.6162916166610588,0.6018839386722925,0.11074837308405043
71604,100000,0.9275443323840452,0.7393399889488534,0.717741541677833
61351,100000,0.7599014892508028,0.5539819051263246,0.8594789053440882
72952,100000,0.6653650084240348,0.6037760980906307,0.5068388567116393
64597,100000,0.5875446664171711,0.22919318609644232,0.2140829549861699
63817,100000,0.5055014533735572,0.5481099067403324,0.2819860907729249
68853,100000,0.2820259135129476,0.6215393203393429,0.09164495142326237
65355,100000,0.8679565552045064,0.8970462770590295,0.3554576176403485
64623,100000,0.8403907951387208,0.04922397730192679,0.33051939604623753
65763,100000,0.03206104897486653,0.358665613224491,0.23807268445679317
65565,100000,0.13917585043261252,0.09614651107748338,0.8871207638100624
63885,100000,0.7117123254839465,0.8215785537807868,0.05874442461926681
66096,100000,0.5187529062882638,0.4826272404852345,0.48436487249810517
63795,100000,0.22126906376545336,0.4486238627899984,0.1637425268802334
65154,100000,0.23824852842446398,0.5087256853653082,0.4049407245785104
73276,100000,0.3949332189327776,0.9904120918747326,0.0036559045941863535
58865,100000,0.4135868768374303,0.9625804551394832,0.1540593847345066
69771,100000,0.4888774996758016,0.1405845680233241,0.38115902780143224
66461,100000,0.35150127393618064,0.7804927902073803,0.6512609369914738
68946,100000,0.3317560510269006,0.6262395357325528,0.8164616512601983
70606,100000,0.2221167288498047,0.08955467601087283,0.9600405140745376
70787,100000,0.25473442530036716,0.7508357762295055,0.7310451191447863
70303,100000,0.121158706017627,0.6893923116339347,0.6181270144559512
62805,100000,0.4976640452577723,0.34829340491407973,0.672584203840352
61419,100000,0.36536761869261103,0.6926488686360547,0.9549911962603511
65302,100000,0.024297091163303655,0.4157262556148291,0.09290214852933679
58473,100000,0.14887194677104257,0.6242257187905783,0.06042879073344348
66747,100000,0.7136007412552777,0.2337214432851132,0.9827355365524838
73488,100000,0.7875419863139316,0.7761736040636217,0.7537877380039353
64932,100000,0.5459148006062041,0.32191150332841545,0.4611558470009924
64275,100000,0.8451740096576421,0.9467611659410767,0.4304322524829022
65462,100000,0.5229450332120409,0.6276719790562524,0.10056026908363076
80089,100000,0.5881636361979832,0.6321774504271879,0.9013723725641833
89823,100000,0.15994654155041546,0.9953519782747894,0.9144242195136972
85859,100000,0.9579339440571006,0.6436216709371253,0.05616251136461341
87242,100000,0.4757255107435486,0.6553022705143137,0.44619986645786824
62516,100000,0.7124516483650005,0.26572966763410605,0.2494748389560129
62741,100000,0.02486793996020162,0.7516582418202068,0.669402960691947
66296,100000,0.5228364382684525,0.08950364525389384,0.1012061755003822
63451,100000,0.1168327791030147,0.6635718343082935,0.608720027183295
65042,100000,0.984819183331615,0.5495902858797138,0.08923514513305329
62321,100000,0.9608948475745467,0.8270838644813826,0.7032562910581924
66515,100000,0.93727136891466,0.015898420711822726,0.36614102297024426
57052,100000,0.9020621804467773,0.873640547982017,0.09159225011886907
64563,100000,0.5832957646544694,0.828038200727669,0.8638236816475531
69729,100000,0.7972360729921392,0.15483359754574472,0.7742672709608299
69811,100000,0.5320475423002236,0.5947079870981411,0.5482505333182419
61626,100000,0.7616688721184999,0.6840035618552303,0.8778405886985358
60973,100000,0.6041393299680422,0.4306377111367831,0.08124373239201163
61169,100000,0.17202924263842936,0.14823737784057006,0.16029434452011618
61802,100000,0.8997236865080301,0.1756137696616652,0.37823005491801903
59003,100000,0.4433864505464558,0.8021572436017786,0.9963366162628392
62795,100000,0.4955494976468467,0.06808848086881067,0.8806108175804832
63487,100000,0.340266553736385,0.30376884619472394,0.6442873417418298
63051,100000,0.02613356555372581,0.031684898758438745,0.30523342743247905
68457,100000,0.06425061044603952,0.3215192601105507,0.9021252624913405
59236,100000,0.48772109498667054,0.6976781730668349,0.7975299099491886
64396,100000,0.9674697574256045,0.9377247249446816,0.049913982059599515
65019,100000,0.5482677001551323,0.06696858047371981,0.9746134390965565
63876,100000,0.6452069916803479,0.7742750251909143,0.978730615605432
69036,100000,0.7276241614480111,0.810388181910891,0.6030752635668964
63232,100000,0.5021848016890189,0.6547670887459914,0.27127388228737515
88273,100000,0.5909652572526437,0.8639743087378113,0.9536935585399653
70184,100000,0.26471467474256916,0.7981195244892882,0.029560943471044973
62058,100000,0.1500765931482081,0.03641044537203635,0.18808984859685185
61280,100000,0.18939849129781228,0.8438080451197443,0.3000181189580063
61363,100000,0.8535476554671713,0.6375423543842378,0.26703629451774524
60887,100000,0.9309805401102039,0.6027118112705456,0.17113231598253567
63482,100000,0.3999634358453075,0.3514769622319101,0.09275007565792913
68720,100000,0.8372271436748285,0.7467923262534031,0.8390747425739896
63868,100000,0.14116009753348732,0.6826828473866496,0.037685652180831836
61158,100000,0.8858830350454372,0.39550186866238973,0.6299735705171751
66322,100000,0.6371981926632939,0.40025847770891193,0.9933257723555672
62871,100000,0.9342501685854869,0.5605203239035976,0.1425534538860829
84882,100000,0.478985469717245,0.8218175538467637,0.37607510579197023
59663,100000,0.28242305208637564,0.15655712412519587,0.214364544650467
70389,100000,0.4438642611788864,0.1504578126915192,0.7533953098621007
59498,100000,0.9560642076486855,0.9312490228767314,0.8119981341655392
69716,100000,0.25203164200499306,0.9124620593886957,0.6815596366098129
61073,100000,0.42749866707748063,0.13823595853541615,0.4625469037323311
70633,100000,0.22826351228768763,0.788488702933392,0.6916199721914136
77425,100000,0.997437765759981,0.6057718515261317,0.9324900986337036
70209,100000,0.458602507780753,0.7095390500102501,0.3966807124000221
71706,100000,0.41897843721716127,0.712931008688632,0.8199933062961513
65457,100000,0.3035583139120592,0.3694370708907989,0.2233662663194366
68133,100000,0.1722067222104892,0.4344017278168307,0.5858432142228951
86499,100000,0.7405754431537678,0.7125517328562531,0.9708363414054755
84769,100000,0.8450301676512926,0.7069689299684743,0.5305402138413728
82728,100000,0.5570485896734909,0.25499181775427004,0.7350811793188509
71672,100000,0.5900573529449896,0.5178753172665488,0.5831063109695102
67131,100000,0.4652588914162199,0.43205278745333986,0.3155303089803461
75257,100000,0.6130681648571604,0.6276434768754552,0.30479275527392163
58053,100000,0.20381284146268133,0.5899745583355591,0.7225959361693541
66372,100000,0.398576203884377,0.9531391795655417,0.6531663336002946
62031,100000,0.3604446574872841,0.8616794458298278,0.5379227464453699
61070,100000,0.5622472164187323,0.13992411239688451,0.1345435153665766
70362,100000,0.7078207451713486,0.5406288977835298,0.05938926427017921
60701,100000,0.7134248490208178,0.5754416912088411,0.05500708473421024
64847,100000,0.435917264034238,0.04100005854568778,0.6320015763159942
