elapsed.ps,repeats.n,param.x.float,param.y.float
69692,100000,-9.7076354716955e+307,3.3666532958138576e+307
69226,100000,-1.727345123157804e+308,-1.7783406040055955e+308
68791,100000,1.6337283070309162e+308,-1.1885091268088526e+308
69034,100000,1.1731522999511632e+308,-3.9226695635173977e+307
68749,100000,-1.5003597057426223e+308,4.711432227416165e+307
68766,100000,-1.2505964281116027e+308,7.77592537458745e+307
69155,100000,6.698333182760382e+307,-8.44001525419127e+307
69010,100000,1.4727462973265353e+308,1.4317016680737227e+308
69280,100000,-1.5159094277493259e+308,2.4388606428969324e+307
68636,100000,-8.99808354618805e+307,5.814132890867434e+307
69213,100000,-1.589771059893866e+307,-1.5089960470680484e+308
69296,100000,5.286688096610359e+307,7.712548574465552e+307
69714,100000,1.1800514876946354e+308,-1.6665070296788054e+307
68608,100000,-1.1504140176937696e+308,-1.4413823220503834e+308
67702,100000,1.8559746419723983e+307,9.144164585485556e+307
69139,100000,9.5721210709444e+307,1.4269336320797748e+308
69470,100000,9.415748270385918e+307,-1.5841319557210213e+308
68222,100000,-3.255920564119944e+307,1.232585643655215e+308
69893,100000,-2.6309486023409645e+307,1.2160590233549813e+308
69648,100000,-5.171519835315541e+307,-1.2126729102640757e+308
69956,100000,-7.433434582787847e+307,4.326484622433026e+307
69472,100000,-9.085341417554084e+307,-6.503557667355037e+307
69347,100000,-1.046946448438375e+308,1.2421994333600034e+308
69242,100000,-1.3117096266125997e+308,-7.825476763807643e+307
69255,100000,1.7355268378958638e+308,9.373295762726319e+307
69337,100000,3.206124763983057e+307,2.809975160955181e+307
69374,100000,-1.0189182969363551e+308,-1.0963431997198093e+306
70167,100000,-5.353894200621577e+307,-1.4252205159393157e+308
68556,100000,1.6130755143338366e+308,-1.4992664759171565e+308
68899,100000,1.7326863321667235e+308,7.816256800075686e+307
69161,100000,-5.552915094187921e+307,2.6027891200546903e+307
68375,100000,-4.0291511895874164e+307,2.355259418968319e+307
68872,100000,3.0980854006407034e+306,3.4818173754751484e+307
69935,100000,1.6598259832894865e+308,-1.7571611521109922e+308
69361,100000,-4.522525479874928e+307,8.76362166020613e+307
69279,100000,7.581388616291235e+306,-1.367674065140546e+308
69004,100000,2.3389873179172406e+307,-6.267198165309219e+306
68547,100000,5.337511419429518e+307,-7.342643048423082e+307
69221,100000,7.040743824741406e+307,-2.993772500144727e+306
69066,100000,-2.2461661895942134e+307,-1.5894029810761754e+308
69330,100000,2.1389947665496672e+307,-6.373441118243543e+307
69139,100000,-5.830563217850218e+307,-9.57642391920679e+307
68852,100000,-1.0611871957861729e+308,-1.5593997604212893e+308
69355,100000,7.989818596396587e+306,1.4057486191292882e+308
69279,100000,1.7676884449367534e+308,-3.56830664946083e+307
69444,100000,1.241655626110131e+308,-7.365173600996215e+307
69166,100000,-1.7272154033109027e+308,-1.2574885272612094e+308
69572,100000,1.7124264212145842e+308,-1.3868553366368085e+308
69768,100000,1.29343275358565e+308,-1.429307462904147e+308
68636,100000,5.116234915415782e+307,1.3742342158899853e+308
68046,100000,-1.4502455395340717e+308,1.7691097845231474e+308
69226,100000,-5.698660922746403e+307,-3.175272150046391e+306
70043,100000,9.387977838991882e+306,-6.28400588553078e+307
68181,100000,1.0765965824768432e+308,1.327841527697841e+308
68788,100000,9.879469644742136e+307,-1.6970644980723066e+308
69108,100000,6.199135820523453e+307,-1.189999772212163e+308
69290,100000,-1.2708620744596373e+308,1.602124539188546e+308
69184,100000,-4.2104286103378365e+306,-1.4232326278511977e+308
69905,100000,-1.0446369654493759e+308,2.521639296045402e+307
69330,100000,7.848918746230647e+307,-8.227238127847688e+307
69027,100000,3.425921694592118e+307,1.610663245397359e+308
69072,100000,7.229207162112299e+307,1.448395005226978e+306
69344,100000,3.8700489606051424e+307,5.535304142040236e+307
69079,100000,-6.121997545791792e+307,4.737127365682654e+307
68871,100000,-1.6901585400127405e+307,1.4001499404930516e+306
69089,100000,-1.7102449851597106e+308,1.7824176463811286e+308
69804,100000,1.5612948711186947e+308,1.9190962004614794e+307
69439,100000,1.6829180722394464e+308,5.457177190852776e+307
69259,100000,-1.315989578457839e+308,4.663520680745964e+307
69507,100000,1.6784308259630572e+308,2.081777604783853e+307
69211,100000,-1.193025670467834e+308,1.2699462429286437e+308
69283,100000,-1.1226011975328442e+308,1.4616621764026314e+308
69300,100000,1.5073582752984373e+308,1.0446339498449042e+308
69430,100000,-3.5845555609701505e+307,1.0954754551667436e+308
69175,100000,1.3293851950139479e+308,1.4004778519360957e+307
69687,100000,-1.2199209460928613e+308,1.255281717742904e+308
69361,100000,1.7176551889798485e+308,1.4711729043140607e+308
68994,100000,-2.388721342264129e+307,1.1278260016862076e+308
69423,100000,-1.092645679186244e+308,7.791049231984e+306
69842,100000,-2.5313494358509745e+307,4.0506262894821734e+307
69208,100000,1.5468564606968125e+308,1.4473941768641451e+308
68784,100000,-9.672217140763802e+307,-1.483135413577214e+308
69144,100000,-1.437127695636853e+308,6.749800598321418e+306
68839,100000,7.11494581794796e+307,3.448263523389004e+307
69284,100000,-9.047634202748005e+306,-1.7409349908021161e+308
69535,100000,1.5388866901796435e+308,1.166824285516352e+308
69305,100000,-5.487915177638719e+307,-2.1602269576267459e+307
69035,100000,9.97523066200623e+307,9.091524275339545e+306
69189,100000,6.962556701008838e+307,4.598576669783578e+307
70035,100000,6.874991816506333e+307,-1.4177886105582114e+308
69378,100000,8.935762134237171e+307,-8.336568804928733e+307
69318,100000,1.0591387167308831e+308,-1.100988931185642e+308
69367,100000,1.5367566825979551e+308,-1.2189760406824459e+308
69864,100000,-4.803652656452794e+307,5.488245818509188e+307
69829,100000,1.5078109773966718e+308,2.6155161024423884e+307
69398,100000,-1.5842558652772227e+308,5.263082211980122e+307
69039,100000,1.4165479278565486e+308,4.0203389888107586e+307
69255,100000,8.96124696685666e+307,1.230256211869745e+308
69435,100000,8.79455390102758e+307,-1.1684350892331374e+308
68966,100000,-2.0116933034094648e+306,1.1144589831128949e+307
69082,100000,1.6011780619539443e+307,1.4856579773700097e+306
69394,100000,-1.2115413972674569e+308,4.741025076005331e+306
69380,100000,-1.7647125634010247e+308,1.3613846924349011e+308
68984,100000,6.817702548377215e+307,1.0633932222332593e+308
69230,100000,1.774158017823395e+308,1.1871889441520197e+308
69724,100000,-1.0630485663248582e+308,-8.492221921367056e+307
69211,100000,2.0992580210963763e+307,-6.842742435869801e+307
69632,100000,7.604334786009709e+307,-1.220355729383983e+308
69463,100000,9.493978407398664e+307,1.471264651940942e+308
69147,100000,1.6751366119033989e+307,1.4104117651151121e+308
69158,100000,-4.0475294614404323e+307,1.3349523834263715e+308
69141,100000,9.30688867317184e+307,3.5330663631100695e+307
68839,100000,-5.683594438244369e+307,6.688998686688957e+306
69095,100000,-7.957727018753719e+307,-7.184569985302127e+307
69158,100000,1.7194810960411287e+306,-3.7696249778121744e+307
69021,100000,1.1086866630146755e+308,-3.963020569206388e+307
68911,100000,-2.93278372710585e+307,4.084153444185661e+307
69605,100000,2.584557808152644e+307,1.3325020844507747e+308
69974,100000,9.327954210914166e+307,6.356895280301952e+307
69230,100000,8.525301077094939e+307,3.817415706357816e+307
69084,100000,-3.65803447935192e+307,3.68041365614672e+305
69478,100000,-4.1383330420493195e+307,1.0398404964274441e+308
69336,100000,-1.1015531422574996e+308,4.796590992552482e+307
68881,100000,1.0134818359463854e+308,-1.6362856025077949e+308
69223,100000,-1.3645390523218466e+308,1.4481223536719434e+308
69081,100000,2.844784984085022e+307,-1.684727044209101e+307
69343,100000,7.808159329842477e+307,1.8314859410069025e+307
69172,100000,9.521970053288576e+307,8.455622353614555e+307
69389,100000,-5.48248767721757e+307,-1.0161327188352087e+308
69483,100000,-1.580645468254948e+308,-7.486382576308736e+307
69542,100000,1.0675873996584229e+308,-1.7563225325888492e+308
69352,100000,1.4041618135450127e+308,8.245898484597983e+307
69128,100000,9.564080344672434e+307,4.330580429666556e+307
69844,100000,-1.1145194983553893e+308,-1.231971750546031e+308
69781,100000,8.978190281621661e+307,-1.5526939902829351e+308
69901,100000,8.624668856648783e+307,1.195016744670931e+308
69854,100000,-1.6672330469096881e+308,-8.97086359948556e+307
69361,100000,1.6504454403303947e+307,-1.2695927726939157e+308
69310,100000,-1.3606350992475487e+308,-1.5562163922002788e+308
69985,100000,7.520345446231796e+307,-5.832206575584663e+307
69088,100000,1.3729364397391132e+308,-2.878475179384317e+307
69184,100000,-3.7525818021485226e+306,-4.028906604286917e+307
69204,100000,-1.7746535172160247e+308,-7.014276400847198e+307
69376,100000,3.368515200163901e+307,-1.7305868777846912e+308
69731,100000,-3.5605527239214264e+307,9.630977656958103e+306
69169,100000,-8.945096808283432e+307,1.4549029497747957e+308
68845,100000,-5.917129881786886e+307,1.778316606081537e+308
69581,100000,-1.3248201892566594e+308,-8.955182996242829e+307
69703,100000,-4.0899561589533555e+307,9.831110335732868e+307
69878,100000,-1.4976479131030996e+308,1.2799018914333393e+308
69829,100000,-2.0030500077339187e+307,1.6085558088165571e+308
69242,100000,-1.0996566194943598e+308,1.5907520132771247e+308
69364,100000,6.217858265490936e+307,4.845004222441315e+307
69161,100000,6.117125209703455e+307,-1.7442900002943268e+308
69003,100000,-5.451610810474195e+307,-6.445461977410088e+307
69173,100000,-1.7627070086499867e+307,3.2748447079529095e+307
69223,100000,-1.3975149038403456e+308,-1.782153230944132e+308
69352,100000,-1.5483578035707512e+308,-3.127333501298088e+307
69033,100000,5.523097132531924e+307,-2.536444935681986e+307
69320,100000,-1.0531320839908841e+308,-2.4797066296080645e+307
69112,100000,-1.7014977222073074e+308,1.3569235127481674e+308
69250,100000,-1.028847090586182e+308,-1.3898361771953247e+307
69672,100000,1.2283486698576287e+308,-3.86927363336457e+307
69797,100000,-9.679612100193814e+307,2.6582050099054046e+307
69597,100000,-2.6555457900913207e+307,-4.045494986241181e+307
69077,100000,-1.7748462372429154e+308,-3.1077341290633413e+307
69407,100000,-1.4359531855197917e+308,-8.548968507231204e+307
69723,100000,-8.776338812463652e+307,-7.117112808425316e+306
69015,100000,1.4260846838095468e+308,7.05962363606237e+307
69412,100000,1.7252442834973266e+308,1.1784568384775662e+308
76044,100000,1.2651269046212911e+308,-8.387359355391793e+307
67197,100000,-4.927795432520681e+306,1.9637592395845395e+307
67810,100000,1.7428655858444573e+308,-1.0457488277630761e+308
75453,100000,-9.070373412061027e+306,6.630379897040443e+307
68777,100000,-6.705178066546062e+307,1.4598653569513941e+308
69211,100000,-2.839058470531226e+307,7.517876096075404e+307
69811,100000,1.1063203668751893e+308,-4.1544654259306653e+307
69851,100000,-5.676050180233671e+307,7.709501920628387e+306
68541,100000,6.101608777035667e+307,3.026779241801378e+307
69583,100000,1.7494900500791693e+308,-1.3487488366855894e+308
69102,100000,2.8372069806008056e+307,4.656868141407005e+307
69140,100000,1.3695038703746866e+308,1.3923532118221533e+308
68990,100000,1.268135427855804e+308,-4.604319161191434e+307
69563,100000,-4.298035905266972e+307,-4.0837945853203326e+307
69127,100000,-1.275000122123353e+308,-1.0099820897460282e+308
72122,100000,2.3591794276325626e+306,6.101317309243942e+307
67882,100000,1.3465691430030305e+308,4.2418887668631155e+307
68514,100000,-1.0221910825560845e+308,-4.3591468008711136e+307
68178,100000,-1.3773955542686786e+308,-1.425565933210373e+308
77027,100000,1.1077269329793404e+307,-9.894173273666417e+307
74040,100000,1.2823866059005962e+308,-1.1631400639497848e+308
72761,100000,1.1632001669495108e+308,1.6842053856474643e+307
69673,100000,1.441405066343348e+308,1.3221657263876806e+307
74748,100000,1.4098993617959146e+308,1.1910746562956443e+308
74111,100000,-1.413946086642861e+308,-1.3674378595614254e+308
70128,100000,6.391159521364077e+307,9.683072437538024e+307
70431,100000,-3.190473366052502e+307,9.30031583710609e+307
70876,100000,1.5103408239252226e+307,-9.128554037947275e+307
70863,100000,1.6817455042971225e+308,6.032548283602991e+307
69288,100000,-1.1956187152069172e+308,-1.1915145211619926e+308
69209,100000,-1.3099062372356692e+308,-1.5357912459025876e+308
69314,100000,2.8200052850286643e+307,3.931927528031111e+307
69236,100000,-1.0717808233256677e+307,-7.141087901334862e+307
69577,100000,6.303409595393983e+307,-6.22610026349998e+307
69552,100000,-9.111901839116473e+307,-3.719528999109264e+307
69921,100000,1.4739169309966778e+307,1.7109564265991376e+307
70566,100000,-7.675407134761151e+307,1.3014637397661902e+307
69547,100000,-1.3035449921652313e+308,1.1981829009858049e+308
69421,100000,-1.3401354164784077e+308,1.1200504199829516e+308
69634,100000,-1.6636292221350102e+308,-6.286712661952023e+307
69178,100000,-7.021878791143048e+307,1.43263044680889e+308
69305,100000,-1.51634794508793e+308,1.460326450051652e+308
69590,100000,1.740831980478603e+308,-1.697966034239932e+307
69593,100000,9.70161185942835e+307,3.155552359166079e+307
70710,100000,3.969712341810291e+307,-3.6484531161464116e+307
69722,100000,6.761854895576632e+307,1.7508529912139677e+308
70473,100000,1.529820131951022e+307,4.909847982438249e+307
69782,100000,-9.365423579826714e+307,1.716097051400215e+308
69997,100000,1.447406530140581e+308,1.3071907384221186e+308
69947,100000,1.4044176294400327e+308,-9.80847932144967e+307
69137,100000,-1.8393018655681424e+307,9.048460688375509e+307
69222,100000,-5.859563541096412e+307,-8.862712696889585e+307
69414,100000,6.709010990276457e+307,-1.5616178494271892e+308
69217,100000,6.752249678819045e+307,-1.1939871740059865e+307
69131,100000,1.6661294709984318e+308,-3.486390338100688e+307
69391,100000,1.0736418374994115e+308,8.484542729155954e+307
69884,100000,-1.632194150849852e+308,-1.412440730803309e+308
69179,100000,9.517735347301335e+307,1.5207107922139975e+308
69260,100000,-1.260263558701176e+308,-1.4179003328192122e+308
69307,100000,-1.3114395216166494e+308,-1.295102075215459e+308
69319,100000,-1.0467525186793174e+308,-2.675215761928453e+307
69202,100000,-9.85499057222346e+307,-2.4683221765513803e+307
69221,100000,1.6948591346493465e+308,-1.083359011732706e+308
69560,100000,1.5255579766941827e+308,-1.7104870415472008e+308
69436,100000,-3.3993144903093364e+305,5.72519352972292e+307
69612,100000,-1.6639778204196475e+307,2.6463937053746106e+307
69615,100000,2.533256473106962e+307,-8.713210105616964e+306
69417,100000,1.2955705545006155e+308,1.4486483507407354e+308
69330,100000,-7.547454128381963e+307,9.205126266572471e+307
69268,100000,9.545049096274478e+307,-1.3796227833074989e+308
69726,100000,1.2039882089613524e+307,-1.7246167649012508e+306
69653,100000,-1.3190167144424443e+308,-2.2821106667476664e+307
69583,100000,1.5747641940832512e+308,-4.596385991201519e+307
69953,100000,2.336248046639676e+307,-1.8797816668689117e+307
69945,100000,-4.723202869200653e+307,5.275794327067079e+307
69207,100000,1.4223917937282766e+308,1.4909881719251637e+308
69454,100000,-1.4277948675096347e+308,-1.0458431589630865e+308
69458,100000,-1.0525490295522588e+308,1.4574548173379912e+308
69455,100000,-4.707864609824748e+307,2.8467727407306273e+307
69346,100000,9.141322196569848e+307,-1.6289281456173442e+308
69476,100000,2.2151496602818268e+307,-1.1450724472745287e+308
69236,100000,-5.205476357353886e+307,1.3656520799033348e+308
68967,100000,7.162351127168674e+306,-4.42269938959879e+307
68379,100000,-3.401785673545151e+307,3.276597136109578e+307
69286,100000,-1.3816567590150653e+308,5.432738560634279e+307
69205,100000,-6.567576817018959e+307,6.424219782850467e+306
69235,100000,-1.6075115215588234e+308,4.4640355809916913e+306
69210,100000,-7.72877666322114e+307,1.5948130630440146e+308
69139,100000,1.1871735299312747e+308,-3.51643239845547e+307
69190,100000,-1.0383241773703164e+308,-3.2830243865839905e+306
69601,100000,1.1659796683784945e+308,1.5233112525254647e+308
69845,100000,6.662015217394661e+307,-8.064875495998941e+307
69653,100000,1.184443773257178e+307,-3.712928091029372e+307
69782,100000,-4.636275844188888e+307,1.7874048451086566e+308
69686,100000,1.286050494998398e+308,-1.4775274630109473e+308
69072,100000,2.390030868538969e+307,-1.3084602319089398e+307
69154,100000,5.794576951599418e+307,3.1246142831207063e+307
69863,100000,-9.60618209174987e+306,1.5351358162548426e+308
69174,100000,-1.2615211491270222e+308,-1.4776959871874216e+308
69424,100000,1.0859995726253904e+308,-2.620871552283274e+306
68935,100000,9.474836745514009e+307,8.158392836610255e+307
69186,100000,-2.8166095461674393e+307,-6.289175845350365e+307
69080,100000,-1.2855760059176545e+308,8.971558720512599e+307
69660,100000,-7.546772231087581e+307,1.164505298991892e+308
70152,100000,1.0950170639229765e+308,-1.7414472506790427e+308
69754,100000,1.7429470706917036e+308,1.5751221589217748e+308
69110,100000,-1.409404533104439e+308,7.026276273264384e+307
69134,100000,-1.2546092041140803e+308,8.694512106990924e+307
69232,100000,1.108180674820503e+308,-4.660298365552925e+307
69426,100000,1.5067508842469058e+308,-1.1906833198534492e+308
69287,100000,8.419541613277366e+305,1.1586473111128828e+308
69736,100000,-3.4558862760799173e+307,9.566367974847638e+307
69519,100000,-3.5672508651154736e+307,-1.4818211038428099e+308
68890,100000,1.4838849184077455e+308,-7.217203585031257e+307
69291,100000,8.12233946205197e+306,-1.5566524369582207e+307
69210,100000,1.4573050462452735e+308,5.797409386505255e+307
69745,100000,-1.4839781284572245e+308,1.2886114050767996e+308
69558,100000,-3.737402173980107e+306,1.158962510631266e+308
69227,100000,-5.721245479440582e+306,1.1313721422889762e+308
68899,100000,3.88994634171478e+307,-1.3942480604512256e+307
69329,100000,1.4549943311864112e+307,8.115991096889872e+307
68634,100000,2.1414317526188386e+307,5.953908962032207e+307
68306,100000,6.782209061100419e+307,1.0221667208378972e+308
69735,100000,6.62061514812386e+307,1.3148625403551682e+308
69216,100000,-9.201707573857014e+307,-6.707872596707291e+307
68907,100000,-5.00263682572921e+307,-4.745415231090606e+307
69379,100000,7.993955306202977e+307,-7.277899026598443e+306
69359,100000,3.8889997603781425e+307,9.831832033446392e+307
69193,100000,-1.1529485401192351e+308,-1.3482532647569756e+308
70653,100000,-6.437601044036685e+307,1.2444613352346573e+308
70964,100000,-8.52300055661249e+307,3.087699352340696e+306
69518,100000,7.29590647235986e+307,1.5308842380787974e+308
68951,100000,1.175950651149437e+308,2.0185143647893724e+307
69141,100000,3.7320456206411916e+307,-2.8023172143485847e+307
69113,100000,-8.774969158535801e+307,-8.545641877971269e+307
68822,100000,-1.6499084201768315e+308,8.99109886842788e+307
69413,100000,1.5003464217199276e+307,-8.924394431660533e+306
69763,100000,4.96575472632629e+307,8.393454926571153e+306
69340,100000,-1.6775976006276198e+308,-2.85576539956038e+307
68844,100000,-5.0266373342734525e+306,-1.6684269660663249e+308
69570,100000,-1.6627714147722072e+307,1.677663482901737e+308
69212,100000,-1.489780650596099e+307,-1.2236513466112097e+308
69264,100000,-3.2315980223259495e+307,1.513285288759865e+308
69505,100000,-1.2629939135952613e+308,-1.6333558174883618e+308
69359,100000,-1.0159176243924703e+308,1.075490810765537e+308
69276,100000,5.228820407353387e+307,1.6877121365340378e+307
69372,100000,-1.0594711643380064e+308,-1.6298150690155258e+308
69089,100000,-1.7020726732122825e+308,1.4950114857214804e+308
69399,100000,1.1839277810721864e+308,1.2315949871590576e+308
69571,100000,-8.210987555221612e+307,1.5038306589636494e+308
69878,100000,9.5474107278783e+307,8.47749856356822e+307
72674,100000,-1.0776362570437734e+308,1.7099447282440842e+308
69672,100000,-1.382359871683538e+308,1.3076685631304032e+307
70835,100000,1.5266216752898584e+308,1.7780110274683787e+308
69039,100000,-7.950748096076549e+305,1.753519484563e+308
70357,100000,-1.3624775461942672e+308,1.7182800274160126e+308
69139,100000,1.4725184904027076e+308,-7.700343652981605e+307
68818,100000,1.0588636801546514e+308,1.7890553550178463e+308
69122,100000,-4.576496012889889e+307,-9.458361879351431e+307
72453,100000,-2.33349333807581e+307,2.3878477863939197e+307
70864,100000,8.754097283248971e+307,5.940380284571031e+307
69027,100000,1.2375148098548885e+308,-4.751438933639443e+307
69231,100000,-1.6660675072246713e+308,1.9283942187258345e+306
69291,100000,6.879493522579533e+307,1.540256694731309e+308
70736,100000,-1.010909880300604e+308,1.0884443842355993e+308
69461,100000,1.6163570886867e+308,1.1883474038169572e+308
69463,100000,-9.932237600591581e+307,-1.1592450672465842e+308
70153,100000,-2.4453908333855026e+307,-3.606456626691155e+307
70315,100000,1.2620727401591975e+308,6.720479427031869e+307
69799,100000,8.680419943212734e+307,1.730549495834296e+308
68562,100000,-1.3692744338543905e+308,1.4351215591021162e+308
69517,100000,-3.9313496066299265e+307,6.262932851664108e+307
70265,100000,-5.4052085564801054e+306,-1.5728658652848595e+308
69175,100000,1.1631324788323591e+308,-2.9286723492065944e+307
69436,100000,1.4554180538067477e+308,-7.674729829774676e+307
69254,100000,6.388508208791443e+307,1.0459766178584996e+308
69482,100000,-7.128180884905765e+307,-5.255804693351775e+307
69280,100000,1.3572196916316072e+308,-8.863021420698254e+307
68898,100000,1.2184934017489233e+307,-8.510662671242874e+307
68696,100000,-1.672394862063089e+308,-5.051433705291603e+307
69292,100000,4.540550306257664e+307,1.106055140618279e+307
69078,100000,-5.856147891485728e+307,-1.9040421286678777e+307
69238,100000,-8.929507518239173e+307,-8.907185196445905e+307
69029,100000,-1.650310317215225e+308,1.0802232247385495e+308
69096,100000,-1.3233331142521795e+308,-1.4611499422401397e+308
69556,100000,1.7223195391220646e+308,-1.7539853589812644e+308
69387,100000,-2.489711895691028e+307,-9.069748753929401e+307
68856,100000,-1.1615261962717712e+308,-1.347110953802419e+308
68795,100000,-1.594470834097379e+308,2.615664279139974e+307
69405,100000,-7.402717593525425e+306,5.509967279232321e+307
67929,100000,9.23008127356968e+307,-6.082168008087106e+307
69653,100000,-9.588927883954149e+307,-7.715118759936553e+307
70047,100000,8.846978970013106e+307,1.3049369099185689e+308
69462,100000,1.2804922475677349e+308,9.654557833608047e+307
69368,100000,-1.6378088246184271e+308,5.339649157467676e+307
69140,100000,-1.4095796131951867e+308,4.624801189938456e+307
72310,100000,-7.367003916942007e+306,7.393491543325241e+307
68333,100000,-3.2885040262001666e+307,-1.7006646564388764e+308
69134,100000,-1.686977450362366e+308,1.77264728119408e+308
78945,100000,1.4310942061942921e+308,7.631785271073278e+307
68155,100000,2.030019605937365e+307,-8.918957807821695e+307
68349,100000,-1.0511254657185741e+308,1.2756321839707962e+308
68213,100000,1.5949161724461683e+308,-9.886250377790665e+307
68625,100000,-6.668756394731261e+307,-1.7939232462976952e+308
68860,100000,-8.685720220814578e+307,1.2342368167268196e+308
68214,100000,1.0760136228329376e+308,-3.1309121092793537e+307
69434,100000,-1.5920948116062667e+308,-8.440499762369525e+307
70203,100000,1.8594622978706686e+307,-7.266170707968814e+307
69624,100000,3.7763395050673496e+307,-1.6240782341902912e+308
69786,100000,1.235690147143336e+308,-1.5157154654991094e+308
69997,100000,6.264551679050175e+307,-6.160309718014128e+307
69093,100000,5.989566743734643e+307,5.832555510806423e+307
69405,100000,-1.3085742896680143e+308,-1.5266190761019173e+308
69123,100000,1.1759702015163105e+308,-1.0638751104416156e+308
69072,100000,-1.4723362862076762e+306,-8.31271585093024e+307
68725,100000,4.4812693809808696e+307,-6.267678165506179e+307
68246,100000,-4.089622152562868e+307,-8.318350658530044e+307
68287,100000,9.6749922833846e+306,-7.833930340770337e+306
68212,100000,4.3952998981798754e+307,8.75868566122177e+306
70320,100000,1.6366616965796102e+308,-9.797105784592185e+307
69604,100000,7.447466695992892e+307,8.706749596762787e+306
68450,100000,-1.4856338769834275e+307,1.4451980857921586e+308
69182,100000,-1.5647737268486706e+308,-1.4121821187031537e+307
69201,100000,1.187744130835595e+308,4.839962936968107e+307
69032,100000,-2.7291222760157127e+307,1.5467816635049398e+307
69198,100000,4.706729179006721e+307,-5.035362058978966e+307
69294,100000,1.794996823933901e+308,2.9806746634253447e+307
69732,100000,2.630559054557693e+307,1.354648590821815e+308
69275,100000,-5.141713026233499e+307,-4.1969074795553025e+307
69453,100000,1.6412993369120617e+308,-1.5776929612806358e+308
69287,100000,1.2935988931478561e+308,1.1790742363653549e+308
68894,100000,-1.4308341409066022e+308,5.002718201660155e+307
68330,100000,9.143364661775777e+307,-7.929808309769942e+307
68690,100000,1.781145092874126e+308,-1.7584052973028439e+308
69160,100000,-1.5654184343389176e+308,1.5087151354119977e+308
69256,100000,-1.0933605667197694e+308,-9.678044625504355e+307
69235,100000,1.7196988088436831e+308,-1.1209964791119225e+308
69086,100000,3.308276944872297e+307,5.568591632849544e+307
69356,100000,1.3076005792864793e+307,8.097572816916601e+307
69066,100000,2.53323754028347e+307,9.384951811387616e+307
69274,100000,1.1642928636110071e+308,-1.0737956887719019e+307
69119,100000,-1.5693549063211578e+307,-1.679974825528066e+307
69333,100000,-1.6411038125469618e+308,3.07056931817653e+307
69023,100000,-1.0838834852019928e+308,1.1860714120931878e+308
69025,100000,1.1338941344696869e+308,-6.655049012254015e+307
69466,100000,1.0934337715936805e+308,2.1006891424237488e+306
69257,100000,-1.4671855300660372e+308,-1.387110718420477e+308
69120,100000,-8.719766310839752e+307,-1.1176237180561323e+308
69060,100000,4.182002412160089e+307,-1.0947743117377422e+308
69174,100000,-1.3388845094156827e+308,-9.458363389213385e+306
69229,100000,7.367914498965218e+307,3.5004529171559844e+307
69130,100000,7.832535449000765e+307,-7.783545180761766e+307
69919,100000,-1.3303383488267335e+308,1.2019451550133645e+308
70030,100000,3.2832161191569557e+306,1.4862703397578242e+308
69472,100000,1.5668590814791395e+308,1.5441532323706778e+308
69039,100000,6.251536912704128e+307,-9.999872184725637e+307
70108,100000,1.2220867758406064e+308,1.209862777849771e+308
69266,100000,1.666136224356139e+308,-9.251482515550494e+307
69448,100000,1.4048214289224915e+308,-1.7321154101562877e+308
69577,100000,1.5173655778481436e+308,-1.264277410466636e+308
69038,100000,1.3424916083488128e+308,-4.991083430036709e+307
69093,100000,4.452994268493564e+307,-1.5999421146538905e+308
69092,100000,1.1140623482359768e+308,1.6523490947164781e+308
69927,100000,-7.472287466452885e+306,-1.3374956789113522e+308
69099,100000,1.5891345949740062e+308,-5.114916971383624e+306
69112,100000,-9.416106200866737e+307,1.509821484960385e+308
69664,100000,4.659587433075435e+307,8.209089166165583e+307
69681,100000,-1.470440527558161e+308,-3.1884023610913113e+307
69632,100000,3.5503436330702893e+306,6.13682867550179e+306
69368,100000,-1.2883790567589993e+308,-1.7389569781552038e+308
69173,100000,2.604970272746232e+307,2.2435502242780088e+306
69125,100000,1.5586765648137339e+308,-1.5875996103403389e+308
69308,100000,-8.24488635779102e+307,-3.2822799090381653e+307
68609,100000,-2.086634670879413e+307,3.2787568947277954e+307
68598,100000,-7.813152415358919e+307,-1.1617550980102112e+308
69218,100000,-1.280157748691563e+308,-1.0406439632899095e+308
69091,100000,-1.54729255402226e+308,-9.309296615742788e+307
68999,100000,9.26222557312631e+307,1.012276056973667e+308
69181,100000,9.753867066232438e+307,1.343338906848235e+308
69721,100000,-2.655969637105417e+307,1.4308477276997173e+308
69065,100000,1.0466696908740334e+307,-1.6054200382707942e+307
69201,100000,9.522184611336007e+307,-2.1130204328581e+307
69251,100000,9.934636456589529e+307,-2.6354189606856147e+307
69179,100000,1.1076738878678727e+308,1.383544814192728e+308
69070,100000,-3.2238178563940803e+307,9.629600441562891e+306
69458,100000,-1.1867877197439044e+308,-3.711983517068905e+307
69177,100000,1.3054465457082772e+308,1.4671268661170886e+308
69123,100000,-1.065349076600594e+308,4.780649034704054e+307
69810,100000,-5.458378966196519e+307,2.999345813067384e+307
69494,100000,1.3730085723443285e+308,1.9224494061642587e+307
69233,100000,-1.8429323969333503e+307,-1.2182216781940806e+308
68808,100000,8.006623816260704e+307,-9.16697118622763e+307
69412,100000,6.211767131045117e+307,-6.058072920648946e+307
69484,100000,1.736457426100463e+308,1.0630628049212952e+308
69928,100000,-1.5787959360189787e+308,8.428662809551957e+307
69785,100000,1.651964774185445e+308,1.6626558090913836e+308
69602,100000,-8.386956255386065e+307,1.7451234521841932e+308
77717,100000,-1.2328439181573735e+308,-4.626226905188065e+307
71070,100000,4.158623728247455e+307,-7.992500789712847e+307
69180,100000,1.07845073528827e+308,1.0841950659335096e+307
69236,100000,9.085315700263598e+307,-1.0473669223098216e+308
69238,100000,-1.6774493218312071e+307,-1.116238148038473e+308
69460,100000,-1.693706834104471e+308,1.4982132242042722e+308
69553,100000,5.247190698483541e+307,-1.804179806410021e+307
69607,100000,1.3447149454403957e+308,-6.307141779383898e+307
69546,100000,8.320428465625679e+307,-4.807656040397521e+307
69522,100000,7.594711330136055e+307,7.96775852421614e+307
69703,100000,1.3830763692533388e+308,1.3028977581051645e+308
69143,100000,9.382007956572869e+307,1.6539225554455244e+308
69523,100000,-1.2242688175896075e+307,-1.7161521997922716e+307
69355,100000,1.3302260926475561e+308,7.372810062912373e+307
69249,100000,-9.446016396695e+307,-3.7046319691822164e+307
69081,100000,1.545547133763361e+308,-1.1575077008597882e+308
69686,100000,-3.1560074312930675e+307,1.4163695366215527e+307
70031,100000,-1.1746192329276766e+308,5.098640475440226e+307
69167,100000,6.068957052821386e+307,1.4735428021044712e+308
69865,100000,-1.567631635425172e+308,-1.678602463669205e+308
69957,100000,-1.15030257283264e+307,8.890102948640445e+307
69954,100000,3.4103567047664597e+305,9.13181629215441e+307
70129,100000,-1.3202865452579512e+308,-1.6092783282656552e+308
69436,100000,-1.6274891139158503e+308,1.619488971496113e+308
69821,100000,-2.960047871521752e+306,1.2113555940359094e+308
69541,100000,-1.4840305073739185e+308,4.95067493485968e+307
69193,100000,1.753911532417743e+308,-1.0253720460869307e+308
507064,100000,5.501576313661853e+307,7.923922578381143e+307
69237,100000,-1.0652314159983014e+308,-1.6735726587517866e+308
69180,100000,-1.634704041525049e+308,9.428443365115923e+307
69194,100000,1.688360869861678e+308,1.22109215261115e+308
69084,100000,1.5578676631620467e+308,-4.330340449868182e+307
69354,100000,-1.6187124114137954e+307,7.664342859589842e+307
69277,100000,-4.498293222604758e+307,-1.3891351308902506e+308
526868,100000,-4.1404135286663986e+307,1.1896388281599394e+307
69205,100000,-8.305347235805783e+307,6.738689689712262e+307
69299,100000,-5.65147262757291e+306,-1.0054436460068113e+308
69766,100000,-1.7379552818177054e+308,1.3913993910911475e+308
69369,100000,-1.3851177183875918e+308,3.7593554774557014e+307
69118,100000,-4.974415077204115e+307,1.7730013417029502e+308
69236,100000,1.1209355102002908e+308,1.4635861870525488e+308
69182,100000,2.687183267503773e+307,1.0167489282819618e+306
68898,100000,6.507228826340523e+307,2.548755095805636e+307
68609,100000,3.1452021873197114e+306,1.2459839920079858e+307
69124,100000,-1.2246946246681453e+308,1.4495846097310743e+307
69181,100000,-8.533865190862657e+307,1.5600204874475174e+308
68892,100000,1.0361985446267085e+308,1.0569109809316084e+308
69682,100000,-1.716808007751492e+308,-3.919765730290809e+307
69212,100000,4.548200166700732e+307,-1.6663451492599421e+308
68994,100000,7.420630389092836e+307,-1.2662878721959476e+307
69154,100000,1.1233011349806091e+308,9.265138804813064e+307
69113,100000,-8.613009279215981e+307,-1.3042786794976625e+308
69214,100000,1.4251918539537557e+307,-1.3950005550494663e+308
69412,100000,2.4974681221209004e+307,-1.2497461403787777e+308
69161,100000,1.163005555638865e+308,1.1450100562742372e+308
69222,100000,-3.836689102139497e+307,-3.9719230079067214e+307
69032,100000,-4.905895563505375e+307,1.4868492390398424e+308
69139,100000,-7.051360342977298e+307,-7.150061979045265e+307
69053,100000,1.230583056364324e+308,1.4298012224941609e+308
69624,100000,-1.6487072614384223e+308,8.793531694289021e+307
70165,100000,-2.321697095524448e+307,-1.31498081743884e+308
69271,100000,-5.032480217700455e+307,1.3515412486324327e+308
69461,100000,1.6328486873976095e+308,4.228191364453454e+306
69642,100000,-1.5109456727720572e+308,-6.707485959634946e+306
69197,100000,-5.353215861983036e+307,-5.491968897259657e+307
69193,100000,4.133724834357522e+307,-1.3823254283442856e+308
68606,100000,2.573705900920807e+307,1.7272450508808075e+308
69636,100000,1.2711442439008373e+308,-1.0246407777734993e+308
69231,100000,1.1984533138653755e+308,-5.141729182942164e+307
68669,100000,2.7809425694446694e+307,-1.2067676695268044e+308
68790,100000,-9.646614254054496e+307,-1.4934941253983778e+307
69378,100000,-9.04794415919129e+307,-1.0046304827499423e+308
69216,100000,1.7964351442574702e+308,1.1008626659252476e+308
69493,100000,1.6703876509459353e+308,7.745601258329835e+307
68804,100000,-1.1212637088861233e+308,1.5541483225979383e+307
69056,100000,-5.815670102542523e+307,-1.1937214017208533e+308
69070,100000,-1.4559486468511586e+308,1.3779077138510044e+308
69140,100000,1.7058633774526933e+308,1.101673829965527e+308
69125,100000,-1.0405797106843143e+308,-1.05093059304152e+308
68928,100000,8.877474546725645e+307,-3.3542149423573334e+307
72010,100000,-2.1330354972150048e+307,-2.4717136092648653e+307
77453,100000,3.286472212823137e+307,1.6610133665394944e+308
69015,100000,1.6845777052249668e+308,6.710135170091637e+307
69910,100000,-1.5915410346681784e+308,9.521761403808762e+307
69423,100000,4.1430277492966547e+307,-8.988633057746066e+307
69963,100000,-2.117618561641753e+307,-4.4598661216664306e+307
69054,100000,6.934914760233423e+307,1.7838057840233228e+308
70210,100000,-6.810081592907892e+307,-1.7205394055536444e+308
68641,100000,1.2597896977546791e+308,-1.170925002251767e+308
69460,100000,1.66389631485842e+308,1.4066202394269224e+308
69789,100000,-1.3704388483297701e+308,1.6763747437532335e+306
69231,100000,-2.5752092456735567e+307,-1.7236658579115702e+308
68360,100000,-1.7949423812221326e+308,-6.539150660905177e+306
68667,100000,-3.734618943420909e+307,-4.287875800902078e+307
68393,100000,8.770932718677065e+307,1.330924841727743e+308
68324,100000,-1.7210524405333904e+308,-2.2824714019559225e+307
67708,100000,-6.651418607473239e+307,9.25555526252089e+307
69401,100000,-2.878637657767654e+307,-3.379679649403862e+307
70744,100000,-1.7131999651150375e+308,-1.0853703581373413e+308
70716,100000,6.714061417093982e+307,1.3689686282086234e+308
68379,100000,-2.2157802791183642e+307,-7.736041236156718e+307
68301,100000,-9.760076187530571e+307,2.8710386193179124e+307
69522,100000,4.446055491528646e+307,-1.2458197193719829e+308
70193,100000,6.832332702592186e+307,-1.6558789915804008e+308
67645,100000,-8.872518734795204e+307,-1.5267624336580024e+308
69837,100000,-1.8039858793573536e+307,1.6288076849782348e+308
68681,100000,2.860611169846235e+307,-8.546469098884853e+307
68527,100000,-6.274668278218733e+307,1.148944154977002e+308
69597,100000,-1.2427034333163281e+308,1.7715898993234821e+308
69092,100000,-1.4710784519854018e+308,-1.36831706912536e+308
69373,100000,-1.2805298410491826e+308,-1.2433250366164084e+308
69662,100000,1.457199633779093e+308,-5.290161239007751e+307
69678,100000,1.6775506738525556e+308,-1.661046440147192e+307
69605,100000,-1.3157756576781323e+308,-1.5632870519540375e+308
69535,100000,-9.219090185694978e+307,-1.098483087901277e+308
69419,100000,8.726338615109322e+306,-7.788907750086312e+307
69413,100000,-7.760353731559757e+307,9.228887723531025e+307
69248,100000,1.2375229472763103e+308,-4.732246898940726e+307
70080,100000,-6.984244431304373e+307,-1.3652975849795018e+308
67986,100000,1.319051386466699e+307,-1.2416062525795203e+308
68225,100000,-3.097101330249785e+307,8.521571869791498e+307
69633,100000,-1.815625723142127e+307,-1.2505354497784713e+308
69135,100000,-2.8915682720276597e+307,1.63855134596327e+307
68630,100000,-4.520976669583934e+307,-1.4752595772668444e+308
68468,100000,-1.5122293732342711e+308,1.7350827205352592e+308
69213,100000,-1.5791148799295725e+308,1.116369908771731e+308
69094,100000,9.290491721288686e+307,-8.675287953323561e+307
69899,100000,4.609066615487071e+307,-1.753450603405731e+308
69140,100000,-1.4207729668800967e+308,-1.2778275954457439e+308
68565,100000,2.3510747806806083e+307,-9.83539212480461e+307
68650,100000,1.1575869452545666e+308,-8.336991674892244e+307
69587,100000,-1.1120854919365738e+308,-5.625043338646094e+306
69291,100000,3.6197289524114546e+307,1.3618479984614055e+308
69894,100000,-1.6297672791746692e+308,7.368655474873171e+307
68597,100000,-4.214805992700135e+307,-1.0731781659254125e+308
68812,100000,8.39408966614223e+306,-7.419562186738506e+307
69179,100000,-5.781824226141823e+307,1.4373141124763976e+307
69302,100000,4.676321709901604e+307,4.852941357360619e+307
69545,100000,1.390840461990311e+308,4.0490230232949027e+307
69080,100000,-1.7811361416760214e+308,1.057403610720787e+308
69188,100000,-1.6898887367526128e+308,1.0565275650253333e+308
69305,100000,3.5509532884782794e+307,-5.170735643129135e+306
70325,100000,-1.49612880470513e+308,-1.5497575639702726e+308
69326,100000,3.8915819018483735e+307,-1.5901891294915024e+308
70040,100000,2.501399594109677e+307,-1.5164170579754808e+308
69330,100000,-1.1214251502385836e+308,8.699612992595612e+306
70009,100000,8.087979447508768e+307,-1.305597338225792e+308
69235,100000,-6.671524727921564e+307,-1.0798800103420104e+308
79521,100000,9.468371913090786e+307,1.020106675975182e+308
68091,100000,-3.269425834309483e+307,7.882718978503776e+307
68381,100000,-6.38372597175896e+306,2.9430449202726695e+307
70784,100000,1.1242827997351055e+308,-1.283125955951373e+308
69174,100000,-1.185270611838998e+308,1.5489690825712532e+308
69541,100000,7.246051190433233e+307,4.085865757392901e+307
68488,100000,1.5149316831804961e+308,-1.5843348772090383e+308
69094,100000,-4.1113385393129487e+307,-2.7431512284436984e+307
69109,100000,5.174402718185498e+305,5.070406138915394e+307
69265,100000,-5.891417508491176e+307,-4.732059265618082e+307
69048,100000,5.381683538732064e+307,1.0646901066422104e+308
68865,100000,9.222238875422693e+307,1.2719995062023076e+307
68978,100000,-3.0899767779662654e+306,-1.0370025333986883e+308
68981,100000,8.334277691281457e+307,9.629181155569958e+307
67346,100000,-1.0837698614282201e+308,-7.354510262720943e+307
68159,100000,-1.6881074143027436e+308,-6.041391055611204e+307
68428,100000,5.2432209255810693e+306,-1.6825123789448178e+308
68730,100000,-1.195195915082522e+308,-1.7520914633233097e+308
68888,100000,1.6007489521190507e+308,-1.2213500793019496e+308
68725,100000,6.935440832390652e+307,-1.381888103960636e+308
68842,100000,8.207868622857692e+307,-5.653702473817353e+307
68659,100000,1.6643403193446616e+308,-5.638458730044869e+307
68746,100000,-1.5455557619349914e+307,-4.2204126714218596e+307
68782,100000,1.2480896800071048e+308,6.574329301868592e+307
69308,100000,-1.5118161681492842e+308,8.494097588050951e+307
69296,100000,1.7588256694301912e+308,-1.3766132463167282e+308
69568,100000,-9.141882223825683e+307,-1.3807738212667626e+308
69191,100000,-1.1539448371351847e+308,-1.4235099336390318e+306
69418,100000,3.9902418237575103e+307,1.1858554205188618e+307
69279,100000,-1.669989598948299e+308,-1.373991781943903e+307
68928,100000,1.5320953620914708e+308,-4.777139672746103e+307
69569,100000,1.1650255103449467e+308,-1.387190194514137e+308
69288,100000,8.983169894478199e+307,-1.2640496825847234e+308
69539,100000,1.7952556834675035e+307,1.2916904692352844e+308
69028,100000,1.5948140894472519e+307,-2.8906398192665286e+307
68899,100000,-1.3762535524816506e+308,1.1468749406924529e+308
69504,100000,-1.354455621363508e+308,-9.01996906206633e+307
68975,100000,5.327010576579177e+307,6.897316797407782e+307
68032,100000,-1.107190853956052e+308,-1.7294981505000594e+308
68261,100000,1.076205664062034e+308,3.714916606239089e+307
68190,100000,-9.954127963590402e+307,-1.6099685578296347e+308
69224,100000,-8.597101764938291e+307,1.787910087002597e+308
68332,100000,-3.2634545033838004e+307,-1.5368177123345955e+308
68944,100000,-1.622329591404433e+308,-1.7345421286351408e+308
68870,100000,-1.7670835063365427e+308,1.7753424779041071e+308
68840,100000,-5.88598384232278e+307,-1.5980037553204755e+308
68879,100000,-4.565869304272257e+307,1.4905141644124648e+308
68969,100000,1.6222967100337203e+308,-1.5134423564558807e+308
69543,100000,-1.486265349695379e+308,-6.368232539038088e+307
68988,100000,1.677491884295208e+308,1.1448809223575315e+307
68958,100000,1.0559461579225666e+307,9.924894139896993e+307
69616,100000,1.752716606938691e+308,-1.133063376250293e+308
69508,100000,-8.797396816926166e+307,-1.3251429416701596e+308
69511,100000,-1.5836643150800773e+308,7.138091384806976e+307
69370,100000,1.4714368355326184e+308,-1.7943255813392425e+308
69953,100000,-1.535687186924394e+308,-1.7586759119144534e+308
69803,100000,1.3443894845379951e+307,3.3994733590049966e+307
69935,100000,-4.52984614128804e+307,-1.286961102427468e+307
69338,100000,-7.786804634209866e+307,6.103863716073916e+307
70335,100000,-8.577747043600165e+307,-1.2697431638302796e+307
69172,100000,-8.023700126544499e+307,7.172036390372256e+307
69489,100000,-1.3708243891495532e+308,1.1459397719610022e+308
69578,100000,-1.3557121983014249e+308,6.020720061922746e+307
69559,100000,-1.154127355895158e+308,3.772481910117214e+307
68997,100000,4.795226007236216e+307,-4.4876872292825075e+307
68736,100000,-1.6638581469681255e+308,-1.548568934024933e+308
68787,100000,2.762230941552801e+307,-4.997453912463342e+307
69157,100000,1.154522744256958e+307,-1.3186362254008014e+308
69205,100000,-5.283062857127131e+306,1.6376324259178325e+308
70005,100000,-1.406186700681899e+307,-9.917890821233342e+307
69479,100000,9.187910307734531e+307,-3.847791482780503e+307
69810,100000,1.0746405693244559e+308,-8.334282775141894e+306
68361,100000,5.727508115159973e+307,1.734891118273575e+308
68604,100000,-1.3153733198406842e+308,-1.2176842304033493e+308
69107,100000,-1.043406327310236e+308,-9.966709222693263e+307
69218,100000,1.7270369585602344e+308,3.5546571578616713e+307
69171,100000,6.329409044192003e+307,-1.743580479598495e+307
68356,100000,-6.26229873324243e+307,-2.4769746083630323e+307
69118,100000,1.361938262046102e+308,-4.188413791294432e+307
69114,100000,-4.715890982647021e+307,-1.20417521316207e+308
70218,100000,1.3788853515207507e+308,1.1199161422972787e+308
69709,100000,-9.290425319688158e+307,-1.6444554590117977e+308
69448,100000,-8.104586538615535e+307,1.448445597977205e+308
70303,100000,-9.119906391504058e+307,-1.1024627529416947e+308
69126,100000,1.6688066014833258e+308,-1.1949706472646944e+308
69576,100000,-5.074969670551054e+307,-4.1603586464774706e+307
69897,100000,9.957012803553066e+307,1.1108495190989405e+308
69726,100000,-4.3706514169506434e+307,-5.723478182549496e+307
69253,100000,-1.2039646377077267e+308,-1.569344577900758e+308
68983,100000,2.721931874597285e+307,-1.5408361765043675e+308
69338,100000,1.534415122951603e+308,-6.013410417002608e+307
69328,100000,-5.323467088014246e+307,3.9861999055362987e+307
69608,100000,1.063239671356472e+308,-9.160418475131467e+307
69494,100000,-7.253556090927173e+307,-7.498199248644236e+307
70218,100000,-1.5284796412204133e+308,-2.267139758153305e+307
69383,100000,1.3584334778624452e+307,1.5765909981175252e+308
69816,100000,-1.6657040352560508e+308,1.4335611431663135e+308
69064,100000,-1.4886771863198832e+308,7.5345605410759e+307
69363,100000,-1.7711920917426422e+308,-8.704853771173721e+307
69125,100000,1.4255039008419301e+308,1.4395893755056175e+308
69397,100000,-1.383770809104297e+308,1.221531575884818e+308
69184,100000,4.314416207214698e+307,5.487701613557658e+307
69094,100000,8.201888230938221e+307,1.7507740685959572e+308
69110,100000,-4.3664502318825764e+307,-5.576752906993594e+307
68861,100000,-1.238141807302104e+308,4.3142823311556634e+307
70025,100000,9.752670156310217e+307,-8.240813556545779e+307
68895,100000,6.512975779226435e+307,-3.945856561226766e+307
68924,100000,1.0640660302927804e+308,5.239056842605357e+307
69308,100000,1.5333508848007442e+308,4.343713752442297e+306
69144,100000,-5.812171850298958e+306,1.270316787970337e+308
68987,100000,7.880157557638451e+307,-1.6848199690716361e+308
68941,100000,9.481584686948065e+307,-1.3714022920527403e+308
69266,100000,1.1225912955940195e+307,1.216579214936313e+308
69443,100000,1.5335124664781434e+308,-1.3843748106466955e+307
69518,100000,9.745205301656615e+307,-1.3949936344760538e+308
68713,100000,-1.4064715708383104e+308,-4.412763752549133e+307
69076,100000,-1.2632329685198388e+308,-1.4022247306715187e+308
68889,100000,-5.67204119129519e+307,1.4030817747370895e+308
69112,100000,-1.1195109517038343e+308,5.789210831157676e+307
69122,100000,-1.1381658778694877e+308,1.4210030862568101e+305
68739,100000,6.448377261699041e+307,-1.1842535643243055e+307
69239,100000,1.4085872655890541e+308,-2.758290387861547e+307
69231,100000,6.647700093797225e+307,-5.669791267251112e+307
69192,100000,7.881456963653576e+307,6.550547075147151e+307
69692,100000,-1.4970201619500745e+308,-9.397295377196355e+306
69134,100000,-1.1429279757589732e+308,1.7237432984774509e+308
69128,100000,-1.7012672161716458e+308,5.802707792106524e+306
69090,100000,-5.1089023691609516e+306,1.5532784773932617e+308
68931,100000,1.4503761682507165e+308,1.525468775854403e+308
69164,100000,6.687307405344985e+307,1.1785289792991563e+308
69433,100000,8.088076933053449e+307,1.1481910123507414e+308
68305,100000,3.263184333753848e+307,-1.5040398869191266e+308
68956,100000,-1.0667372008356771e+308,7.150874658018285e+307
68865,100000,4.1279372923701475e+307,1.4130190632376837e+308
69509,100000,1.2910994513982718e+308,-9.65874309885146e+307
68563,100000,1.3896699110146555e+308,-4.693253296543358e+307
73011,100000,1.0243194513642388e+308,-1.6557126101960313e+308
68371,100000,8.13473087634727e+307,-1.0844108777485457e+308
68440,100000,5.07606914241561e+307,1.1006795196339826e+308
68993,100000,6.411117563968923e+307,-1.067870976316393e+308
70408,100000,4.135339595402552e+307,-1.732059278622083e+308
73249,100000,1.1667278231993302e+308,1.6648877344876173e+307
69148,100000,1.4698513830131795e+308,-1.7554434329452176e+308
69411,100000,-1.4170044400482093e+308,-1.588128922654264e+308
69125,100000,-2.642135719293129e+307,1.3868688612030658e+306
69524,100000,7.674190098782605e+307,8.689928701609221e+307
69525,100000,-1.5395500366708587e+308,-1.1455264355064457e+308
69583,100000,-1.450430165057325e+308,3.204722467598985e+307
69201,100000,-3.6387757873939663e+307,1.6478883405211989e+308
69380,100000,-1.4109016172828023e+308,-1.766573818970816e+308
69412,100000,6.70810988104288e+307,3.4563109995638736e+307
69397,100000,1.0193435296146548e+308,8.777095198317672e+307
69285,100000,-4.891883930974044e+307,-1.2639016677587129e+308
69643,100000,9.447784869781215e+307,-1.1884011894316497e+308
69526,100000,-1.5288136234949764e+307,-1.2297624309237256e+308
70414,100000,6.288213892324191e+307,6.970898106646685e+306
68820,100000,-4.1701083901020115e+307,-6.911590958154269e+307
70075,100000,-9.29866346290385e+307,-3.598414364070448e+305
69725,100000,1.7203029172209555e+307,-6.949341685853097e+307
69318,100000,1.8798091300884856e+307,8.820196654005204e+307
69536,100000,2.303864991608724e+307,-1.1713995725768075e+308
69107,100000,1.092943892132251e+308,1.3856274951676688e+308
69684,100000,-1.241298236372637e+308,8.795578542225036e+307
68728,100000,-9.595483272820218e+307,9.268266184808475e+307
69279,100000,-4.577129623966051e+307,-1.7286887652041522e+308
69281,100000,8.418542492367598e+306,4.31613684361875e+307
69355,100000,1.7046993849215373e+308,-2.2944594613391883e+307
69135,100000,1.2580489815536712e+308,-4.2222645009187355e+307
69140,100000,5.62880125678583e+307,1.524612920919521e+307
69280,100000,6.374025080254805e+307,-1.7360987223365312e+308
69390,100000,8.344414077105489e+307,-1.7622305554728743e+308
69580,100000,-4.91772090738092e+307,1.768305033674516e+308
69642,100000,1.4020172779352938e+308,-9.618937078431419e+307
69728,100000,3.9834821987233244e+307,-4.3910200836466914e+307
68878,100000,1.4296696631670898e+308,-1.2402380793623107e+308
69401,100000,-6.406456788140751e+307,1.2230477527887902e+308
69662,100000,-1.3361914676384299e+308,-3.225050848461939e+307
70113,100000,8.985617076334535e+307,-7.695706061517828e+307
69260,100000,-5.33371501633669e+307,1.197504182085955e+308
70166,100000,-9.230878248872833e+307,1.722415738864938e+308
69621,100000,-8.069848819879467e+307,-4.055201386467482e+307
71707,100000,-1.6448697854873051e+308,3.8231752148227215e+307
74827,100000,-1.334985647825333e+308,1.1461370135031292e+308
72908,100000,-1.810889711692224e+307,1.718897003799778e+308
69327,100000,-4.563304218374376e+305,-2.241927748753859e+307
69517,100000,-1.6600406603267851e+308,-1.1922124447173858e+308
69649,100000,4.577952032271561e+307,-1.6746335621351321e+307
69236,100000,2.5340572225213866e+306,2.564660212973985e+307
69186,100000,1.779750099067741e+308,2.269835139899061e+307
69218,100000,-7.328201359369023e+307,-3.122415182714352e+306
69779,100000,8.021985193549477e+307,5.606975640833867e+307
68906,100000,1.1643486191176986e+308,-8.338549191579451e+307
69386,100000,-8.190437214610546e+307,1.5205351144377245e+307
69267,100000,1.0201886331830326e+308,-4.1532422366893667e+307
69568,100000,-2.6163858815909666e+307,5.735653290463229e+307
68974,100000,1.6540933002925057e+308,-1.7045348515740099e+308
67776,100000,1.7683997264426915e+308,4.924459907184327e+307
69247,100000,-7.549206857278096e+307,-1.0548947386814412e+308
70223,100000,-1.294333647503534e+308,-8.355797231792235e+307
69138,100000,-9.867123519249381e+307,1.5146551140558663e+308
69583,100000,-1.2529467785546801e+308,-5.218483547264769e+307
69761,100000,-1.1474307885939924e+308,6.732744779385398e+307
69309,100000,2.569880729481926e+307,-1.167565898279405e+308
67506,100000,-1.1479865987615848e+307,1.1811136169951579e+308
68869,100000,2.5787464031312237e+307,1.569225195718487e+308
70501,100000,-1.5732107302876792e+308,4.812125614801265e+307
69233,100000,1.4209601548456378e+308,-1.6066468047090824e+308
68816,100000,5.917254282118211e+307,-5.475599203617974e+307
69523,100000,7.158128326881337e+307,1.3913960067337707e+308
69812,100000,1.2275165669729039e+308,3.0638580723574913e+307
68801,100000,1.0292992330411606e+308,-8.756562899265154e+306
69801,100000,-8.784370768641925e+307,-8.169536858388954e+307
69380,100000,-4.935945606814954e+306,-1.4936670207750174e+308
68446,100000,-9.437231495261992e+307,7.962482376936581e+307
69542,100000,-1.3439139241086477e+308,1.0594873550496124e+308
69530,100000,-1.189747361392652e+308,-8.841781772548742e+307
70257,100000,-3.5836108714131e+307,5.40595876580824e+307
69044,100000,6.176937079098994e+307,2.495664355851867e+307
69678,100000,1.2528952124646954e+308,1.2074549376449458e+308
68692,100000,1.5247612830277827e+308,9.04563869023521e+307
69484,100000,-1.089909119541504e+308,1.7288715052663594e+308
68823,100000,-4.647538235925988e+307,-1.5862723876196151e+308
69915,100000,1.2670848046767787e+308,-2.8655968032359256e+307
68903,100000,-9.76932624292909e+307,-9.57715274644703e+307
69092,100000,1.5574863801062293e+308,-1.1625576844867657e+308
69504,100000,-2.2362568337202871e+307,4.4029791257410665e+307
69802,100000,-2.442100912864494e+307,1.3883989583957904e+308
69527,100000,-1.0750949684961837e+308,-3.253827804835615e+307
72175,100000,6.007330037683269e+307,9.588164844739285e+307
69771,100000,-2.3063304548399785e+307,2.617032734755511e+307
69163,100000,-6.385439817592944e+307,4.420385846954825e+307
70521,100000,1.8540351007924315e+307,1.0314186398847878e+308
67772,100000,-1.3613141110395795e+308,-2.754847438482644e+306
68509,100000,-1.7039925784604605e+308,1.0432047205967375e+307
72316,100000,6.18636490204122e+307,9.520029813362885e+307
74671,100000,-1.1213560501321192e+308,-5.402485653251831e+307
67801,100000,1.4181938034611687e+308,1.1705410597923283e+308
67785,100000,9.536887664055744e+307,-6.041314760619387e+307
70337,100000,-1.388230489963385e+308,-1.4685832707774536e+308
69389,100000,8.234927917591253e+307,3.7885073685390286e+307
69782,100000,-2.8098995962829876e+307,-1.2319226856655946e+308
68793,100000,-2.2419066560864597e+305,3.613795956896692e+306
68512,100000,-1.5684928324521588e+308,1.655046715231802e+308
68132,100000,3.981431820814376e+307,-4.567248233507538e+306
69934,100000,8.258644575978975e+306,-1.1215339433068233e+308
69493,100000,-6.72789991544019e+307,2.870664225305914e+307
69785,100000,-1.6690554129420857e+308,-3.3943599982449634e+307
70752,100000,-1.6383523046878422e+308,1.6423230407718458e+308
68937,100000,5.016028447329209e+307,1.5844726734431952e+308
69196,100000,6.484125654086567e+307,-1.8698081023181968e+307
69194,100000,-1.147218272469556e+308,-7.60277920997842e+307
70755,100000,-9.164832064348952e+307,-1.6433478201003404e+308
69298,100000,-5.231029168686243e+307,-1.1369169860716206e+308
69596,100000,-1.136146903201893e+308,-1.6837955712972593e+308
69442,100000,-1.400257376388602e+308,-3.3294800601996827e+307
69400,100000,2.0721188573673508e+307,-8.314839692924672e+307
69485,100000,1.5182956852492118e+308,-1.29440366825486e+308
69567,100000,4.0443037510662095e+307,-5.525521660874104e+307
69316,100000,1.5636235439319774e+308,4.522066357141931e+307
69525,100000,2.8025882550335257e+307,-2.806770103300534e+307
69265,100000,1.4331067470913251e+308,-3.9357260833758825e+307
69706,100000,-1.2482705324701184e+308,-5.394107883040546e+307
69277,100000,4.0909256939463404e+307,1.5802535076270772e+308
69317,100000,9.274483549692834e+307,6.686933542583182e+307
70147,100000,-1.673662504609592e+307,9.10232621493685e+307
68983,100000,-4.2484833680550936e+307,-1.7427325850378562e+308
68753,100000,1.194523308173399e+308,-7.881724423138761e+307
69630,100000,1.5436194846657718e+308,-8.289603694286778e+307
69858,100000,1.012113814992154e+308,1.0487199403780162e+308
68836,100000,9.948184464345794e+307,1.4789755273867867e+307
68987,100000,5.958055953674663e+307,7.572928832238349e+307
69083,100000,1.2457868457657818e+308,-1.527981668861487e+306
69852,100000,-1.035339029656417e+308,4.842331464857687e+307
69425,100000,-1.1509722642381744e+308,-1.1427370036023054e+306
69804,100000,4.318792421274722e+306,-1.1106411170530079e+308
69410,100000,1.054556974090127e+308,1.0291194883604513e+308
69281,100000,-1.1778984676187728e+307,1.764579145116535e+308
69448,100000,9.747494620530134e+307,-1.5908072027524073e+308
69055,100000,-1.6161059230085753e+308,1.143865165352619e+308
69230,100000,1.581123254656947e+308,6.128760421876117e+307
69473,100000,-2.5734814623261195e+307,-1.2591365902704412e+308
69201,100000,-8.768516534078918e+307,-8.775990740104308e+307
69015,100000,-5.875912689307717e+306,-1.5323329989294947e+308
68743,100000,1.3669598404845727e+308,-8.731989693156566e+307
68728,100000,2.427078087372542e+307,-1.4322384413379922e+308
68899,100000,8.534627057838456e+307,1.7776723903915446e+308
69062,100000,1.3118136954106715e+308,1.6134062969716243e+308
68642,100000,5.350188348588343e+307,-8.119273879420098e+307
68280,100000,-6.863384933719703e+307,-1.1021787603227615e+308
68119,100000,-7.037838557681501e+307,1.2689803457967113e+307
68055,100000,-1.1555264760397709e+308,2.0323043696445595e+307
68539,100000,-2.5891875338673233e+307,1.1299092711487534e+308
69744,100000,1.648917584300757e+308,9.924708206423356e+307
69127,100000,2.350184383197758e+307,9.691656866817877e+307
69291,100000,-3.184752720578776e+307,-5.522436292631001e+307
69659,100000,6.01937766408532e+307,3.1439626260881935e+307
68691,100000,-6.576474476512484e+307,5.581992170854748e+307
69939,100000,1.5134222736273142e+308,-4.577070119497721e+306
67455,100000,-1.7020019350470209e+307,-1.6239238988946496e+308
67767,100000,-2.271327498921391e+307,1.2344350913886325e+308
67916,100000,-1.558019001856628e+308,-8.627533381847195e+306
68090,100000,1.060002002909589e+308,9.032724086629993e+306
68278,100000,-1.4485892193040575e+308,-5.954998198929359e+306
68963,100000,-1.4784812220955776e+308,1.4148824124627439e+308
68832,100000,1.018110588845667e+308,-3.13783940087642e+307
69510,100000,-2.7421667911892597e+307,-1.5118921167634831e+308
69361,100000,8.347751274705153e+307,1.5362911915567694e+308
69279,100000,-1.4190899444918917e+308,-1.2684638503478686e+308
68974,100000,-8.890540468357871e+305,5.430886238070257e+307
68833,100000,-1.6241841767311272e+308,6.304554682966884e+307
69651,100000,-2.1464481611859896e+307,1.3317274825390497e+308
69871,100000,-8.33091622525594e+306,-6.696935183078941e+307
69861,100000,-1.2278119513875924e+308,-2.2631576666439007e+307
69269,100000,-1.32960470251026e+308,4.225767009639949e+307
69093,100000,-7.811258742068263e+307,-1.4975616654669906e+308
69130,100000,-5.097852236593113e+307,1.3660662954540708e+307
68925,100000,-1.6200777398137944e+308,-5.292830952544642e+307
69807,100000,-6.495499173678779e+307,7.922804620617268e+307
68731,100000,1.4185887643492021e+308,2.534258576474783e+306
69132,100000,-1.7634331685702269e+308,-6.30562849838353e+306
69064,100000,3.896819887451304e+307,9.160000940888985e+307
69763,100000,-9.00232130751974e+307,-2.6403954731413345e+307
69377,100000,-9.100461400527452e+307,1.7308943223932412e+308
69439,100000,7.301210220095923e+307,-1.7101993584473544e+308
69329,100000,7.881075731957965e+307,-8.534341329616052e+306
69512,100000,-1.3373306425075347e+308,-5.756143647338127e+306
68258,100000,-5.055249481280943e+307,-1.6603796631054935e+308
70063,100000,-2.2630100971032247e+307,2.639969146822323e+307
69227,100000,-5.400750394965761e+307,-1.7790814712340116e+308
69582,100000,-3.0217852445982593e+307,9.880494991654125e+307
68799,100000,-4.2644894616772773e+307,1.7055242241849164e+308
67865,100000,1.6873535078972644e+308,4.310525937206597e+307
69260,100000,-1.2092025391063384e+307,3.691748637051295e+307
74120,100000,-8.435119428939955e+307,-2.868234690039229e+307
69134,100000,1.030049948999346e+308,5.180375445711639e+307
69365,100000,-1.3948565558477029e+308,-7.657330043225938e+307
69617,100000,-1.1494789164879753e+308,-9.43007040773084e+307
68207,100000,5.051025002633294e+307,-1.5857095143872896e+308
68447,100000,1.7635874080621423e+308,3.3631535111861786e+307
68235,100000,1.046496173361832e+308,-4.685694858603872e+307
68604,100000,7.471930654667911e+307,-1.295566189115442e+308
67474,100000,9.678636305844796e+307,9.56912872995889e+307
68127,100000,1.4528183469967993e+308,4.787627962418139e+307
69464,100000,-1.1072793069460513e+308,-1.1781913047550875e+308
69438,100000,1.3335238535659548e+308,1.1020392519789753e+308
68568,100000,-4.809784521905237e+306,7.234232818786804e+307
69771,100000,7.483128971284607e+307,-1.2608432308708504e+308
68678,100000,1.0806967749245799e+308,-2.5396353517468984e+307
69650,100000,1.0850143065171227e+308,-4.475145621132478e+307
69758,100000,-6.469136442080872e+307,1.027694586264108e+308
69527,100000,-1.2796996802660896e+308,-4.90276950455951e+307
69915,100000,-6.268513879255146e+307,6.325377672402369e+307
69948,100000,8.693443766997137e+307,-1.3438866618498677e+308
70438,100000,-3.70042717673311e+307,-1.5916443108821483e+308
69471,100000,-4.2395781197728305e+307,-3.6969312501840166e+307
69592,100000,1.42541148218463e+308,1.3266280308416173e+308
69614,100000,-1.14017264220409e+308,-1.0920296652053928e+308
70122,100000,-8.067199646364443e+307,7.781840797418671e+307
69530,100000,7.32106019957765e+307,2.6723314455471005e+306
69399,100000,8.050243111661092e+306,1.7621717237208639e+308
69271,100000,-1.6377814540293693e+307,-4.3313652364985044e+307
69357,100000,6.545428786533261e+307,-1.1471637857878433e+308
70089,100000,-1.5855215192834452e+308,-5.580337802494888e+307
69350,100000,8.363141275616096e+306,1.6708647448352242e+307
70497,100000,-9.63893338181793e+307,-5.460735614365995e+307
68201,100000,-7.095594099056454e+307,1.3781380545871619e+308
69557,100000,-8.153871293522125e+307,-2.2124560484154316e+307
69205,100000,4.569066700403976e+307,-1.3657098297907446e+308
69354,100000,-1.27929476251363e+308,6.927567541624576e+307
70736,100000,9.421987578194877e+307,-3.7323389211972853e+307
69500,100000,-1.0840535850402623e+307,1.702717884270214e+308
70284,100000,6.209142857943837e+307,7.634788804299577e+307
68856,100000,-1.1474279093165808e+307,-1.0041151655276324e+308
68971,100000,7.490370044987344e+306,3.376416163008492e+307
66834,100000,-3.8501900300032334e+307,-7.892962086317727e+305
69376,100000,1.0858342139287176e+307,4.818166283136851e+307
69194,100000,9.613827472448335e+307,-1.263865667528363e+308
69036,100000,1.3690874610225049e+308,6.250664250043812e+307
69089,100000,3.283721553032939e+307,2.2310778177606172e+307
69598,100000,-6.572446479633099e+307,1.5516005630563775e+308
68763,100000,1.0747999397596595e+308,-5.68713834956626e+307
68169,100000,6.871341786727769e+307,-1.6270678750812735e+308
69008,100000,-1.1620134698720762e+308,-1.5187337081037345e+308
68020,100000,6.880042445887036e+307,1.6858449882664485e+308
70125,100000,-8.858906401419359e+307,1.6578663631265896e+308
