elapsed.ps,repeats.n,param.x.float,param.y.float,param.z.float
42860,100000,6.497459000338168e+307,-1.2497778645018653e+308,1.0274930617815638e+308
42790,100000,1.0894869129280432e+308,-5.981109623357443e+307,7.137040529716347e+307
52590,100000,-1.679252394243486e+308,-1.7078152850590084e+308,-1.607374399748518e+308
42358,100000,-7.164160485685635e+307,-1.0498661480857086e+308,1.7496470825018866e+308
43037,100000,6.670942903096902e+307,-5.589256435669269e+307,-1.4377595526976453e+308
53221,100000,1.129050245256047e+308,8.321791428595574e+307,4.93810723726099e+307
42496,100000,1.5234303375263997e+308,1.1796656378512877e+308,-1.8055795592405216e+307
42552,100000,-7.917757362754027e+307,7.018605561955862e+307,-9.052916086167087e+307
52736,100000,-4.316786349998613e+307,7.711243506743814e+307,-2.0500943592267123e+307
44146,100000,-1.7565334288906536e+308,-1.6653818739804078e+308,3.272714052745976e+307
42395,100000,-1.171817692796073e+308,5.756557340844236e+307,-9.746278283555364e+307
42579,100000,1.683652776443084e+308,-1.074891836390687e+308,-1.2282172727532287e+308
43228,100000,-1.696203899708878e+307,-1.481341945606855e+308,5.940913871560581e+307
42220,100000,-1.3337319554237692e+307,-2.5218895506652603e+307,-1.3435342212724895e+308
42620,100000,-1.7381582372458826e+308,-9.2348040491174e+307,-5.101200135734015e+307
42867,100000,5.713469776226581e+306,-2.7094386973557964e+307,-2.1453613674349455e+307
42583,100000,-9.139833658288294e+306,-1.6885730766424148e+308,-5.370491929392452e+307
42404,100000,-1.3519172890672209e+308,-1.111617506040186e+307,-1.4096609330200434e+308
42787,100000,-1.3167839177190846e+307,6.338539391926149e+307,-1.649487079382877e+308
42271,100000,-1.2222021161979678e+308,-1.7737203794572422e+308,2.3185871431826345e+307
42516,100000,9.155847369774525e+307,1.1109655087839514e+308,1.415024399927212e+308
51998,100000,-5.226843944593082e+307,6.033239161998573e+307,7.627696718163986e+306
42650,100000,-9.146707936932812e+307,1.1109598934502073e+308,-1.3565443926598991e+308
42376,100000,-5.695281088766223e+307,6.473496088230732e+307,-1.578890287909636e+308
50962,100000,1.5320809649179456e+308,-3.150193355253339e+307,-1.7432275165954287e+308
42435,100000,-5.903802693567753e+307,-3.204416447665654e+307,1.3510889896112136e+308
42912,100000,2.3015536149588763e+307,-8.865233510513776e+307,1.1239952865516699e+308
45842,100000,9.133935672290006e+307,1.5070715670909389e+308,1.2809817848524347e+308
47120,100000,-1.33053493997427e+308,1.2150646215149607e+308,9.52447688351296e+307
48043,100000,-4.7545938474701587e+306,1.505880213384321e+308,-7.852062336467126e+307
42356,100000,1.1454281029371374e+308,-1.6167065021054645e+308,9.506286087635832e+307
42677,100000,-8.131705577205848e+307,7.205104781487577e+307,-1.545983070495904e+308
44202,100000,5.928309837637124e+307,-9.600466040213788e+307,2.6974976781612978e+306
42728,100000,1.350327323991161e+307,-1.2799277950372863e+308,1.4645900654965672e+308
42706,100000,-1.123300209263536e+308,8.474611726566368e+307,1.084599099970297e+308
44052,100000,-3.824430724390369e+307,-1.7240773748911874e+307,-1.3605623692360456e+307
43099,100000,1.2617825486334154e+307,1.0796889843279125e+308,-4.390810249992799e+307
43297,100000,6.423342772279584e+307,1.6106843506390963e+308,4.889088536668032e+307
43123,100000,3.850702190457376e+307,6.264332581567428e+307,-1.4578586846651588e+308
43145,100000,-1.359415710090087e+308,3.5196372168809656e+307,-1.3637739454964095e+308
42698,100000,4.217829225365869e+307,-4.4417750038077395e+307,-1.5253758392389541e+308
46210,100000,-1.7377147011461358e+308,-1.1411569107987218e+306,5.320604092793399e+307
42816,100000,-8.713032048865668e+307,8.133085762992469e+307,-1.208659368829985e+308
43408,100000,1.4634451067919905e+308,1.899366945688756e+307,-9.042827636077969e+306
43342,100000,-2.929433361961714e+307,-9.296700112219158e+307,-1.686547741130381e+308
42477,100000,3.449620360895343e+306,1.0877027402395247e+308,-7.383637939366739e+307
44487,100000,3.158787033859011e+307,1.2992015014594417e+308,7.667383292390609e+307
44380,100000,5.939034077217659e+307,7.014573110142049e+307,-1.0925974596929168e+308
42512,100000,-1.6130400751701294e+308,1.297566220312597e+308,1.7679760774752764e+308
47278,100000,-2.4886917795513913e+307,-5.294876615925229e+307,1.7430328084876277e+308
44303,100000,9.272831766097288e+307,-8.817303386285971e+307,6.419530092574584e+307
42595,100000,1.4553783686960678e+308,-1.3303244294142016e+308,8.9993496660781e+307
44910,100000,7.075504209659927e+307,1.0817086187100581e+308,1.3612696409181422e+308
45363,100000,1.6049225409282988e+307,4.683248136145068e+306,7.313875849679113e+306
42495,100000,-1.3643865750509274e+308,1.3148980170755214e+308,1.6578938939585018e+308
43979,100000,1.312320959860873e+308,-6.344713998997664e+307,2.32542682822902e+307
43373,100000,-1.1878667571284628e+307,9.010872398598233e+307,2.5884438197946267e+307
42659,100000,1.0918835582927746e+308,-5.95808200202611e+307,-1.410311507032116e+308
43122,100000,3.605755635387157e+307,-7.870286154197026e+307,2.732531234421028e+307
43320,100000,-1.2455715617556486e+308,-1.8091402208919749e+307,9.602452854761485e+307
43185,100000,-4.3573701270425586e+307,-1.1913618515375007e+307,5.861181980094167e+307
42440,100000,-1.2780520273613683e+308,1.5758809236066297e+308,-1.790521495455496e+308
42734,100000,-1.5451713620192311e+308,-3.620781186330781e+307,7.079012067591443e+307
44573,100000,-1.3231466719514215e+308,-6.024148788288167e+307,5.800607215666296e+307
43104,100000,9.353359510755457e+307,-1.7749767766564064e+308,-1.6098110067113495e+308
42726,100000,2.482893124358702e+307,3.1636341607468483e+307,1.2859000360099551e+308
43120,100000,-1.7501869438762953e+308,-1.5117058924202493e+308,-7.193554826801833e+306
42709,100000,-1.4489231880958053e+308,4.1029371139072684e+307,-1.4543190330016717e+308
42715,100000,-1.2939135695766284e+308,-4.4614905100925134e+307,-5.0755529839469865e+306
42164,100000,7.568223202150255e+307,1.225653191140933e+308,-1.0855662431592938e+308
42655,100000,-1.218364054281522e+308,-1.7086465260275117e+308,-9.879232753283729e+306
46744,100000,1.2108472491161342e+308,3.265074449773318e+307,-6.845972101375856e+307
42648,100000,9.006438824578146e+307,4.048299490914853e+306,-4.3848691879911793e+307
42633,100000,-2.2732989820814865e+307,-1.2492219734725906e+308,-1.5642684370803741e+308
43580,100000,1.2138714329612028e+308,-1.4675510108445903e+308,1.4275638986414826e+308
42157,100000,1.550304379429104e+308,9.256432562813537e+306,1.526776115836862e+308
42381,100000,1.4644214471797316e+308,1.2288265840219611e+308,-6.681840065590527e+307
45891,100000,6.004110052715661e+307,2.0851901088180955e+307,-1.032587733946961e+308
45338,100000,-1.5142214196507755e+308,1.8432916096214604e+307,1.2877449484906963e+308
42968,100000,1.0962806201670194e+308,1.758467333522415e+308,-8.112648755170921e+307
42481,100000,2.489937137276072e+307,4.422827403309558e+306,-6.124619893251341e+307
43030,100000,1.6127429313978536e+308,2.529504376823782e+307,-1.0044656347222418e+308
42625,100000,-7.123017306662099e+307,1.557700281364763e+308,1.4646537728605922e+308
42473,100000,1.2411366896793577e+308,-1.4595440805262178e+308,6.769305106128538e+307
42651,100000,1.0757708723396977e+308,1.3509339575216647e+308,5.47332702374044e+307
43012,100000,-7.14357309194958e+307,1.0663667371241123e+308,-1.4374407821759326e+308
42643,100000,9.087920361733464e+307,-1.3328348645352605e+308,-1.6201935112632935e+308
43058,100000,1.0861549976966662e+308,3.172513982214462e+307,9.50264255106018e+307
43231,100000,-8.450835251203129e+307,-1.7325155424064823e+308,-9.12430659691328e+307
42940,100000,-1.1552808245473523e+308,-6.766861063497895e+307,5.393012630234067e+307
42341,100000,-6.021449113404864e+307,-6.350583779509092e+307,-5.865372169934207e+307
47194,100000,1.7175274252681382e+308,2.346920100588177e+306,6.060960841169095e+307
42523,100000,-5.933312109791404e+307,4.49088681686756e+307,-8.8979684146565e+307
42357,100000,1.4606245899244793e+308,1.5016323889906124e+308,-1.5424846118351133e+307
42912,100000,1.4736020195678278e+308,-1.7490309852555203e+308,-7.839509098992119e+307
42522,100000,-1.272686435011968e+308,-8.090872704931181e+307,-1.0449953844438553e+308
42408,100000,5.11867071304407e+307,-4.778221417802885e+307,-5.10231590028516e+307
43401,100000,-1.415439601320754e+308,-6.104369068171283e+307,-8.086767208356336e+307
42362,100000,1.1668892657170733e+308,8.32222351592602e+307,9.803387466438814e+307
42342,100000,4.272321898765758e+307,-1.7764731876630535e+308,8.639663798990318e+307
42502,100000,-1.7066642939429802e+308,1.0107317067085423e+308,1.5849920711970806e+308
42985,100000,8.415693106696129e+307,-1.5916681441132067e+308,-6.018921308608097e+307
42374,100000,1.4472116076485483e+306,-5.2569074896006496e+306,1.7403550182165266e+308
42642,100000,7.202874438628491e+307,1.194832744430724e+308,3.55914932645989e+307
43079,100000,1.49309894341715e+308,-3.212752501801691e+306,7.765218996954652e+307
42471,100000,9.713850705992279e+307,-1.2744358702226495e+308,4.913713875148132e+307
42642,100000,-4.539104066029504e+307,-1.3697384427933218e+307,-2.282222798415717e+307
42353,100000,1.3388073140726606e+308,-2.7400028290903727e+307,7.995410183334854e+307
42649,100000,2.4814878118558923e+307,5.704014117921778e+307,-1.0031679582400774e+308
42960,100000,5.200705647374011e+307,4.965739447320828e+307,1.697434803977574e+308
42920,100000,3.9789409362629275e+307,3.338780933674562e+307,2.046268344944164e+306
43809,100000,7.529601452252247e+307,1.1622168753759135e+308,-8.456149775004953e+307
42551,100000,-1.4324568286821283e+308,7.208712630088436e+307,-1.272520628506134e+308
43216,100000,4.621469004147246e+307,4.346649571176731e+307,-1.1042367717981794e+308
43195,100000,-1.1733964465315258e+308,1.0922616937306467e+308,5.11572871144609e+307
42536,100000,-1.5357151845271384e+308,-3.6541251757830926e+307,1.4498730628393897e+308
42665,100000,-1.2728458279275836e+308,5.13586738244067e+307,-1.6021587080112598e+308
42976,100000,-1.9763413877660092e+307,1.511702257176399e+308,-1.6717054407378796e+308
42357,100000,-1.0109549941876215e+308,1.6874216804386503e+308,1.4948288050901708e+306
42772,100000,-1.4070985767812014e+307,-1.6716033309646409e+308,2.8471222908075983e+307
42289,100000,7.147861977962784e+307,-1.0320250677680497e+308,1.4319133768419564e+308
43546,100000,-3.0834851863091834e+307,5.455458831541394e+307,1.0021427642374833e+308
42596,100000,-1.3648322647384023e+307,2.6460466685590464e+307,1.4198788088700589e+308
42420,100000,4.1067346518640606e+307,-1.7283626867028813e+308,-1.1823177217659595e+307
42832,100000,6.095041666287731e+307,-2.075816752303626e+307,-1.4802559580595674e+308
42761,100000,1.0840229693824318e+308,-8.173089044469712e+307,-1.6561472769595541e+308
42725,100000,-1.0479805643963929e+308,1.5168293381815986e+307,1.3879536251653646e+308
43323,100000,4.0356670231576487e+307,5.340452523251226e+307,1.504022325516302e+308
42333,100000,1.2093705499453207e+308,-1.2967601033233346e+308,1.090714229074773e+308
46040,100000,1.265352574981716e+308,-1.7419289489197569e+308,-1.6567886227709409e+308
42288,100000,-4.8079344604448997e+306,1.2861142219218978e+308,-8.548027754500023e+307
43744,100000,1.3396079504626366e+308,1.7164975977581581e+308,-8.744797241825516e+307
42757,100000,-1.411907321181681e+308,8.222001458340751e+307,-7.248655989729405e+307
42497,100000,-3.2730000432301357e+307,-1.7263058372709747e+308,1.3378932274795959e+308
46237,100000,-1.05616605352087e+308,3.9674415157942195e+307,9.182278013203436e+307
43293,100000,1.4328994651612926e+308,1.314204916840175e+308,9.19722457911414e+305
46124,100000,9.301930479055484e+307,1.5827049548943215e+308,-3.7184481809072723e+307
42930,100000,-7.224404264587532e+307,7.268304330368075e+306,1.2303720270612266e+308
54888,100000,-3.7320925315825417e+307,1.2862326911913804e+308,7.281789577071713e+307
42638,100000,4.1710695655253733e+307,1.674078951531237e+306,-7.093559187679637e+307
42361,100000,1.675785347154405e+308,5.319341595990495e+307,1.7544313457720056e+308
42784,100000,1.5677276687035654e+308,-1.5733217358050174e+307,1.773339720434624e+308
42272,100000,9.909544485419818e+307,-8.881990551260879e+307,-1.3577720405734986e+308
42813,100000,1.6593076383465887e+308,6.670371575859319e+307,-3.3754410204813317e+307
43384,100000,1.3620594188434256e+308,1.1919772105933118e+308,-8.470396235279705e+307
42819,100000,-2.6379575415371083e+307,9.407324269987918e+307,-1.153626249735193e+308
42604,100000,-1.1773879915318052e+308,-1.2586370084543688e+308,-7.66486769221713e+307
43383,100000,2.146353647904935e+307,-8.804973187277819e+307,4.856453333368622e+306
42292,100000,1.3052023192521408e+308,1.1359447397815065e+308,-1.214832506164198e+308
47151,100000,-1.7311629806441785e+308,-1.3280919833897516e+308,-3.8996791982106e+307
42775,100000,-1.2017297671166678e+308,-1.0313760690847576e+308,-1.0111673959651848e+308
46602,100000,8.167188262394041e+307,-1.553286396135129e+308,-1.2949459676440234e+308
42649,100000,-1.0398850287657417e+308,3.320203217110367e+305,7.550258667785165e+307
43525,100000,1.3901893754879248e+308,-1.076909874373923e+308,-1.293490146302096e+308
47481,100000,-2.789649891319536e+307,1.3471645472731845e+308,-7.202074643577261e+307
42961,100000,4.30948397317075e+307,5.912074885007173e+307,-1.5571093702768436e+308
42490,100000,-8.670914345692864e+307,-6.312256009969175e+307,3.7251469407229785e+307
47654,100000,3.288702203349715e+307,-7.227805245500844e+307,1.4086607052119837e+308
42149,100000,1.2108048245191873e+308,-1.2355941995404866e+308,1.486177785408573e+308
42451,100000,1.179291141761774e+308,-1.1817083569752292e+308,-6.576268543232313e+307
42330,100000,-1.3545329217926686e+308,-1.1688249281603623e+308,-1.1178277574701171e+308
46396,100000,5.7944913710001e+307,8.085509547672895e+307,-6.969662525053872e+307
42194,100000,4.024661803808166e+307,-1.41734237020311e+308,1.716190082760805e+308
42989,100000,1.254166625228763e+308,1.7746782367809262e+308,2.6709108720733265e+307
42962,100000,7.819090869967383e+307,1.0753246158460866e+308,7.879920635613677e+307
51846,100000,-3.809162422857187e+307,1.0090853813696509e+308,-1.04154973886752e+308
52536,100000,-4.812568926364238e+307,-2.6474851639861816e+307,-1.2843551272007923e+308
44783,100000,1.497237878405416e+308,1.374687176338441e+308,1.0229074949749637e+308
43937,100000,5.903563814439307e+307,7.077453224310663e+307,1.7228748576566347e+308
50350,100000,8.264893771412174e+307,-1.6794518354291237e+307,-1.2251292477306505e+308
43606,100000,1.564243968485923e+308,-1.7784704323893612e+308,-2.152532551033952e+307
45285,100000,-8.250827408179779e+307,-1.287084600996839e+308,-6.207295006745963e+307
55532,100000,3.11052836582719e+307,4.917231791441432e+307,-1.0420263601005768e+308
42260,100000,6.076396319242204e+307,1.2248439286623192e+308,1.543472203706895e+308
45315,100000,9.022754499340866e+307,-1.0956420751595786e+308,1.1097944489123108e+308
51584,100000,1.3057419302613273e+308,2.581682743049436e+307,-1.3050731600320749e+308
47258,100000,-1.2370720304722043e+308,-2.9244045637203293e+307,-1.6245241119529271e+308
42190,100000,-3.691657100531515e+307,-4.088808833071452e+307,-5.432325442019343e+307
46926,100000,-1.6696794758176378e+308,-8.139443685907292e+307,2.575391724262603e+307
43138,100000,-1.1562152946623408e+308,-1.404429260059423e+308,1.0607130769151229e+308
46524,100000,-4.894180211170221e+307,1.65124101930797e+308,-7.753304438956438e+307
43239,100000,8.589019092644118e+307,5.217655401833042e+307,-6.67445759684525e+307
42990,100000,2.770251342498473e+306,6.918550844527177e+307,3.1143394490520526e+306
46445,100000,-7.031465252247292e+307,7.005808670059001e+307,-9.881861466640218e+307
42303,100000,2.8760308203977554e+307,7.223735641314895e+307,1.4341009845558762e+308
42719,100000,-8.877355496163744e+307,-2.3091479314243842e+306,1.2356031654957886e+307
42852,100000,-1.057611010108761e+308,-1.424551474394674e+308,1.2988354478354666e+308
44893,100000,1.6599032199354063e+308,-8.527419039382323e+307,-1.0410623184796195e+308
42511,100000,2.534704167874778e+307,-1.3883669920362493e+308,-1.3642264762219423e+307
42684,100000,-8.511877893745397e+307,-1.0016189498702945e+308,-1.0745551570718954e+308
42913,100000,1.46649399251951e+308,-1.6123531885160771e+308,-5.25968807874727e+307
46078,100000,-1.223766118996956e+308,1.4127878911211917e+308,-4.651327666289956e+307
46565,100000,4.4585185139892063e+307,-7.723870027076846e+307,1.697567684396769e+308
44367,100000,1.7772042086553644e+308,-1.488807329522745e+308,8.94607984800409e+307
42107,100000,-9.131961684353445e+306,1.1841443000811242e+308,-1.6555877802755515e+308
42572,100000,1.037183838322193e+308,-1.6366289039882498e+308,1.3557877393089938e+308
47857,100000,5.61410566661814e+307,3.20150353247018e+307,2.009784719379976e+306
42401,100000,9.50149564008978e+307,-1.3643545966179436e+308,5.954435737302106e+306
42394,100000,1.8260968462725062e+307,-1.1934261117727579e+308,4.2363255947594714e+307
42400,100000,1.5066924799147483e+308,1.1775779897882962e+308,2.2360797383597644e+307
42746,100000,-8.327377380743426e+307,-1.3072354580603372e+308,1.6317565283889961e+308
41945,100000,8.005528617899358e+307,6.76107289594664e+307,2.190100239353286e+307
42270,100000,4.2847305870354126e+307,2.3700553672133982e+306,1.0827964415786258e+308
42456,100000,-5.231803143144624e+307,1.2183439441486014e+308,-3.0418058526109606e+307
52453,100000,-1.4764926622508717e+308,-1.0592734277210031e+308,1.0077388534908294e+308
54241,100000,-1.550117275542494e+308,1.6980171425464621e+308,-1.2630143680963232e+308
50910,100000,-5.209750913758324e+307,1.4061019565365408e+308,-1.0350098878218767e+308
42834,100000,5.707058824089468e+307,-1.138630118458054e+308,9.297101082311144e+307
42335,100000,1.6203776563685428e+308,5.194932794550634e+307,-1.0790710583011009e+307
55891,100000,5.754101680117321e+307,-1.921114235221624e+307,-8.617378395552012e+307
42107,100000,1.5683431837744989e+308,-1.615039942715637e+308,-1.7016384588142605e+308
42350,100000,1.2074252959505438e+308,-1.1394048665997437e+308,7.955946945245954e+306
56311,100000,-2.1104521579027809e+307,1.089273330129823e+308,-1.7081529761725686e+308
41938,100000,9.668707126290616e+307,3.752561859585708e+307,1.3608560730246803e+308
42562,100000,6.800401236334131e+307,5.428199650966411e+307,4.857718010418787e+307
42934,100000,-2.576517805985464e+307,5.24404481686596e+307,-4.851841277406773e+307
42354,100000,-1.5805059135937776e+308,-1.7231222661753044e+308,-1.4743773781452746e+308
42214,100000,9.74622107273862e+307,-2.703679882367723e+307,-6.059439282222308e+307
46783,100000,-1.0952842079461471e+308,-3.299824460251427e+307,1.665736835535252e+307
43145,100000,-5.480477109932169e+307,2.6752334262134393e+307,1.1825062341138592e+308
42174,100000,5.388440157925527e+307,-8.457292413660457e+307,-6.622751560740662e+307
52333,100000,1.711514015094811e+308,1.7707293267100938e+308,6.525300154017947e+307
43130,100000,-1.7847113265112626e+308,1.0164453824263112e+308,9.855487554856801e+307
45562,100000,8.526928753215458e+306,-1.5184937600334815e+308,1.0170356234633312e+308
47859,100000,1.6784482815997004e+307,-1.0888681542170055e+308,1.2762427675794324e+308
50572,100000,-8.385179239702145e+307,-1.7255795941932866e+307,-1.019393716778133e+308
58577,100000,-6.821257532797095e+307,5.329742057634295e+307,6.920803038537822e+307
59395,100000,3.105712313808623e+306,6.737591134165934e+307,1.085390765730396e+308
59505,100000,5.294071915019929e+307,1.5547456285041265e+308,-9.131589702307996e+307
43060,100000,-1.7418202910028103e+308,-1.2613857444258042e+308,-2.0806851237982424e+307
42513,100000,-9.257318412153761e+307,8.203111698541019e+307,-1.540089378858356e+308
42647,100000,-1.5224226636063481e+308,6.884844266136215e+307,-2.7217862376489897e+307
42832,100000,-5.888693208344181e+307,6.301219397512773e+307,-8.461777229246517e+307
42790,100000,9.934565240496693e+307,5.387871480415008e+307,2.5922572299118754e+307
61500,100000,7.230906171084835e+307,1.2866683476197416e+308,2.263168937305049e+307
42547,100000,8.317335121258679e+307,-6.593812555980444e+306,-1.214640917431459e+308
42960,100000,-6.030356769109293e+307,4.0743606076079066e+306,1.463654321708621e+308
61718,100000,2.1713629786040464e+307,1.00484019464884e+308,-1.0659254315983446e+308
42305,100000,-3.2194112020563407e+307,1.281271100563315e+308,1.0730338873475318e+308
42135,100000,9.486015596718004e+307,-7.020841119304357e+307,7.013996809104129e+307
42066,100000,5.547230873627375e+307,1.2407292767960881e+308,1.45062741918287e+308
42084,100000,1.1256130417178472e+308,9.567497837588334e+307,-8.37331539832878e+307
42093,100000,9.665791649427586e+307,1.3950329111704335e+308,5.658611303617722e+307
42219,100000,-1.2487735338353039e+308,1.2055857644123154e+308,1.0396097776989958e+308
42586,100000,-1.1812750790482078e+308,6.829110216829701e+307,4.195257699946036e+307
42431,100000,-7.160514878667406e+307,-1.0253845024185784e+308,9.319754254333892e+307
42352,100000,5.967401664678517e+307,-1.1762493010192386e+308,7.036466865184618e+307
42204,100000,-4.115397202940113e+307,-2.9447880883498705e+307,-6.571285844170806e+307
42148,100000,1.5798331207777004e+308,-1.7425344383599646e+308,9.27558956714045e+307
44812,100000,1.0513780088752565e+307,-1.298717659052185e+308,1.1550643673174644e+308
42721,100000,1.1246348273782786e+308,9.073874345815004e+307,1.735764834538377e+308
42895,100000,-9.949021166766962e+307,-1.4731786650538626e+308,-4.642014312745415e+307
48469,100000,-1.3415683819043414e+308,-1.1899157016632836e+308,-7.494591167006683e+307
42997,100000,9.105772820514362e+307,-8.972550254432548e+307,-1.2972556303314418e+307
42294,100000,1.4569364046878862e+308,-1.7868905788195937e+308,2.1175138797629986e+307
44508,100000,-8.038105160096267e+307,1.5054529579259656e+308,1.3054320371365614e+308
44609,100000,-7.410943442795481e+307,-1.4712358122147705e+308,-5.497832311986545e+307
41877,100000,-1.018719730153062e+308,3.503004111067311e+307,9.719837049421484e+307
44273,100000,7.470227393468793e+307,-1.5512341183834262e+307,9.950714115903982e+306
42620,100000,-1.891587773818284e+307,3.903241242072373e+307,1.2637057036699311e+308
42808,100000,1.076015137557062e+308,-1.6447402155282656e+308,-1.5049213153239187e+308
42192,100000,-4.803506643639365e+307,-1.7355357295815383e+308,7.505777222324305e+307
43296,100000,7.858039693451519e+307,-1.6736642367819936e+308,-6.55314609979975e+307
43211,100000,-3.607126424459487e+305,-1.1049291667500426e+308,7.957395759009594e+307
43549,100000,2.8548067253575835e+307,3.746663396290625e+307,-1.6721457324871213e+308
45729,100000,5.015391176193599e+307,5.978112634820107e+307,7.749196348356947e+307
43928,100000,-7.607672159257617e+307,-1.4571128723273676e+308,1.4280062662985036e+308
42309,100000,1.677252508119122e+308,8.115581736497053e+307,-1.1869504248085632e+308
42552,100000,1.120508042050809e+308,-1.4012715782080004e+308,-1.0550923362832319e+308
42822,100000,1.7963255936908019e+308,1.4152780672738152e+308,-4.2623270993858695e+307
42473,100000,8.982191625936884e+307,4.383556656544356e+307,1.4368691544815545e+308
47792,100000,-1.2912148547331833e+308,6.741462913359936e+307,7.531677657346616e+307
43622,100000,-1.7419038998244376e+308,1.711444652328025e+308,1.7963328070167438e+307
42286,100000,-7.600826503403069e+307,-1.2338685290647388e+308,1.404793896739049e+308
42901,100000,-6.759475729403077e+306,-8.528323991966003e+306,1.0149669906042028e+308
46614,100000,-1.3289864995774747e+308,-1.161519632799534e+308,1.463273513965336e+308
42788,100000,1.218899006684726e+308,1.271904108295078e+308,1.6582561827498223e+308
42645,100000,-1.019265771627524e+308,3.8576461878021786e+307,1.0555207801869854e+307
49342,100000,-1.6092895658592346e+308,8.313318377092637e+307,-2.3974234265623745e+307
42547,100000,1.2654797799634354e+308,-5.584179815693218e+307,2.6862141228772253e+307
43786,100000,1.5337956469590878e+308,1.25808463652887e+308,-2.566043576400633e+307
42546,100000,-1.2937968714032717e+308,-8.963896226996593e+306,1.2710405765724283e+308
42210,100000,-2.1190890608772767e+307,-8.360623650853711e+307,-1.3529244068691124e+308
46816,100000,-7.963566773627513e+306,-3.583580587031299e+307,1.6945313503744924e+308
44409,100000,-1.3860476644299335e+308,-1.7353532022141908e+308,-7.10901960251104e+307
42016,100000,1.3337633037134864e+308,1.7875211053731908e+308,-1.0598982083402118e+308
42950,100000,6.415900131547466e+307,3.968206485858224e+307,-1.207044371084674e+308
42363,100000,1.3322946978009067e+308,-1.5530630215068791e+307,-2.0810631502836174e+307
42132,100000,1.7314724034929007e+308,9.8877738147691e+307,5.978258735624456e+307
43132,100000,-2.776717049350521e+307,-1.2359007891099665e+308,-1.71858127344106e+308
43470,100000,-5.023090408482575e+307,9.967310879460375e+307,-1.3583483498567908e+308
43137,100000,9.114497064810239e+307,-9.796004826357943e+307,-1.5791078262658917e+308
42853,100000,1.1346171862010106e+308,1.2656517211758673e+308,-1.3105389305675066e+308
42395,100000,-1.1096551489400438e+308,4.343548192651782e+306,-1.1094165185737235e+308
42608,100000,-9.224960166189993e+306,1.3615449323089106e+308,-7.287133205248356e+307
43200,100000,-7.475615085519738e+307,-3.008730746816369e+307,1.3845104016960283e+308
42636,100000,1.711517113698486e+308,1.0009065572626537e+308,4.925265349483995e+307
42603,100000,-1.0884563538274024e+308,7.855333204572631e+307,-1.7460357565986782e+308
43060,100000,5.904954329142902e+307,1.1154857299772401e+308,1.214162525024832e+308
43347,100000,-1.1820542458912163e+308,1.1441197431920528e+308,1.3985558544405363e+308
42389,100000,-1.39785094213445e+307,-1.7376422649944124e+308,2.6456861707492173e+307
45991,100000,-1.767858869923091e+308,-5.943704125925997e+307,-7.876182399249962e+307
46681,100000,-1.7023502400296235e+308,-1.310255362424846e+308,-8.643654086331123e+307
42244,100000,1.3935136060715969e+308,-1.66207745627601e+307,9.412338090912604e+306
42456,100000,1.7083661526252042e+307,1.5763935686462511e+308,8.180906370375188e+307
50243,100000,-7.101142920019398e+307,8.610246447346192e+307,-1.5962626116733049e+308
42477,100000,5.147330462188542e+307,-7.774890454028225e+307,1.0711059305987746e+308
42515,100000,1.7341940060370297e+308,4.301191490546403e+307,1.7590262617792766e+308
52106,100000,9.00582219956966e+307,7.135346314507241e+307,-6.943411342804821e+307
60015,100000,6.358698291740428e+307,-9.088006661929897e+307,-6.011038200255112e+307
50189,100000,-7.094537558080131e+307,8.087345819690713e+307,-1.4991082636860682e+308
43137,100000,-8.111916028189239e+307,1.5830207897373226e+308,1.1566703555972834e+308
46019,100000,-2.981463113303643e+307,-7.002625665483192e+307,1.600147525283573e+308
42286,100000,-4.538146583926575e+307,-7.667075492589968e+307,3.675238010927327e+306
43904,100000,4.960240304206544e+307,-6.824026456409664e+307,-8.744157165838449e+307
48472,100000,-9.402177794436244e+307,-1.4239917754835363e+308,1.3278118391218877e+308
42595,100000,-1.6515634773227553e+308,1.7837639243052688e+306,7.806137967894886e+307
56563,100000,-1.2566712591440792e+308,-1.0312907835813542e+308,-1.4211446436583433e+308
46049,100000,-1.5196654529693176e+308,5.612378678367975e+307,-1.7076755057356115e+308
42472,100000,1.7416254429180888e+308,-1.4718693824192355e+308,1.6938316073286771e+308
44124,100000,1.6255395087676584e+308,-1.9439976977459214e+307,-1.0171296518655794e+308
50855,100000,8.508694325059838e+307,-1.284045055408937e+308,8.490951978104879e+307
42191,100000,1.449284424081375e+307,-2.8184203883982636e+307,1.4617328105115687e+308
47565,100000,-5.310439915339574e+307,-1.4061598782766035e+308,-1.6607912357039885e+308
51056,100000,1.4059869275806474e+308,1.2469381388079696e+308,-1.762136056606975e+308
42384,100000,8.556783275285206e+307,-3.7289801134321773e+307,-1.2245451862246872e+308
46506,100000,-2.5854685648178326e+307,-1.5241766164257799e+308,4.72829470203846e+307
46155,100000,1.0981055888819852e+308,-3.0170041228622974e+306,-2.339929668143438e+307
42472,100000,-7.838223991631538e+307,-8.211791714177159e+307,1.1684176134291111e+308
47415,100000,-1.1949329617685862e+307,8.857170598465261e+307,1.3822054182306475e+308
42631,100000,-2.1416371197909888e+307,-6.095631270387483e+307,1.197025478114452e+307
43394,100000,-1.6014192561039567e+307,-1.7301942426229156e+308,1.2417488526571255e+308
47396,100000,-2.7542602264049427e+307,-6.381560851250549e+307,-1.6447766585504977e+308
43127,100000,-9.236815194896898e+307,-1.5146107876906148e+308,1.0409806941487247e+308
43351,100000,4.162314478502452e+307,-1.0859748031034863e+308,6.940917281567007e+307
47090,100000,-1.4407364980790006e+308,1.2338559629819665e+308,1.1791219164456772e+308
42872,100000,1.1275332617188564e+308,-9.12950037827352e+307,8.040975359406592e+307
42974,100000,3.0255358068716635e+307,2.8019814728415573e+307,1.2669754060080805e+308
43477,100000,-1.4739613107663025e+308,8.575122927434519e+307,3.6280890585694687e+307
50009,100000,1.3708807712397674e+308,-1.7783318236058443e+308,1.670616814046776e+307
42961,100000,-1.7654070028968615e+308,1.1442283636268226e+308,2.3790860227416997e+307
42766,100000,-7.630587775611406e+307,-1.228558742953574e+308,3.4869345984946686e+307
48114,100000,1.098726372070331e+308,1.1595338164419345e+308,6.622745711037165e+307
43664,100000,-2.312952979287918e+307,1.7591498494560554e+307,9.535218987046305e+307
43957,100000,-6.146085321666938e+307,4.445922094048459e+307,-1.036094089209194e+308
43886,100000,9.537691606805476e+307,-1.0332642296084576e+308,-9.1928261248017e+307
49556,100000,3.176306305665439e+307,-4.6649199325556375e+306,1.6482426829948912e+308
43057,100000,2.741056363395983e+307,7.968000663976329e+307,3.0189699976039326e+307
41912,100000,6.976008857045461e+307,8.136983175030263e+307,-8.782727543056574e+307
43097,100000,-1.1293495068990794e+308,6.311905734078557e+307,-1.479524085160371e+308
42834,100000,3.2383694810787677e+307,1.2696429352907263e+308,-5.166421234433591e+307
42410,100000,1.328081108492609e+308,1.1620759155589195e+308,5.124584197162068e+305
42532,100000,-1.0676501797221947e+307,6.441922676128409e+307,1.7275628842906588e+308
43891,100000,9.622468403673703e+307,3.2961221331737253e+307,-1.0009687502405236e+308
42681,100000,-1.1619899805782443e+308,-1.6657449190735172e+308,1.7582569992675485e+308
43598,100000,1.2870207630841857e+308,-1.6996311779457217e+308,1.3170547990307718e+308
42770,100000,6.149672177196871e+307,1.4063708887833949e+308,-1.869536876929835e+307
43326,100000,-1.3983674666343083e+308,-1.5250212674660753e+308,-1.2886487681601947e+308
44283,100000,-5.811045568760047e+307,1.3765910239140231e+308,3.601388228188048e+306
46162,100000,-3.9590720472486035e+307,-9.962619725768803e+307,4.678779592581877e+307
43490,100000,-9.85827838981424e+307,1.6516073757890125e+308,-1.4424148680404594e+308
42551,100000,3.860033778024646e+307,-2.9793271366873515e+307,4.2785666839189375e+307
47208,100000,7.079152327909597e+307,1.6458669324209747e+308,5.569698334033058e+307
43842,100000,1.517730430687049e+308,7.707299276076564e+307,-1.737618121351085e+308
42914,100000,1.4262529567410238e+308,5.906269612796399e+307,1.3467971381721292e+308
45506,100000,2.5211238841990263e+307,-8.937939878980977e+307,-7.06922602991573e+307
43656,100000,3.341794937425998e+307,2.8906610898544695e+307,-3.671272971829334e+307
42149,100000,-9.409538760542605e+307,-7.456810633918217e+307,9.717680543662945e+307
43085,100000,-1.3841513017828438e+308,1.3289659116358715e+308,-7.243071977342437e+307
43134,100000,4.924926054590603e+307,-9.990104366621835e+307,-1.5519729933149687e+308
42605,100000,-1.5751672888785513e+308,1.7744964461019264e+308,-1.3124613182913403e+308
42725,100000,-1.33917592589551e+308,-1.2440038766535272e+308,1.3942490573771635e+308
42494,100000,6.90989537388052e+307,-1.1570680682399813e+308,-6.605770268588168e+306
46280,100000,4.4137471212653095e+306,-5.907665547142724e+307,-7.462372769328166e+307
45329,100000,5.368271815963552e+307,7.642473706371758e+307,-8.884971776186716e+307
42908,100000,-1.4539442851747411e+308,-2.2352602861322686e+307,1.6064242313273417e+308
52411,100000,6.580393922222667e+307,9.585559166806994e+307,1.114264818087219e+307
42197,100000,-2.702776127424786e+307,3.261154298581734e+307,-1.703931854242067e+308
46248,100000,-9.161735710062187e+307,-7.902582792232158e+307,5.781972984940386e+307
44364,100000,9.229048659274434e+307,6.182697861466451e+305,-1.0355296190018166e+308
42053,100000,5.173434988890363e+307,-1.2026880378315693e+308,-1.7326830209801491e+308
42069,100000,-1.0400685789740727e+308,5.861843891540218e+307,-1.156451044413992e+308
44923,100000,1.4813397243929945e+308,-1.4159507819167792e+308,-9.960921626407966e+307
42220,100000,1.4864215811720224e+308,-1.5755299556527504e+308,-5.389565719526831e+307
42114,100000,8.885926837649557e+307,1.6658014358370076e+308,-3.6575285384344686e+307
51639,100000,2.2231397952078728e+307,-4.3340132545800154e+306,1.2013447306479982e+308
42587,100000,4.003276880864371e+307,-1.4534553973911116e+308,-1.5325692561886161e+308
42447,100000,8.380487775413009e+307,1.5916575973460375e+308,-8.675051988096153e+307
49412,100000,1.0572043179019527e+308,-5.640505014279273e+307,-1.106161812401616e+308
43833,100000,-3.0141621776040126e+307,-2.738913454128222e+307,-1.2206818731534482e+308
42661,100000,-1.198103552565162e+308,-1.30449825493682e+308,9.731836283694706e+307
47249,100000,-7.988114991501007e+307,2.343913071145135e+306,-1.0058171409882478e+308
43447,100000,1.4399904029934478e+308,1.436024166559059e+308,-1.4729967257838416e+308
42438,100000,-1.0869418141416458e+306,-1.0998682436315847e+308,4.13229699694448e+307
43911,100000,1.7425331325939273e+308,4.894382309207489e+307,-1.7109612085439806e+308
42160,100000,-1.1551212635228596e+308,-1.0684943384732352e+308,-1.1736202712897217e+308
44070,100000,-1.678928253872234e+308,-1.0858504514070794e+308,1.5083380650557062e+308
43682,100000,7.07694590198524e+306,3.511526285248452e+307,1.5551831781778946e+308
42649,100000,-1.0736314782254517e+308,1.0954558937284622e+308,-6.946089014688611e+307
43089,100000,-1.6376681444100057e+308,-3.481605957980623e+307,-1.3706681064646382e+308
47390,100000,-1.6341066510026359e+308,-9.475026941279354e+307,1.206636175484143e+308
61351,100000,-1.6196493401382385e+308,1.5291656755362359e+308,-1.0479934346623976e+308
43019,100000,6.234620028455083e+307,-1.7156392552762032e+308,5.788525616882962e+307
43339,100000,4.880327256003199e+307,-4.638692377954424e+307,-1.2271402783393698e+308
42820,100000,-3.4432524873595023e+307,-8.061648432635585e+307,-2.6269887291311767e+307
42408,100000,4.6757786885668e+307,6.91601990883377e+307,8.733858335594009e+307
42732,100000,-1.0215999662874815e+308,-9.15132848580091e+307,4.601818581732283e+307
43136,100000,-7.252724815286775e+307,1.0714118639031126e+308,1.5844001764719475e+308
42965,100000,-3.104080457956506e+307,5.905596395822184e+307,-1.3986382823047012e+308
47165,100000,-1.3243484886173583e+308,-1.4870324404974734e+308,7.595530594363278e+307
42403,100000,-1.5082964406057246e+308,4.596471374468848e+306,1.6573790263832124e+308
45505,100000,-7.043962114071373e+307,8.819945455365297e+306,-7.297809261908582e+307
50263,100000,-6.872073573548478e+307,8.214624108963565e+307,1.3425543077062278e+308
42988,100000,-1.2310282233120887e+308,-1.6356708674824887e+308,-5.524450148309738e+307
44343,100000,9.56951821808959e+305,-1.6508326143367675e+308,1.2521919629392608e+308
52285,100000,-1.6332388858600994e+308,1.7065906283013654e+308,9.130447496344296e+307
42280,100000,5.931470466997138e+307,7.840210972107306e+307,-7.105009785340975e+307
42899,100000,1.5585292827267147e+308,-4.7553345437267413e+306,6.932632702979457e+307
58915,100000,-3.925915057498761e+307,-1.0742388910836616e+308,1.2236356834471484e+308
55881,100000,1.1759024206158395e+308,4.676719587744644e+307,1.5236366140228353e+308
53069,100000,1.7547447729924012e+308,-9.263997624800242e+307,6.284688538439335e+307
42373,100000,7.053756029216792e+307,-1.085326712662643e+308,6.976312648934874e+306
58196,100000,-4.245996995424106e+307,-3.9135040952433043e+307,1.2863114919463338e+308
50899,100000,-5.326335511419357e+307,1.329059979413613e+306,3.034214614637942e+307
42591,100000,-1.2243477849165044e+308,1.2126336906387747e+308,-1.5967412643138985e+308
60100,100000,1.756184155564704e+308,4.045091610664588e+307,1.3331104232014909e+308
49122,100000,-5.748682246999825e+307,9.574661779390664e+306,1.4588868640972796e+308
42573,100000,1.175025237555346e+308,-2.390547590699577e+307,-1.1966386815344956e+308
42466,100000,2.6393108434021e+307,-8.332002193903181e+307,4.722222406076165e+307
42464,100000,1.6246054067738828e+308,7.723978271051976e+306,-9.254840164478021e+307
42193,100000,9.762411531708368e+307,2.41748431938762e+307,1.8058131212225239e+307
42615,100000,2.543497029607169e+307,-5.07909349292056e+307,4.4806461637707813e+307
42660,100000,-3.6418229912261786e+307,-1.0608778015032674e+308,-1.2566380315029833e+307
42666,100000,1.6761226250429429e+308,-5.274602855007761e+307,1.3145613830897653e+308
42206,100000,-7.25430000213613e+307,1.0243192871110292e+308,-9.07274336924399e+307
42877,100000,1.476970086528687e+308,1.5277078727001757e+308,4.569866894646025e+307
42614,100000,2.984322158915773e+307,8.811143486577134e+307,2.823616100686207e+307
42968,100000,-8.467747890676722e+307,9.54555961217402e+307,-1.7353798113525145e+308
42871,100000,7.329482512507155e+307,-8.109076893544829e+307,-6.843796281561039e+307
43024,100000,3.7501376331429146e+307,4.717836005760563e+307,-6.31672023577926e+307
43199,100000,1.2192840869441216e+308,1.4821445548022997e+308,3.3913630392636914e+307
43064,100000,-6.845715625228781e+307,-1.3379090665597357e+308,1.1777578191998208e+308
42896,100000,-1.1017988024957096e+308,-2.623449247213756e+307,1.1801572473467528e+308
42829,100000,-3.510461222710868e+307,-1.1398046045635984e+308,1.0736461996718717e+308
43162,100000,9.481781755269817e+307,2.2451101268129695e+307,-4.004014447340161e+307
42752,100000,1.630315479579298e+308,1.0833596156152229e+308,3.1521688634147294e+307
42851,100000,-1.2879721084720306e+308,4.0563442385342523e+307,1.7385944465856473e+308
42734,100000,-1.334831145260592e+308,8.93233420263952e+307,-2.831101549311797e+307
43423,100000,1.5080982450224282e+308,2.292685038654498e+307,-1.6950535353818705e+308
44511,100000,-1.3576457520783718e+308,-4.843327708922228e+307,-1.3394959433803955e+308
43351,100000,1.619233563417166e+308,1.2102250081163551e+308,-1.6856413778086709e+308
43134,100000,1.0659086900753437e+308,-7.480644663461249e+307,-3.4000863183647425e+307
44552,100000,1.2133996616619083e+308,-6.167704107375587e+307,-3.6552183129051845e+307
42842,100000,-9.455938149596619e+307,1.3405301741058581e+308,-1.0485128359165113e+308
43007,100000,1.155650007182082e+308,-1.5694680020998545e+308,-8.064303393835201e+307
44046,100000,1.3861572772846698e+308,2.9041018078786216e+307,1.0441861881397972e+307
42863,100000,-4.1005198190140907e+306,8.581059276051252e+306,4.542521300654561e+307
42550,100000,2.1768895015863723e+307,-6.991922990811369e+307,-1.5239911064480768e+307
42788,100000,1.2141480508506464e+308,-1.501212250250463e+308,7.412487270863815e+307
42464,100000,4.504053988099383e+307,-1.3373963284065829e+308,1.3087549411711749e+308
43176,100000,-1.7196638633540547e+308,-1.6828984231447728e+308,-9.950157286959325e+305
48820,100000,1.712064244794104e+305,1.5002088035881477e+308,5.82514220065217e+307
42486,100000,7.489720465103374e+307,1.1381130064352943e+308,8.008128289089908e+307
43288,100000,-5.41196384985882e+307,1.6446262211353395e+308,-1.533795788829575e+308
43108,100000,6.630875020120659e+307,9.348846870652539e+307,1.7488313427234461e+308
44450,100000,7.882282029591219e+307,-1.1602068358161374e+308,9.672929091331259e+307
42590,100000,1.032443300992289e+308,9.824956821530167e+307,1.4322617828108438e+308
44991,100000,-1.4717127348010654e+308,1.5135277260174469e+308,-1.672184880823463e+308
42888,100000,2.5739831721681417e+307,-1.3215487095093784e+308,-5.79656715441902e+307
44364,100000,-1.1872464255318198e+308,-4.377622872211808e+307,4.0044705244422174e+307
42982,100000,-5.42445965781155e+307,8.998900083566909e+307,-1.3135701324374112e+308
42771,100000,9.315554552819781e+306,1.742967613615343e+308,-1.54137292811864e+308
44061,100000,6.505936867602136e+307,-1.551848791001691e+308,-1.7654215827562972e+308
42911,100000,1.2034417176501901e+308,8.904333410687931e+307,-5.669629142653894e+307
42217,100000,-6.4004643089714e+307,-9.306914981649471e+306,-9.390838202966576e+307
45288,100000,-8.341911625222814e+307,1.791190699110041e+308,-9.014273752888054e+307
44836,100000,-1.2106585674185747e+308,1.6275364291240287e+308,-2.378666543851854e+307
42565,100000,-7.471247434601724e+307,1.7847352366645996e+308,1.7006673004707001e+308
43017,100000,6.771909671438259e+307,1.0973686783839336e+307,-1.0364078086671641e+308
45647,100000,-1.0004436267981784e+307,1.3472785029819716e+308,-8.447371128714488e+306
56047,100000,3.5693001017941245e+307,-1.4305395895810061e+308,-1.6837568410597643e+308
43289,100000,9.197561402419927e+307,-3.3572145504197514e+307,1.040429196060127e+308
44914,100000,1.478623061955782e+308,-3.682304287084032e+307,1.2380170008560087e+308
42320,100000,-1.2642726001205707e+308,-1.1925389672888142e+308,2.012361863646476e+307
43073,100000,-6.945991799324258e+307,-1.5537079500998645e+308,-1.59920069574907e+307
44376,100000,-6.241540166232873e+307,-7.25403815919916e+307,-2.1845427910327477e+307
42626,100000,7.359879104994828e+307,-9.01001837756402e+307,-7.596658158909641e+307
43159,100000,-9.743718584195198e+307,-1.2864098224553078e+308,-1.477747431745745e+308
44838,100000,6.599743407464273e+307,-3.9571889044099174e+307,1.539948651027851e+308
42861,100000,-1.0246617980281287e+308,-1.189604504700215e+308,1.2296584759004545e+308
42158,100000,5.642102410467183e+307,-1.870342322456754e+307,1.2393965669919325e+308
48402,100000,-2.5271691639792798e+306,-1.3315362381256074e+308,9.388302405471555e+306
42060,100000,-1.473182181352086e+308,1.6777705045245247e+308,1.6882241376073002e+308
42239,100000,-2.858079772579497e+307,-1.8837441029158756e+307,-2.1623770157210403e+307
46249,100000,2.9762896753231233e+307,1.4590783639522079e+308,4.771138037213187e+307
42493,100000,1.289256760831899e+308,-2.565878438327051e+307,1.4142391670177938e+308
42504,100000,1.5427314049562751e+308,1.7745203244474194e+308,-8.783171921446418e+307
43371,100000,-6.260063262104693e+307,-8.521149735400211e+307,6.533637828535549e+307
42280,100000,8.115255019023291e+307,1.7088980497873472e+308,4.916208870909563e+307
47853,100000,6.869474955837095e+307,-2.2113692684413369e+307,-9.863711676905638e+307
43658,100000,-1.0547582548508583e+308,5.407071276118879e+307,-1.1446861885029456e+308
42610,100000,2.998926181112677e+307,-2.077256428424961e+307,-1.5345623687636166e+308
51072,100000,1.0319402436296465e+308,1.784450736780607e+308,4.3509032523302056e+307
43430,100000,-1.2341745841503745e+308,-1.3348633669246133e+307,1.0623659518683582e+308
42793,100000,-7.114527656100006e+307,9.508607195449287e+307,1.4786908915692606e+308
51581,100000,-1.9834244011275027e+307,1.5506431698881723e+308,-2.9796706699432537e+307
42743,100000,1.7821244010069027e+308,-9.66956163091216e+307,1.585733724345912e+308
42820,100000,1.1673031511490223e+308,8.471088492671702e+307,9.592801842517627e+307
51204,100000,1.3164589321883434e+308,7.242894628031945e+307,-7.387795592289696e+307
42372,100000,-1.3461006889677614e+308,-1.293368769883131e+308,3.3963176715928853e+307
43226,100000,1.1348218889066447e+308,9.958684213678048e+306,1.0708882139535776e+308
43780,100000,3.952629758144792e+307,-8.741221840647684e+307,6.190716584827655e+307
42697,100000,-8.947376113536187e+307,1.0832937504303909e+307,-3.9964044875183785e+307
42746,100000,1.443405376914926e+308,-1.575600686433172e+308,1.0072086463962889e+308
43374,100000,8.578078747031806e+307,1.2288335912939066e+308,-1.6125379822664888e+308
42506,100000,-1.1053061612533536e+308,9.328213189249414e+307,-1.464989528753933e+307
42640,100000,1.2535989228148706e+307,-4.2588028901064024e+307,6.884400470970589e+307
43598,100000,3.565884560230524e+307,-8.490791635543785e+307,9.528343894168853e+307
43765,100000,-1.042834493927657e+308,1.5932811890691875e+308,-1.2206113588670212e+308
42560,100000,2.7819741773970586e+307,9.363438805324569e+307,2.379618416013963e+307
42207,100000,-1.4084735309960311e+308,4.0973912985717353e+307,1.2060601443893675e+308
48050,100000,-9.13611466454098e+307,1.2655356672681608e+308,1.2208069038123e+308
44493,100000,9.59904027388789e+307,1.4610468166490003e+308,-5.522356760869718e+307
42730,100000,-8.152455249646185e+307,1.7044913960534737e+308,-1.7692989159250039e+308
44361,100000,-1.4971194302844968e+308,-1.6613159712397153e+307,1.4762185008061803e+308
49063,100000,-8.95208887910971e+307,-9.871477726286928e+307,3.456699557384553e+307
42759,100000,2.7706638280562265e+307,6.660346414622578e+307,-1.6904454742854056e+308
42485,100000,5.152147251252461e+307,-1.0204704053314245e+308,1.4338972697728676e+308
52014,100000,-6.544206930329357e+307,1.7410649886872976e+308,-4.135708076543066e+307
42455,100000,7.67649428052923e+307,-1.7073850047459205e+308,1.2298548914468489e+308
43457,100000,-9.9734736548984e+307,7.872972381212526e+307,-6.821237752746548e+307
45444,100000,1.4300059389892784e+308,-1.1465145218924914e+308,4.956860121909934e+307
42416,100000,1.312562363497433e+308,3.49138784278531e+306,1.6834490111956997e+308
43352,100000,-2.0622309775040167e+307,-7.408037526699838e+307,1.3205791044074828e+308
44012,100000,7.085490018755672e+306,-1.608848198262904e+308,3.209924170548073e+307
42489,100000,-1.2167721179833603e+308,-1.6518961318102916e+308,1.2012694380743315e+308
42938,100000,6.821352397271806e+307,1.2785277006643763e+308,1.1082046381388098e+308
44386,100000,1.3712222346982554e+308,-1.2140574709689203e+307,9.733184396336746e+307
42145,100000,1.1363225721084113e+308,3.024065164291024e+307,1.4211000270120095e+308
43010,100000,3.0716278783468855e+307,-5.064170055291558e+307,8.28258621902696e+307
42200,100000,-1.1573106553656774e+308,1.378635707481628e+308,1.5921505436155737e+308
52129,100000,1.55759126132398e+308,5.889650890986072e+307,5.20540531661622e+307
42477,100000,-1.2204595053800789e+308,-6.450297959826111e+307,-6.081480045506799e+307
42782,100000,1.0669230759934475e+308,-2.582118050131759e+307,1.1641558724401913e+308
50676,100000,1.717884131065756e+308,-2.467435152766628e+307,-7.594423252432616e+307
43068,100000,-1.3498851412267154e+308,-1.1283473049160858e+308,5.004102659801583e+307
42164,100000,-2.755325006249321e+307,-1.656815960371268e+308,-1.26193461507063e+308
47178,100000,-1.2645768538020954e+307,8.995576114260174e+307,1.0109914843858975e+308
45453,100000,9.88468356442908e+307,-5.483788616179292e+307,-6.894615060001808e+307
43516,100000,1.3774425553925847e+308,-4.3378548897471405e+307,-1.3988362042403037e+308
43837,100000,-7.290243498266895e+306,6.980867410808417e+307,1.5821712150623577e+308
42641,100000,8.228222104913338e+307,-8.967510930429035e+307,-1.3022242053711413e+307
42229,100000,2.537266396546661e+307,1.656547148406878e+308,-1.5630060975272133e+308
43392,100000,-1.4243883715521838e+308,-1.7563878853968432e+308,1.295564511611085e+307
44774,100000,1.0402340794187543e+308,-8.009628344555625e+307,5.787630159360769e+307
42177,100000,1.4977085389437914e+308,-1.0287708124217089e+308,3.3461585177885623e+307
42885,100000,7.577757159015465e+307,1.055091444134071e+308,-1.3802516126673584e+308
43921,100000,1.4996754298372487e+308,1.6425773969002326e+308,-1.215897916412836e+308
42756,100000,-1.1885177083688507e+307,-9.115925244096719e+307,1.2802594566626385e+308
47337,100000,-2.9252214989265037e+306,1.6277814181952528e+308,-1.3044895623902506e+308
44163,100000,5.07507918928014e+307,4.1148986920253246e+307,-3.539448743361185e+307
42618,100000,1.6286714012144574e+308,1.2768128988853734e+308,9.271072937594776e+307
46554,100000,-5.988354431733074e+306,-1.5781438978450729e+308,-9.152870832717356e+307
48170,100000,-7.866201088082057e+307,-1.7407788055166583e+308,-7.884093553215184e+307
42494,100000,6.966541843476096e+307,1.5519708628502626e+308,-1.1782508826775788e+308
45779,100000,1.7591216865819386e+308,1.698885187022772e+308,-9.22994862476483e+307
42498,100000,1.5988674321428336e+308,-1.43090983481666e+308,-1.671952876647453e+308
42711,100000,-5.933004954918739e+307,1.2625689152122595e+307,1.1296151551017104e+308
42736,100000,-1.2881956130224358e+308,1.6547985298628222e+308,-9.572559297172403e+307
43342,100000,8.966028396004134e+307,4.314988628031302e+307,-6.240111739954879e+307
45440,100000,-2.885542185132819e+307,3.4830974305103225e+306,3.909518755686784e+307
42454,100000,5.898767790116035e+307,8.242244488181683e+307,-3.9377825534715173e+307
42591,100000,4.4790736543482526e+307,4.1475863196436285e+307,-2.8111957369686915e+307
46659,100000,4.996564061574674e+307,-5.685781981847644e+306,6.023070040276957e+307
42275,100000,-1.2771020493435861e+308,-1.3187891658811259e+308,-4.516098548589101e+307
42020,100000,-1.3826749765693894e+308,-5.576510279967487e+307,1.365890317892553e+308
46889,100000,-5.210810072889622e+307,-9.761098820963634e+307,6.378511880591243e+306
44254,100000,-1.4830418052228258e+308,7.031900724722954e+307,1.0057447055560203e+308
42447,100000,-1.652708470283937e+308,1.3589566388163455e+308,-1.6528511343341008e+308
49205,100000,-1.0509970779220365e+308,1.0208994987036862e+308,-5.081710124301455e+307
42394,100000,-1.107952068999604e+308,-8.288614730250979e+307,1.6629258650287616e+308
42592,100000,9.390756687975355e+306,-1.0645078406053214e+308,-1.6417745881967822e+308
46329,100000,-3.563520613766363e+306,3.861053222080569e+307,7.354727787578839e+307
43723,100000,-1.7551853494054335e+308,4.422967706597211e+306,1.2850668395442963e+307
42747,100000,1.1147608400621506e+308,1.5926496860599166e+308,1.931111552763808e+307
47616,100000,8.253023672516308e+307,3.5878064339620237e+307,-2.5459885523520197e+307
42973,100000,-1.169363602973192e+307,5.067221064558844e+306,-4.49246590022212e+305
42790,100000,1.114462362475215e+308,8.29244598891468e+307,1.4654387463387737e+308
44673,100000,-4.100988148464869e+307,-8.104941058080671e+307,-6.837309898937133e+307
43054,100000,7.01303927729462e+307,9.620056760963765e+307,-3.856498832649529e+307
44096,100000,-1.7208159317502747e+308,-1.5918501051904046e+308,3.885331528540175e+307
42580,100000,1.3732089085769268e+308,-1.0052336438949516e+308,-1.75749834523189e+308
43122,100000,-5.395095544658756e+307,-4.491401376399376e+306,5.964497323764009e+307
46566,100000,-1.2120836918140585e+308,-5.389587680628901e+307,-1.3677599003023362e+308
42912,100000,2.756155415998977e+307,-9.94012564556795e+307,-4.251360493218857e+307
44061,100000,1.248398868810317e+307,-1.3878503354539833e+308,-7.428915180770739e+307
47643,100000,5.499317252113129e+306,-4.948476135317491e+307,-6.72117706618767e+307
42168,100000,1.0819925653341247e+308,-9.836734626270726e+307,3.212273708774821e+307
42368,100000,-1.406888788071371e+308,1.7353063910622744e+308,-9.978423272640363e+307
43060,100000,5.944532490095422e+307,9.46597367512783e+307,-6.394192078135172e+307
43190,100000,-9.220510005112747e+307,-1.4517619995980176e+308,-6.07938353155041e+307
42624,100000,-1.2998262582866584e+308,-6.946146474677634e+307,-1.7660428215272823e+308
44329,100000,5.432395406956948e+307,-1.6785371517406923e+308,-1.7075767690187259e+308
42719,100000,7.063386414804431e+307,-5.052494416599415e+307,-2.727615114946401e+307
43339,100000,7.743321095883345e+307,-9.65131536009683e+307,8.936498144444785e+307
42606,100000,-1.5175804868929085e+308,-6.089916799761247e+307,-1.596439451778026e+308
45489,100000,-3.327113112035054e+307,1.5220177245596387e+308,-3.002557547537852e+307
43414,100000,-6.121489440916158e+306,-4.2314197058146694e+307,1.2848157733995242e+308
42859,100000,3.7097718664107995e+307,1.2106600389153876e+308,-9.336097435955213e+307
45759,100000,1.5106227519374088e+308,1.1356084627753176e+308,-4.1604512311374136e+307
43224,100000,-1.6594550170967326e+308,-7.589069144591783e+307,-7.770349449368411e+307
42739,100000,-3.6402232003976937e+307,1.566371293452568e+308,-2.415728808564017e+307
43581,100000,1.1902364202008697e+308,-1.6122465518482064e+308,-1.6453751077416087e+308
44084,100000,-6.64953256510703e+307,-1.5549554199114349e+308,-8.886862847747111e+307
42418,100000,1.0543595361026088e+308,1.3938672734785259e+308,-1.4164742267200228e+308
44834,100000,-1.0352294408558803e+308,-1.3255504640975143e+308,-1.6916309981736729e+308
43948,100000,-1.1002406982482584e+308,1.0857778231076417e+308,-1.4034999062379815e+308
42760,100000,-6.563550911551982e+307,-1.2622748296319977e+308,1.2287019300693027e+308
42691,100000,-1.1582936293364696e+308,5.543916295808245e+307,-7.445712035318317e+307
42269,100000,4.146816798115231e+307,-6.53522206935981e+307,-8.193069227973355e+306
49363,100000,1.2372541798725762e+308,1.0295533356290383e+308,-3.881388846626396e+307
42929,100000,1.6281291474530866e+308,8.042026238788808e+307,4.1498991892046155e+306
42620,100000,6.901926241337236e+307,-1.6554359635088342e+308,-1.2411489933490595e+308
48849,100000,-8.183948744613111e+307,-9.927611998211191e+307,2.3905829620671927e+307
46266,100000,-1.3671925036860586e+308,-3.196998664078952e+307,-6.029650889416459e+307
43206,100000,1.5201357185625598e+308,-9.20188686525988e+306,1.523956180638629e+308
47468,100000,9.074230229222103e+307,9.753243698254122e+307,-8.961808860353223e+306
45542,100000,-4.432371112090373e+307,-1.7976162128402584e+308,3.9091248610876235e+307
42862,100000,6.410285147591883e+306,-1.1180670872982786e+308,1.4394640869258714e+308
42723,100000,8.154318629819063e+307,1.7491627674824871e+308,1.088029218637497e+308
43235,100000,1.6646039371866812e+308,-1.0079469361569005e+307,-7.866646578252469e+307
42758,100000,-1.951434125919117e+307,6.078309244748082e+307,6.958451299715236e+307
42575,100000,1.2265649382449248e+307,-1.1270719940230715e+308,6.853828032107181e+307
42948,100000,-7.954804482662599e+307,4.631667052386668e+307,-8.027339608563744e+307
43469,100000,-1.733082317638021e+308,6.059921829748123e+307,-1.6862158441925919e+308
42285,100000,1.553295217990071e+308,2.93160497567908e+307,-1.656992472567849e+308
42612,100000,-1.641217310378765e+308,-3.7140076372078487e+307,7.792169218444754e+307
42671,100000,1.0898029819684623e+308,-9.425511175862155e+306,-3.8652893619520256e+306
43303,100000,8.947337786282428e+307,8.08092562501124e+306,7.371877162218382e+307
43114,100000,1.5928271653408632e+308,-3.855753984486201e+307,4.5611971679716635e+306
55019,100000,8.966171548280893e+307,3.4430313973944417e+306,-1.5606147219308409e+308
43213,100000,3.1334815594471085e+307,1.78712330197648e+308,-5.693862837026214e+307
42479,100000,3.04560754708282e+307,-6.002616009610616e+307,1.3195877856197339e+308
42443,100000,4.962013499400764e+307,-1.2086275764774632e+308,-1.665788723447512e+308
42475,100000,-5.740427710750549e+307,1.25474634146805e+308,1.2122220358320181e+308
42363,100000,4.567610639619944e+307,-5.413716507162173e+307,8.529927255766039e+306
50758,100000,-1.6461937031756132e+308,3.6210570207459432e+307,-1.6317130761437444e+308
46869,100000,1.2452221139618383e+308,8.000841360577204e+307,-1.5107938669087312e+307
42378,100000,1.7675352181025442e+308,-1.5310979488188744e+308,1.492855103177467e+308
44293,100000,-5.284215678242621e+307,3.5220154518599484e+307,1.640387118631764e+308
42795,100000,1.991705264236032e+307,1.0427095017330997e+308,7.644009417316658e+307
43739,100000,6.487399559530024e+306,5.593477545300145e+307,4.0854706524717694e+307
43606,100000,-6.356832229002541e+307,-1.3504619414334398e+308,2.811622970243814e+307
42972,100000,1.4248494542017576e+308,2.5546048960779413e+306,-9.2229319452056e+307
43172,100000,-7.828113774413882e+307,-1.5131127267425575e+308,4.748323038644378e+307
45662,100000,3.1415799591767357e+307,-4.720978292685034e+307,-1.1593981494847573e+308
44831,100000,-1.2621544541319096e+308,9.071319049834724e+307,-6.704264309730538e+307
42497,100000,2.6898823245395124e+307,-1.4296723792786276e+308,1.6009462094620363e+308
44907,100000,-5.539355426989576e+307,3.830495889390532e+307,5.331392358492585e+307
49755,100000,2.5834682153812034e+307,-1.603384978968608e+308,5.525153156223903e+306
43647,100000,-8.321868640017448e+307,-8.504650834192252e+307,-1.4618848303155328e+308
42186,100000,-3.868666784834606e+307,-4.3506387964372897e+307,-6.511280657014082e+307
49671,100000,-8.674659942657562e+307,1.221506856985759e+308,-9.364033880044173e+307
43213,100000,-1.6018127460437404e+308,-8.931451896286095e+307,-5.126742026688632e+307
42246,100000,1.5416922371417583e+308,-1.028382370809965e+308,1.1542159500601556e+308
42388,100000,-1.547961413205128e+308,5.934354252705642e+306,7.853372521228931e+307
43192,100000,-8.043523542719127e+307,9.507475160793034e+306,-1.4401295172166345e+307
46245,100000,-6.76295911734705e+307,-8.604128312941951e+306,-5.792519585086334e+307
42269,100000,3.553350496922194e+307,-1.1871027279864686e+308,-5.215027902202159e+307
43657,100000,-7.813066007130453e+307,1.0852973915538572e+307,-1.1451400683494236e+308
43023,100000,-7.124759345967815e+307,1.5940679590105508e+308,-1.1713764284402759e+308
42618,100000,-4.488669380576939e+307,7.190164681451881e+307,-1.5012814401518458e+308
43710,100000,-1.6179414495090094e+308,8.599636069026275e+307,5.106037370809438e+307
43039,100000,-1.6261476132298142e+308,-1.375500560466817e+308,-7.26528348890346e+307
45954,100000,1.2144727769802788e+308,1.5743561035717632e+308,2.0022798749247873e+307
44860,100000,-6.945745589753461e+307,1.3378207072835169e+308,-5.939966743011808e+307
56957,100000,-9.932681305258756e+307,1.1778606667640136e+308,-3.8591850199472266e+307
42462,100000,-7.587077574315855e+307,-2.5190221759469596e+307,1.4023842109989348e+308
45549,100000,-9.98670732782187e+307,1.7134131488773967e+308,-8.136982342716332e+307
42686,100000,1.388234171876835e+308,4.992288107420905e+307,-1.594380461390705e+308
46867,100000,-1.6994573673411615e+307,1.4652322511888247e+308,-6.475418579084161e+307
44411,100000,-4.717991644986088e+307,-5.582651107653787e+307,-8.060128667775254e+307
42858,100000,1.4502445099633867e+308,1.5430381885839778e+308,1.0243229287536525e+308
46084,100000,4.662061387206092e+307,-6.301560500474736e+307,-2.728299547835424e+307
43556,100000,-5.607421700220118e+307,2.8822394722686553e+307,3.0568617527819676e+307
42578,100000,1.4436679619927222e+308,3.856566333519653e+306,1.4240125543515367e+308
42826,100000,4.3200875611977643e+307,-2.842262782736884e+307,-1.335001112332142e+308
42482,100000,-6.074476627923099e+307,1.46232695684924e+308,1.1143427375007952e+307
43301,100000,8.872282637856491e+307,-1.2407324246501347e+308,8.735735143819673e+307
42703,100000,1.205974054467886e+308,1.3629684900405116e+307,1.1845783789390413e+308
42827,100000,3.6546354500290613e+307,1.9392095016649669e+307,4.168475385823972e+305
44021,100000,-1.2294342298427847e+308,1.3234829553478293e+308,9.862904551223105e+307
42241,100000,1.3008956083232176e+308,-3.803049709309301e+307,-1.1494631546178187e+307
42257,100000,-3.382137222769361e+307,1.8242973628963172e+307,4.528289861273426e+307
42372,100000,4.05056380934841e+306,-1.1153349651137155e+306,1.6639508119328736e+308
42645,100000,-7.68877545191124e+307,-7.001715875227628e+307,-8.775566728954866e+307
42321,100000,-1.775731426937812e+308,1.7801122884909014e+308,7.280500035015988e+307
42864,100000,7.571226813370377e+307,1.6669972255548812e+308,9.76797117519999e+307
44424,100000,-7.216112822054471e+307,1.2940732558847522e+308,-1.4931794416442132e+308
43568,100000,1.29968942043976e+308,7.30286114055483e+307,-7.060716338923018e+307
42599,100000,-9.37050024286242e+307,-1.3355805659490312e+308,-3.835477424212092e+307
45209,100000,-1.73795217573542e+308,9.997646223356517e+307,-1.1797802510640753e+308
44362,100000,-1.2831725950631293e+308,1.525872903936978e+308,1.1340645387453972e+308
47467,100000,-1.0205663924464146e+308,-4.382877042119994e+307,1.0037581168070604e+308
43428,100000,-4.8234776703943774e+306,-7.250344911881506e+307,2.7806573257399542e+306
42248,100000,-8.3266643651613e+307,-1.7665974363934716e+308,-2.7327546293752315e+307
43389,100000,-6.275097848846378e+307,4.3826967408142503e+307,-1.5158960372879868e+308
42473,100000,8.980483452941833e+307,-1.4988940099330381e+308,-4.882427610302981e+307
43254,100000,1.1247996554585515e+308,4.417047617355598e+307,4.52405933355386e+307
42333,100000,1.2679264107345083e+308,1.7878388117779024e+308,-5.251927540876637e+307
42504,100000,8.698979153294734e+307,-9.3153527260477e+307,4.518612689920796e+307
44188,100000,1.149348985080727e+308,-1.6158480476743274e+308,1.7182175567103674e+308
45275,100000,8.394010935810371e+307,6.639726262389248e+307,-3.686359718996167e+307
42855,100000,-9.891979120993742e+307,-1.1688063897296875e+308,1.117231710368199e+308
46673,100000,1.1133913093832583e+308,1.3689161612757806e+308,1.526914011190869e+307
51513,100000,1.6823404684636727e+307,6.173969981935139e+307,-1.2545714337095074e+308
41935,100000,-9.06599016077366e+307,-6.185554738461657e+307,-6.274549626966166e+307
47170,100000,-8.259920738388616e+307,-1.626417559540395e+308,-1.1576732031177301e+308
49507,100000,-6.200158628478849e+307,-1.624944723467381e+308,1.6677777796932345e+308
47402,100000,-1.7100230002281082e+308,-1.23291702792926e+308,3.5991949497577894e+307
42392,100000,1.7012490957431757e+308,-3.5627821673331466e+307,-5.671147477925357e+307
43840,100000,-3.667165227323862e+307,7.026679276998703e+307,1.7158734825276584e+307
47146,100000,-1.1531028043721095e+307,-4.269395676702994e+307,1.695874697817974e+308
42538,100000,-2.3514274338463796e+307,7.347608995186723e+307,8.961919433432332e+306
43042,100000,-1.034427065569166e+308,-2.376896670391893e+307,-1.4746944640393003e+308
42551,100000,-1.7670997465957859e+308,-1.1966149855701954e+308,-7.60619898615578e+306
42241,100000,-1.3861256164408582e+308,6.643554378466713e+307,-1.4812393430610915e+307
42311,100000,-1.7205133693023304e+308,-9.343183902404799e+306,-1.1138406234283242e+308
43663,100000,1.204858732200317e+308,1.4685327811633304e+308,-1.5793667194844349e+308
44409,100000,1.36996590704143e+308,-3.8787267946477965e+307,-8.64987430547032e+307
42485,100000,-1.192694967144049e+308,-1.3277861304293516e+308,1.7589885092072659e+308
50898,100000,1.7240347661514899e+308,1.6116131232413172e+308,5.543506586304684e+307
42823,100000,3.6112056978184944e+307,-1.396830371903188e+308,-4.734262167784347e+307
43266,100000,-6.515381221902615e+307,-6.383917711848861e+307,1.5642844750087221e+308
43797,100000,-6.781055115121487e+307,-9.599276002907843e+307,4.4368855882486483e+306
48276,100000,1.4890486668396487e+308,-1.310356437874e+308,-8.207772875186945e+307
43003,100000,6.778443941318961e+306,1.2869203623615403e+308,1.6777675879339365e+308
42804,100000,-6.011828965182423e+307,-7.829216272163869e+307,8.329917172197944e+307
51860,100000,3.2967867682972825e+307,1.7878115096219866e+308,1.0765367821333134e+308
43115,100000,-7.186516453579816e+307,-1.5169969005315675e+308,-1.0829915914587172e+308
48731,100000,3.7728422547481316e+307,-2.3763855056429e+307,-7.30107412963709e+307
44216,100000,-3.723529447614773e+307,6.9544849949615555e+307,6.986781610994152e+307
42258,100000,-1.1391583256254e+308,1.6841607068055093e+307,-4.991000459799535e+307
45004,100000,-1.2956160582151946e+308,1.3342797278280654e+308,1.09503090210783e+308
47594,100000,1.6429187423269832e+308,1.2794430918085218e+308,-2.13128700848637e+307
42585,100000,-1.7779652413691276e+308,5.693892287297016e+305,-1.6697351607931616e+308
42493,100000,-4.583103188708567e+307,8.470112352337001e+307,-1.5967356246198784e+308
50315,100000,1.5298171847895007e+308,1.7718744702491578e+307,1.7418308814523962e+308
42262,100000,-3.424629789817928e+307,1.1286256483992907e+307,-1.4282291686315002e+308
42842,100000,-9.885162055842246e+307,1.105347881319792e+308,6.272677420855191e+307
45068,100000,2.932342112057766e+306,-1.8229831197625377e+307,4.1340463292784725e+307
42954,100000,-1.1409634998986981e+308,-4.223238437770176e+307,1.290538718651841e+308
43506,100000,1.4511799413722045e+308,1.5743137302814373e+308,-8.748546078654453e+307
44035,100000,-7.986010586808747e+306,-1.6068789336931158e+308,-5.117722197859057e+307
43713,100000,-6.421591921416522e+306,1.6945254918613132e+307,1.7262251774768033e+308
42925,100000,-1.385088422627666e+308,-1.1425766236781754e+308,7.991582096675165e+307
43634,100000,-1.1585986258130556e+308,-1.771611023719596e+306,4.247568559744838e+307
43651,100000,-5.614683308135149e+307,9.439211280984887e+307,5.892997831013579e+307
42683,100000,-1.665305501163277e+308,-3.3826341741882246e+307,-1.3629655839622079e+308
42642,100000,-1.0036991523465472e+308,-1.569146236627355e+308,-3.0402439619805986e+307
50269,100000,1.4939250658834752e+308,7.613938357320548e+307,-9.709443448083764e+307
42692,100000,1.1109189948538126e+308,9.135204763833946e+307,-5.709581290990041e+307
42074,100000,-1.2853154338359817e+308,-1.0570311791761648e+308,4.2846031895536567e+307
42138,100000,1.7899233286331058e+308,6.511052282209189e+307,-6.850649838764788e+307
42358,100000,5.987398168664281e+306,8.072481580484229e+307,-9.784071159615242e+307
42679,100000,-1.4285364139663472e+308,-1.3909406150162557e+308,1.0028808655630788e+308
42768,100000,1.758138519717227e+307,-1.0765277024170904e+308,8.376772850861301e+307
42697,100000,5.972728273220426e+307,3.3399853582012586e+307,-1.1075413066960254e+307
43003,100000,-9.725335818921678e+307,-7.756550588137352e+307,1.5661471228520157e+308
42560,100000,8.720105780794106e+307,-6.716760174582692e+307,-3.6993968013975334e+307
43371,100000,1.529841686233996e+308,-1.4961077146116528e+308,-1.1812249863297712e+308
43073,100000,7.285798960537778e+307,-5.645568198852239e+307,-8.232155438450409e+307
42904,100000,-7.352121924959852e+307,6.971944447347068e+307,-1.0833745199497645e+308
42341,100000,-6.896265624374115e+307,5.281091021569459e+307,-8.030142490855173e+307
43367,100000,4.173826833014338e+307,3.9080968341769947e+307,-1.5438530767097294e+308
42397,100000,-1.4799602713185247e+308,4.783667925725543e+307,1.01138270920107e+308
42785,100000,-2.8367197972357216e+307,1.4040093284042038e+308,1.151016694209759e+308
43042,100000,2.0115519075640186e+306,8.874085667713803e+307,8.842117628720813e+306
42633,100000,-4.990368906056347e+307,1.1110458512882916e+308,-1.1072646994171533e+308
44986,100000,7.676906935742011e+307,1.2895576127928765e+308,1.5144878466671908e+308
43149,100000,-1.3464308986014676e+308,-8.932715453542415e+307,1.013118577507998e+308
42973,100000,1.2580838221189984e+308,1.3593349713743136e+308,-1.541341766871869e+308
43243,100000,-3.4314683008394286e+307,-1.160235354358926e+308,-4.3257365612175547e+306
49368,100000,1.0617473195149599e+306,1.6097647998395594e+308,-1.096535649831241e+308
42858,100000,-9.692469490559452e+307,-1.791035364335346e+308,3.585136649922032e+307
42381,100000,-1.617614202770721e+308,-4.736292067274518e+307,-3.280795705537055e+306
42743,100000,-1.0671160853958103e+308,-9.410695852361924e+307,5.822293538622763e+307
49745,100000,6.633639046890849e+307,-1.6528375875157056e+308,3.883214849949813e+307
44420,100000,1.0132647747640126e+308,3.272653116718981e+307,1.6287324706330882e+308
42317,100000,-1.6154474705668642e+308,-4.3375236710873733e+307,8.193866007089937e+307
51006,100000,7.916076472862366e+307,-2.336438622886545e+307,-1.6598772922014457e+308
42154,100000,-1.199087397001229e+308,-7.735218131195181e+307,-1.658783675218683e+308
42607,100000,1.5015006372249125e+308,-1.0902234848641549e+308,-1.7034107995417076e+308
50142,100000,9.808200508464136e+306,-4.1736835478977836e+307,-1.7129502047135521e+308
42459,100000,6.035745495316687e+307,1.5995948804643963e+307,4.3835783052916977e+307
42448,100000,1.1017956726994801e+306,1.6367553494261154e+308,4.899362158520198e+307
50288,100000,-1.4295798304598615e+308,4.216614412373489e+307,-1.320316972520444e+308
42024,100000,1.711105994889098e+308,-1.5992543817382944e+308,1.5997362219646724e+308
42366,100000,1.5409460412667691e+308,2.527120962626634e+307,4.916843731917472e+307
46823,100000,5.332848468402084e+307,1.5147781181221218e+308,-6.159666769265771e+307
48100,100000,1.1538014813927075e+308,8.003801834795598e+306,-2.407689115241529e+307
44417,100000,-1.538945765589658e+308,1.1646968991351474e+308,3.3641132270387327e+307
43136,100000,8.606083030694117e+307,-1.4779822566934496e+308,-9.863059549856427e+307
43904,100000,8.868475949315798e+306,-1.7825256540466657e+308,-1.8977166483763032e+307
42712,100000,4.292639202200762e+307,-1.7279952948016564e+308,1.480449871634702e+308
43204,100000,-1.4890942182878404e+308,1.3119621980088242e+308,-1.2762678611635016e+308
43954,100000,7.634229754083284e+307,2.7332193086269546e+307,1.351318071391123e+308
43078,100000,5.439894145335201e+307,-6.987931469426165e+307,-4.100424013652292e+307
42962,100000,-1.0024867252317216e+308,-1.5483857947013185e+308,-9.652555427533017e+307
51121,100000,9.328312100712896e+307,1.0677193825304313e+308,6.659016904249697e+307
42486,100000,4.310033151423401e+307,-4.925502420408493e+307,-3.028798343039219e+307
42573,100000,-4.986480744977312e+307,-6.665959422805231e+307,-8.035258448207947e+307
49962,100000,7.951588497103053e+307,9.28278697032846e+307,-6.624670571466496e+307
42403,100000,-3.176227835386195e+305,-1.5333505976773127e+307,-1.1821502890638573e+307
42143,100000,1.6373984486433275e+307,-8.572715498632742e+307,-4.443898862778684e+307
44927,100000,-1.4783684926124878e+308,1.0561432589762827e+308,1.4506583531102267e+308
46182,100000,1.0142221856014188e+308,-7.875276989091946e+307,-1.6988139426787261e+308
42265,100000,1.8695118611814026e+307,1.7081358413325124e+308,1.5701867292173854e+308
42114,100000,7.14686562606204e+306,2.8057545500813947e+307,8.82001328967527e+307
43010,100000,-4.102500172942525e+307,1.6755666969256948e+308,-1.2539712910838075e+308
43764,100000,1.609661167148749e+308,-9.647142596602887e+307,-1.5332339680888451e+308
44538,100000,3.662412190728248e+307,8.0687543247068e+307,-6.129346260244316e+307
42532,100000,1.7874813390790615e+308,1.3931892444972819e+308,-9.28670719221918e+307
43083,100000,-1.7956470013646399e+307,3.359288144978323e+307,1.1038095126787497e+308
44424,100000,-1.5245145130477272e+308,-2.8017398627445504e+307,-7.022372732148444e+307
42834,100000,2.2619913182538286e+307,-1.327818784070205e+308,1.7589881044131465e+308
43249,100000,2.6464488313800803e+307,1.0971776765357587e+308,-3.183101899060719e+307
43930,100000,8.740522904016205e+307,-1.3946514195368477e+308,1.1554580480729353e+308
43236,100000,3.4809841134654196e+307,-4.92441645699533e+307,5.473820173480457e+307
43067,100000,-8.48762221296468e+307,1.0584229368802714e+307,4.388495647442923e+307
43198,100000,-3.1136085767100795e+307,1.2801179579941245e+308,4.211326353424616e+306
42408,100000,9.278925244630196e+307,1.1000260685876956e+308,-5.196072763622672e+307
42389,100000,-1.4401529403151734e+308,-5.880789322727989e+307,-7.95969941756864e+307
42880,100000,1.0366010387837712e+308,-5.482351725656495e+306,-1.0576851344702346e+308
42910,100000,-3.9053736767288103e+307,1.2504221911458587e+308,-9.541355416833138e+305
42843,100000,-2.6939225909620727e+306,2.0500386745829933e+307,1.2564026602353378e+308
42620,100000,4.283529852660175e+306,1.3783427439769789e+308,4.535075817031959e+307
43216,100000,1.7721333167846136e+308,-5.304909554028483e+307,1.635289049387162e+308
42740,100000,6.11794989915802e+307,1.476532422487644e+308,-1.525185704078314e+308
49081,100000,2.234494706554244e+307,-3.9850506537942436e+307,1.2913550709635203e+308
53544,100000,-8.077965683983882e+307,1.5009132671849558e+308,-1.4946625155559005e+308
46706,100000,1.5795343644051255e+308,1.2912843258641638e+308,8.836617913168224e+307
47526,100000,-8.273450065936801e+307,1.1539422663966518e+308,3.3057788750762117e+307
52187,100000,-4.785681371397406e+307,1.6685362798937511e+308,-1.15165610680287e+308
42111,100000,-7.965781461852427e+307,-1.4798129816883512e+308,1.2641839661567468e+307
48540,100000,-1.2344473127146186e+308,-1.7604032062208939e+308,1.1274804182024116e+308
49550,100000,-1.269642680498854e+308,-1.0544509940004814e+307,-6.298127793745922e+307
46350,100000,8.033926120227491e+306,9.05803460786179e+307,-1.455916942133426e+308
49063,100000,8.073452897022031e+307,-1.499723533463484e+308,1.4323551268833204e+308
42386,100000,1.1136498072499306e+308,-9.74267996183197e+307,-4.4383528561061186e+307
42599,100000,5.277772687776874e+307,-2.323315729323984e+307,-1.3637196785225417e+308
42273,100000,6.409645081218205e+307,-1.074269841045922e+308,5.5948618954211115e+307
42438,100000,9.305940907917824e+307,-1.6215740360314208e+308,6.280593318341992e+307
42331,100000,-4.881035693547482e+307,7.847048543392646e+307,9.256735879426713e+307
42136,100000,3.7813839003770025e+307,-4.751563056775511e+307,1.3746756455842838e+308
49589,100000,4.609947306166382e+306,1.4794171776552997e+308,6.605490145505481e+307
42975,100000,4.38633038059385e+307,1.2799583070626711e+308,-1.7468465333379848e+308
42518,100000,-4.1001698930267326e+307,-1.0076797522045708e+308,-3.342404426587203e+307
48483,100000,-1.4484433724081168e+308,8.461051860180421e+307,-2.4149457356467893e+307
43235,100000,7.956302128205092e+306,-1.6083299126009863e+308,-1.1427527692013451e+308
43665,100000,1.1909292927044034e+308,6.08987562148923e+307,-1.517873447991484e+308
43047,100000,7.460511226176986e+306,-1.5958325153565024e+308,2.697603338624566e+307
49936,100000,-4.637182925700073e+307,-6.043955739571447e+307,-1.602840763189552e+308
53327,100000,-9.777130002623374e+307,2.3956111405342926e+307,-5.69003102072849e+306
46173,100000,-1.4880475889014177e+308,-4.03836795750853e+307,6.045648843915911e+307
42627,100000,4.667079747308364e+307,-1.1682025925534819e+308,1.1647538056391588e+308
42178,100000,8.726067849335443e+307,-8.598157853387695e+307,-1.2672688580571674e+308
44896,100000,3.0413958909425016e+307,-4.3267701947066647e+307,-1.2829285039792981e+308
44380,100000,-9.776146882921387e+307,1.2561154505208742e+308,-4.076525166309986e+307
42096,100000,-7.799593718639015e+307,-2.7397962190103293e+307,-8.39979432597799e+307
50321,100000,-1.303230123600991e+308,2.3735064772140865e+307,-9.882862002050053e+307
42259,100000,-3.092674419844252e+307,-4.561823521863776e+307,1.8782830848989396e+307
42570,100000,9.785451780451104e+307,6.738682848489482e+307,-1.2656536150482218e+308
42306,100000,8.153630007013589e+307,1.6252319952852176e+308,-1.4998801948195998e+307
47481,100000,-3.3978239920752916e+307,-1.0589903833951572e+308,-2.9809196154884687e+307
42401,100000,1.151930533989415e+308,-1.1095849378619155e+308,-1.4342987379250867e+308
42327,100000,-1.0251777583778124e+308,1.0435096200135623e+308,3.640585228452342e+307
47109,100000,1.4154800959897523e+308,3.6839581949188254e+307,1.7344375729972243e+307
42353,100000,-3.436812070153244e+307,1.4583296413642267e+308,8.10361131018089e+307
42637,100000,-7.710969550399684e+306,-7.358679108799201e+307,1.301345250976668e+307
43049,100000,1.3963175463790702e+308,2.472474532856921e+307,-1.3723483010305852e+307
43393,100000,-1.3786760622531424e+308,-1.3119362934855933e+308,-4.953310551311761e+307
42388,100000,9.124408201383623e+307,1.4638890710602618e+308,1.6753567604966153e+308
42813,100000,-1.4511013232328009e+308,1.226126451699883e+308,-1.0148893024208511e+308
42552,100000,-1.6002244328543294e+308,1.6030635809476995e+307,7.455288368360638e+307
42855,100000,-1.4641199598815692e+308,2.6736451863321303e+307,-6.702664255408822e+307
42372,100000,1.2594080837622249e+308,1.22203052943497e+308,9.17740562134924e+307
43128,100000,-1.077999476258249e+308,1.6667506404579636e+308,1.1956005809311284e+308
43171,100000,-8.656412487808993e+307,2.839829037388051e+307,-1.338073617013753e+308
45605,100000,-3.4646991381058286e+307,-1.3593066833809034e+308,1.2509062760337098e+308
45754,100000,-6.39594586684044e+307,9.96400311308109e+307,-1.2766741734029069e+308
42942,100000,-6.633882847193705e+307,-1.5395274213187476e+308,1.5406511280748205e+308
42517,100000,2.184357926350478e+307,7.184851358326484e+307,-8.73403022055288e+307
45983,100000,-4.813533333632948e+307,6.295912866920124e+307,-5.684934655707145e+307
46732,100000,-1.62338156967281e+308,1.7676984901609328e+308,-7.725152503357071e+307
44062,100000,5.3738587287547846e+306,1.8661188448886868e+307,-7.215793339021248e+307
46673,100000,-4.267906699110714e+307,-1.2429122967383682e+308,-1.5313469055425232e+307
46939,100000,3.617084772599455e+307,1.0261986396559214e+308,1.0110142458211317e+308
42264,100000,-7.133498262398972e+307,1.677237633372254e+308,-1.7298817256253552e+307
43333,100000,3.1499373152739515e+307,6.334171075690541e+307,7.677393694797882e+306
43137,100000,1.192416345071551e+308,-6.015960312931786e+307,-1.570890351677051e+308
42736,100000,4.464589897816514e+307,9.65229293702368e+306,5.052116788889949e+307
43050,100000,8.09903510980689e+307,7.288712001926975e+307,-3.1202871560390906e+307
42532,100000,1.8480559605971865e+307,-1.1518281820162408e+307,-3.471450375476472e+307
43969,100000,-7.302230570087514e+306,-1.312653901839299e+308,-1.2563488792335028e+308
42366,100000,5.530017443997818e+307,-3.106203368634404e+306,-1.2209998896707863e+308
42617,100000,2.0278978656995314e+307,1.5835156659269032e+308,1.4024966242181479e+308
51127,100000,7.688688787356316e+307,4.002104411999882e+307,-1.0964011145014784e+308
42261,100000,-1.0973569161568962e+308,-1.4578607496431971e+308,8.610340812304976e+307
46320,100000,-7.73897035596729e+307,-1.547403894344465e+308,-1.3933944811426115e+308
42769,100000,-2.717784583868439e+307,1.6558258585441398e+308,1.5972070974880395e+308
44598,100000,8.867208206041825e+307,-1.5817821594963867e+308,-4.361585937688227e+307
46895,100000,1.6986613743512903e+308,6.93880643131739e+307,6.082122132557669e+306
42396,100000,6.514382770708486e+307,1.1931592841911785e+308,-3.131362371019599e+307
44362,100000,-1.1973612932102538e+308,-2.0995194263923523e+307,-1.0106623641398143e+308
44001,100000,-9.268035826882897e+306,-1.2575806669868036e+308,5.233674536586487e+306
44503,100000,1.6970374450063732e+308,-4.2267960660765046e+307,-1.2602987807273098e+308
43671,100000,-1.741284519822397e+308,8.580514326697814e+307,1.0268266968707246e+308
42332,100000,1.2264539398124348e+308,1.2393906283846782e+308,-9.827397922322892e+307
43483,100000,8.759474991997659e+307,-1.3243705700457524e+308,-1.7076442378446616e+308
44242,100000,-2.1248013499311468e+307,1.291753037710479e+308,1.3331434802767875e+308
43701,100000,-1.7265523016607769e+308,-1.4792552765258642e+308,-1.759678536384604e+308
43551,100000,-3.603780308104511e+307,1.476784230135701e+308,-6.778926860498537e+307
43196,100000,9.559328581359326e+306,-1.7836940854114339e+308,1.15223939098181e+308
43778,100000,2.8366421495884036e+307,-4.092688349897995e+307,-1.2856445221874297e+308
42765,100000,5.528479703646099e+307,-9.712228142880804e+307,3.6513607146110355e+307
42805,100000,2.19034685269709e+307,1.5500405342997353e+308,-2.9615666184168123e+307
43048,100000,2.776715289760293e+307,1.1574306194588801e+308,1.7533856347613633e+308
42662,100000,-5.789291311203673e+307,1.481781562182951e+308,-3.702437953226973e+306
42488,100000,-6.61001583593229e+307,-9.94111909349558e+307,-1.1938770723508785e+308
42722,100000,-8.513961745272296e+307,-2.53534388267458e+307,9.72383957346124e+307
43468,100000,1.151116005072369e+308,1.159776461124441e+308,8.54421109413401e+307
42339,100000,1.7866527816733063e+308,3.2369582222850786e+307,1.454333730780408e+308
42197,100000,-6.885754795629072e+307,9.239045290670534e+307,1.1616939329887719e+308
42333,100000,-6.030404845068215e+307,-1.0706607925517014e+308,-1.7968435196889004e+307
42618,100000,6.556307552522269e+307,-3.6987959233528143e+307,-6.762254166871951e+307
45058,100000,1.2753398777967433e+308,5.592293128955855e+307,1.209026999726649e+308
42362,100000,1.5780112560219931e+308,7.937074444430924e+307,-2.7480524261148012e+306
42386,100000,-4.692778244588314e+307,8.981317030641212e+307,-1.8413609234352926e+307
44273,100000,1.35633141752554e+308,-7.678867393166575e+307,-1.6886956163189887e+308
43941,100000,-1.402941357897522e+307,-3.8306588549136003e+306,2.0000510597450266e+307
42792,100000,1.1452521829438538e+308,2.9921659233841123e+307,1.6672769387910694e+308
43386,100000,-1.2865466212096966e+308,1.9251566000712934e+307,-1.5227579121057146e+308
43963,100000,-1.8972167212942244e+307,-9.8175222174797e+307,-8.665496204656725e+307
43447,100000,1.8687892151466216e+306,3.0368272063623623e+307,-4.848786238271201e+307
42677,100000,1.3796116158513744e+308,-1.770528676183249e+308,4.4617060266295173e+307
43382,100000,-8.311292000939249e+307,8.111299465811777e+307,-1.3847048585492515e+307
42639,100000,1.2115454856485693e+308,-1.3208043686285798e+308,-9.210205580017942e+307
42457,100000,1.816052907068753e+307,-8.716667789911418e+307,1.1321691413518553e+308
41988,100000,1.1052974759409472e+308,1.8997821413301623e+307,6.217462807070844e+307
42376,100000,-6.564331789773747e+307,4.2942450300660064e+307,1.12692427663081e+308
43551,100000,1.6519715082490224e+308,-1.4404480336696438e+308,4.367497890645591e+307
42168,100000,-3.243424753841641e+307,1.5759216747757203e+308,1.5543700722723146e+308
42226,100000,3.854948754036297e+307,1.3250542154335704e+308,-7.045971611600542e+307
44176,100000,-6.315508120350233e+307,-4.848020049240853e+306,-7.269586563123298e+307
43286,100000,-3.853967197388671e+307,1.6341292806934216e+308,1.3420380189372299e+308
45300,100000,-1.0869848568874363e+308,-1.490391957037549e+307,1.695550687308604e+308
43334,100000,-1.1204622455124456e+308,-6.239484829912313e+307,3.693850994888616e+307
42206,100000,9.372872878858772e+307,1.3855048106902255e+308,1.023469098394513e+308
44017,100000,1.685248097062303e+308,-1.7123075650276368e+308,4.241108045460285e+305
42921,100000,-1.0868757533538494e+308,-1.2874747308889508e+308,3.561252897381549e+307
43530,100000,-4.921105599840294e+307,1.647059649037628e+308,1.2713860624947344e+308
43856,100000,8.629860945082193e+307,6.208309381984474e+307,-1.3014954294114077e+308
43541,100000,3.700172587236433e+305,6.041127939338797e+307,-1.2407127335596463e+308
44044,100000,-1.3346087633106724e+308,4.730693068157223e+307,-1.7700017557267623e+308
43449,100000,1.5400218537677115e+308,-6.574967264876446e+307,-7.7681238511868815e+307
44020,100000,-1.135195663226739e+308,-8.632083558922061e+307,-8.67262921297345e+307
42994,100000,3.2977593270128024e+307,-1.637175437352563e+308,1.4751687313122273e+308
42565,100000,5.356075828277315e+307,1.6532852561065504e+308,-4.929985125620109e+307
46550,100000,8.032444367710299e+306,-1.4997900274980064e+308,-9.265874154149971e+307
42526,100000,7.444770083560033e+307,1.0085103286441868e+308,-4.657779988341919e+307
43916,100000,-4.5516471759680804e+306,-4.561325791049387e+307,-1.5372983788644304e+308
45818,100000,-1.0159023692325859e+308,-1.246633921934825e+308,1.7976879737513795e+308
42778,100000,7.483042697377318e+306,-1.1010249701728643e+308,-1.7319438398801506e+308
43990,100000,-3.6629315902155263e+307,-1.447187118128217e+308,-5.665737856118137e+307
46175,100000,1.4265900580727695e+308,1.127436043675475e+308,1.5064675608530565e+308
42592,100000,2.887088033929136e+307,1.7441428357300227e+308,1.3994183047431603e+308
43795,100000,3.909328369234421e+307,1.6056415375988216e+308,1.4460700126995193e+308
42136,100000,9.411656305959122e+305,8.617915548765889e+307,-1.0781592202700246e+308
45680,100000,-4.385184167078912e+307,1.3000977894759359e+308,-3.2460835440501723e+307
43269,100000,2.005649472639974e+307,-1.705933453805227e+308,1.4324711044382922e+307
43126,100000,-3.9335913628203335e+307,1.0565262671849918e+308,-6.307557142250533e+307
43515,100000,-1.9623040602116754e+307,1.0186804389571104e+308,1.772775102208804e+308
42696,100000,-4.420017113297357e+307,7.51794005686119e+307,-9.540165566421922e+307
43897,100000,-3.3124986077006283e+307,1.0866162317448852e+308,-4.073713648040454e+307
43253,100000,-3.395898086904917e+307,1.386107510379583e+308,1.0687154089160537e+307
55768,100000,1.1112745172547406e+308,-9.194911324116116e+307,1.7883658921134495e+308
60102,100000,-1.0425192492161084e+308,-7.18545562630608e+307,-9.337393972988358e+307
50287,100000,-1.7794476248299931e+308,-2.9176854466075197e+306,6.388521312066072e+307
42843,100000,-3.782537864579493e+307,-9.936532257471462e+307,-5.227027590344783e+307
46790,100000,-1.736957665295094e+308,-3.857574571911431e+307,-1.7759358279535616e+308
42195,100000,-8.254878744820064e+307,1.5216619238685958e+308,-4.269972294003605e+307
42489,100000,-1.6767351778670332e+308,-1.2493249256280144e+308,-1.3972356954702439e+308
46129,100000,5.325090138590525e+307,2.078717091079028e+307,5.239896105243165e+307
42120,100000,-1.9961804787687401e+307,-9.747787973629778e+307,3.506107257545594e+307
42307,100000,-3.3813908192854704e+307,6.048495649484073e+307,-1.576158893731963e+308
42886,100000,-1.5735334544779153e+308,3.074709427889514e+307,1.4186130960357072e+308
45485,100000,1.8219636500572127e+307,-1.2732272534274129e+308,1.2194219650762703e+308
42464,100000,1.4370890120767376e+307,9.023839815632493e+307,1.7384417917424008e+308
42958,100000,-9.484536929747531e+307,1.4285180786009851e+308,-4.741305124987125e+307
