elapsed.ps,repeats.n,param.a.float,param.b.float
14598,100000,-1.0567581261393429e+308,3.064751443820292e+307
14596,100000,-1.295019119372485e+308,4.457453478354157e+307
15085,100000,-1.494146851465513e+308,1.9072284592523658e+307
14436,100000,-1.1130822720199324e+308,-5.649949208506098e+306
14505,100000,-1.0013410741775552e+308,3.948571471961795e+307
14356,100000,1.425027076021867e+308,1.4615681448743097e+307
14324,100000,-1.769714427256935e+308,-4.313364777821782e+307
14526,100000,-7.037209579913418e+307,1.238968213515529e+308
14283,100000,-1.1741809360559712e+308,-8.829003107591927e+307
14729,100000,-4.13304587612755e+307,9.51313070531614e+307
14320,100000,-1.1265908413247034e+308,6.832176513673212e+307
14946,100000,2.863184408821947e+307,-1.2519917752771474e+308
14556,100000,1.0921176501189676e+308,-7.563893821880075e+307
14498,100000,-3.624487203929153e+307,-8.565194230885111e+307
14585,100000,-1.3956821637218077e+307,-1.2268353891182147e+308
18651,100000,-1.6151997531507313e+308,-2.2182974547191982e+307
14089,100000,-8.520674690695087e+307,-6.509418268196629e+307
14224,100000,-1.5931146965050977e+308,1.18156247135376e+307
14195,100000,-9.047746247028025e+307,-4.884219985293226e+307
18463,100000,-3.2121869396436534e+307,1.64758957074213e+307
23834,100000,1.2153644557938156e+308,-1.545813021146599e+308
23122,100000,7.549812607729115e+307,-1.1366617505554043e+308
19916,100000,-9.530790144814899e+307,-1.5729041502897025e+306
14507,100000,1.0091060907455222e+308,8.449246010598292e+307
13926,100000,3.950018243056216e+306,-3.751475716957912e+307
17146,100000,9.783770803380646e+307,-6.939595969238614e+307
16211,100000,6.885150896434379e+307,2.0659446450271457e+307
15582,100000,1.3561627527183314e+308,-6.113900453511454e+307
14689,100000,7.005280939575119e+307,4.4938502107718514e+307
14496,100000,-2.663099346918467e+307,-7.00298622487241e+307
14913,100000,7.274424092396153e+307,-7.229864280112964e+307
14522,100000,1.2560817520496657e+308,-3.8704196921614747e+307
14374,100000,-6.979467660225756e+307,3.3776150857772824e+307
14437,100000,6.53044101149375e+307,7.530833143765743e+307
14515,100000,1.1141870055536e+308,-1.1871303231505276e+308
14654,100000,9.61246352036551e+307,-6.093584333251429e+307
15725,100000,-7.126777134542755e+304,-3.5056324917158e+307
14861,100000,1.7462004624826985e+308,-1.3635918189403184e+307
14620,100000,1.1025268816204262e+308,-5.735183359960675e+307
14617,100000,1.3408182559478582e+308,1.2629665036020136e+308
18401,100000,3.8751102868688355e+307,1.0553393967818883e+308
22102,100000,1.1804671546823543e+308,9.779280648505011e+307
22131,100000,-3.344974503889739e+307,-1.6833869215454553e+308
17714,100000,4.698139474900731e+307,-6.659802967218303e+307
14139,100000,1.411183345269592e+308,4.344777886900171e+307
15033,100000,-1.5548220689465744e+307,-4.828979787115441e+307
14289,100000,-5.511019190696572e+307,-1.6631100939189385e+308
19509,100000,6.626134216029364e+307,-2.33257664280261e+307
16211,100000,-1.6780525039485687e+308,1.2609260205412084e+308
15011,100000,1.5031937554467078e+308,4.757493980089748e+307
15810,100000,-3.9352967964729827e+307,5.455010411735595e+307
14758,100000,1.4179075950719966e+307,-1.348971806806031e+308
14835,100000,1.6962188517907658e+308,-1.1499803808262788e+308
14652,100000,5.803399842091405e+307,1.2529085265601247e+308
14749,100000,-3.284733552454312e+307,6.719876267408096e+307
15090,100000,1.6139935310706236e+308,1.4300490903476321e+308
14646,100000,-2.8643303029302553e+307,-7.455926049997905e+307
14650,100000,3.7951136534619603e+307,2.5913089254117996e+306
15154,100000,-3.684634023129679e+307,-4.617834835467336e+307
23117,100000,1.6476922141378242e+308,-1.6915146221654386e+308
20540,100000,1.735185999530997e+308,-9.142610303669323e+307
16510,100000,2.564552861222379e+307,-1.2755609884663146e+307
21177,100000,-1.0098425792788191e+307,8.226113681739777e+307
21877,100000,1.1491358208936773e+308,8.851156484667439e+307
14481,100000,3.3554181731071947e+307,1.4261435731700512e+307
14325,100000,3.513316834439974e+307,1.2356708977333682e+308
14659,100000,-8.67728172306217e+307,-1.5050142813156616e+308
14348,100000,1.1247334112166327e+308,-1.133030783765315e+308
15502,100000,8.95225881989911e+307,-3.1153870910332395e+307
15096,100000,-6.692679140349559e+307,7.51031195840904e+307
14469,100000,-1.0387370242046198e+308,-7.873698451105017e+307
14499,100000,-7.9645931766196e+307,-1.7970938498201671e+308
15984,100000,1.591918540972542e+308,-1.0528332147724072e+307
14698,100000,-1.2002187717591116e+308,-1.1741471458194108e+308
15005,100000,1.754238730521152e+308,-6.784489540291504e+307
14623,100000,-1.5971463488337896e+308,-1.2960672539341203e+308
14555,100000,8.945903218951261e+306,-5.992491734052518e+306
14587,100000,-8.596654841559098e+307,4.63941450251845e+307
14390,100000,1.0836170123807298e+308,-8.026468804336911e+307
18894,100000,-6.631429830953053e+307,4.865658341552437e+307
14743,100000,1.1364651992335933e+308,-2.8099043124784364e+307
14716,100000,2.8698255244909663e+307,8.59641410580112e+307
14398,100000,-1.8440774882184277e+307,1.068583331963496e+308
14320,100000,-1.2912138402059776e+308,-2.3846457659012964e+307
16482,100000,-6.337729706855626e+307,6.001839559721129e+307
16026,100000,-1.5873892070938218e+308,1.209160659307181e+308
15902,100000,1.3601782950033698e+308,1.1557979533514967e+308
14628,100000,-1.2561502924694157e+308,7.126339196861908e+307
14294,100000,-1.1663986865056066e+308,-1.388197287905962e+308
14817,100000,3.67265308341517e+307,8.693095174496708e+307
14541,100000,1.4830457733788631e+308,1.6012501187116148e+308
16328,100000,-1.6046399283049482e+308,-4.648111030328552e+307
15431,100000,-1.4224746923063326e+308,3.6308829847407724e+307
14317,100000,-2.3035455581599546e+307,2.1157149358734943e+307
14498,100000,-7.558557123944451e+307,-3.9081164326776087e+307
14292,100000,3.603265731396759e+307,-1.3674848173228787e+308
14369,100000,1.997031855378449e+307,-4.866338459546182e+307
14438,100000,1.7529406248488787e+308,-1.4464978686208389e+308
14531,100000,-1.2844606540956567e+308,-5.847702257370862e+307
14822,100000,-1.2502139828024349e+308,-1.6195896914552617e+308
14571,100000,8.635386105884563e+307,8.924029808323838e+307
14876,100000,-3.5429126019575003e+307,3.079610797998122e+306
19468,100000,1.6844396468581284e+308,-4.411694811843346e+307
14387,100000,1.4907977669577435e+308,1.7766125015502227e+308
14666,100000,-1.1846616451573345e+308,8.208742816606975e+307
15170,100000,-3.7575536585503347e+307,-9.181627749365138e+307
14526,100000,1.325367724784323e+308,4.659750084934147e+307
14486,100000,1.048529009391346e+308,-1.2257646677850727e+308
14580,100000,5.4992627056745155e+305,-1.32603637466405e+308
14284,100000,-1.5435064770635036e+308,8.784970728133138e+307
14296,100000,-1.2779673800720007e+308,-4.349801090932624e+307
14180,100000,-1.3579813874827388e+307,-8.84922822618139e+307
14457,100000,8.361857183933385e+306,-5.7961747473148e+307
15351,100000,6.451121552651679e+307,1.1105109872778325e+308
14025,100000,-1.0938317232674453e+308,2.9032862141490366e+307
15790,100000,-1.4587430616733346e+308,5.857136960458026e+307
14187,100000,-1.8658838929673742e+307,-1.768567955204245e+308
14167,100000,-1.447128399172485e+308,-1.5626425484493782e+308
14266,100000,4.2250510287899364e+307,1.3295380087497182e+308
14469,100000,-5.074216657296822e+307,-1.5783148063532198e+307
15181,100000,-1.2154957341942233e+308,-1.1379771658516018e+308
15422,100000,-1.5720351858536003e+308,1.677627666662503e+308
14454,100000,-1.6153551859072647e+308,-5.946008075424896e+307
14416,100000,-3.837324338062057e+307,1.0249101238478612e+308
14982,100000,-1.5308343050376936e+307,-5.8857888610607e+307
22170,100000,1.4049324039858918e+308,1.2131094470724399e+308
17712,100000,1.2630583984481372e+308,1.5622748652717192e+308
14268,100000,2.384637865396642e+307,5.953918095034343e+307
15445,100000,-8.047332621547647e+307,1.1768445378162541e+308
14502,100000,1.4552207823035397e+308,-5.689215483688464e+307
15707,100000,7.830457139058749e+307,-1.5378357336307222e+308
14612,100000,1.5564473453228472e+308,-5.772662166956385e+307
14812,100000,-1.7410410170529905e+307,-1.5694176184714897e+308
14285,100000,9.987587724985102e+307,-3.3631779863369707e+307
14825,100000,-8.740414833422504e+307,1.2775320132609022e+308
14499,100000,2.710794689220406e+307,9.02278835387511e+307
18422,100000,-1.5223819077747416e+308,1.6979056750985866e+307
14476,100000,5.607372717743396e+307,1.1957473604528458e+308
18556,100000,1.3038428105363566e+308,-1.7276760150345018e+308
14517,100000,-4.726460995845865e+307,-5.194312959876331e+307
15823,100000,-1.6159326503014987e+308,-4.070286523022154e+307
14525,100000,4.503616066216208e+307,-2.7326893940770466e+307
14326,100000,3.0740670831200185e+307,-6.319280647402365e+307
15856,100000,-1.2540789095685254e+308,1.0459173333497996e+308
14461,100000,-5.551109978225244e+307,1.1648433302505662e+308
14254,100000,5.014466933877326e+307,-1.2953849121798508e+308
14424,100000,-1.213449173697063e+308,-1.7913692976953507e+308
14375,100000,-2.948036137018865e+307,-5.917689824992325e+307
14692,100000,-5.739853393816834e+306,1.1853822845441198e+308
14603,100000,1.5651579760435359e+308,-1.770530299219902e+308
14486,100000,-1.5626568619740702e+307,7.942156578583503e+307
14623,100000,1.1907344316571693e+308,-3.452472703943046e+307
14393,100000,-1.4302151267687907e+308,-8.148424950135715e+307
15539,100000,1.024229689013538e+308,-4.973005150011202e+307
14156,100000,1.5134383938917243e+308,-6.107858957082018e+307
15267,100000,-1.0297369639541738e+308,-1.5988691273723976e+308
24197,100000,1.186662681456045e+308,7.84652268411764e+307
24107,100000,1.723046926734571e+308,5.267622454228713e+304
24197,100000,2.302418382532966e+307,1.2589881360390644e+308
19282,100000,1.516249051619527e+308,5.809689646441506e+307
15398,100000,1.7238690201468334e+308,-7.11131289297325e+307
18363,100000,-1.7492718756105152e+308,1.2949132552799877e+308
19016,100000,-6.561328229816807e+307,-1.2489443516089099e+308
14288,100000,1.026602162923012e+308,-2.99796124664363e+306
14597,100000,-7.195346186700369e+307,-7.062939941578824e+307
18252,100000,4.0626964115995556e+306,-1.7000880788723883e+308
14469,100000,-4.0098330041108336e+307,-4.103387917784841e+307
14567,100000,-3.457778741282982e+307,-1.3672813430763312e+308
18552,100000,9.4922943921431e+307,5.644134258514359e+307
14812,100000,1.0891602162846764e+308,4.358767056793875e+307
14523,100000,-1.4245922280257867e+308,1.5043535375668306e+308
15588,100000,7.502137125726022e+307,1.1717076536631438e+308
15543,100000,2.7183390408308047e+307,9.157938806039085e+307
15561,100000,1.4238173897619196e+308,-1.511791094876886e+308
18039,100000,-8.961421074177177e+306,-7.018744369315016e+307
14696,100000,-1.6893776560127463e+308,1.5157357491734046e+308
14473,100000,-4.997861752584256e+307,1.154726774299936e+308
14280,100000,2.2530548673739555e+307,4.684501647736762e+307
15261,100000,-1.7224442554591622e+308,-9.485144522648582e+307
15976,100000,-1.3136342182182075e+307,5.454680574276388e+307
14369,100000,1.7424027958901017e+308,1.5663137135994781e+308
14409,100000,-1.192048422537122e+308,1.124195110069997e+308
14471,100000,-1.2538699716278617e+308,6.463660121714921e+307
14343,100000,1.4676055415349113e+308,6.032975900538169e+307
14645,100000,7.476914863925714e+307,-4.595866909919998e+307
14343,100000,-6.387221624985007e+307,-8.844323085087825e+307
18581,100000,1.5295923127420807e+308,1.0440588049229886e+308
15957,100000,-3.8196978365653446e+307,-6.812183365120265e+307
14624,100000,8.377780654234598e+307,-1.7680578176516232e+308
21358,100000,-1.383565260915647e+308,9.262025075255627e+307
15081,100000,-4.128667041837148e+307,4.128049707422188e+307
14500,100000,-6.30589191789523e+306,-5.403536605204613e+307
14725,100000,-7.691152523387333e+307,-1.0076359827456174e+308
14651,100000,-1.3073424866980163e+308,-1.1013842219766768e+308
14456,100000,-1.296954655772464e+308,-4.810038974477692e+307
14852,100000,1.4217557040846182e+308,-4.091089184653359e+307
14364,100000,-2.7250165959677614e+307,1.7090293628874497e+308
14751,100000,-1.554266491736592e+308,5.163960603446991e+307
14938,100000,6.095081910521084e+307,7.287268488658417e+307
15017,100000,1.1316548327636011e+308,-5.721585874952822e+306
14520,100000,-1.7630995711047623e+308,4.498248654461163e+307
17904,100000,-4.834594739509765e+307,-8.654598030351424e+307
16170,100000,-1.2808898383180148e+308,1.1718596609322438e+308
17823,100000,4.027174811665694e+307,7.303110937559982e+306
14319,100000,3.4037296398458985e+307,-1.6671061114669266e+308
14245,100000,-1.699052127529316e+308,1.595033127367757e+308
14888,100000,-1.0570122124332158e+308,3.962284362113868e+307
14361,100000,-1.3763389134785315e+308,1.2645939353562587e+308
17847,100000,1.015943164615084e+308,1.222986809468839e+308
14771,100000,2.1999184581015552e+307,-1.7648993357301697e+308
14712,100000,1.7920144265903602e+307,1.018947523225335e+308
16459,100000,-1.205409936735373e+307,1.5154174361186872e+308
18322,100000,-1.779431800808175e+308,9.502903248692832e+307
16634,100000,3.022384397911193e+307,-1.0817901255844549e+308
14553,100000,1.658481844426943e+308,1.001805294020684e+308
15030,100000,1.1658618914155895e+308,-6.030791219379863e+307
16381,100000,-1.0655171507683784e+308,1.350418144546951e+308
14423,100000,6.027223475540738e+307,1.4058253623958613e+308
15252,100000,-8.331523295815831e+307,-1.3563833164599718e+308
14472,100000,-1.5390168197703015e+307,-1.334862762371543e+308
14389,100000,1.6920534056878046e+308,1.4010736400524204e+308
14627,100000,9.654382535628363e+307,-7.993579274303165e+307
15385,100000,-7.205903464333593e+307,2.341521045319065e+307
18191,100000,1.3076012657224085e+308,-8.249055513761858e+307
15673,100000,-7.556906939854567e+307,-1.2062609611707697e+308
14788,100000,-3.7414296803394117e+307,1.2608274996674224e+308
14598,100000,4.736049101350918e+307,3.035159323298518e+307
14215,100000,1.2087176273793407e+307,-1.063542224330221e+308
14501,100000,-7.676981640642115e+307,1.1210876407355084e+308
17966,100000,-1.525848323674008e+308,1.2569139021629225e+308
14340,100000,-6.271701902660047e+307,7.673585225043046e+307
14373,100000,-1.4978478543825161e+308,-1.964339725492101e+306
14435,100000,-6.166915034004415e+307,1.2534782479418791e+308
14281,100000,1.4020724075793137e+308,5.647741021197849e+307
15790,100000,-1.9913790321250824e+307,7.890931327805947e+307
21645,100000,-5.439161937997722e+306,-3.153733518611222e+307
21074,100000,-1.0906962068423931e+308,-1.7599434851625874e+308
14373,100000,1.0848523054287666e+308,-7.800992728656125e+307
14330,100000,-1.1671496818292772e+308,2.450427568892555e+307
15767,100000,1.4081421374850978e+307,-5.461963633640574e+307
17371,100000,9.605994696979471e+307,-1.303566187764602e+308
14286,100000,-4.0242600251000436e+307,1.1844531646292273e+308
14595,100000,4.321294496894227e+307,-1.3842015103937966e+308
14471,100000,-5.939661805216723e+307,-7.245337740138516e+307
16696,100000,-7.359482770010117e+307,-3.072873203033874e+307
15603,100000,1.1087260857321927e+308,5.041229864374702e+307
14401,100000,-3.94910796391521e+307,-2.231457478911032e+307
14381,100000,-1.0001732046729933e+308,1.0643074420038729e+308
14565,100000,1.1176672852555712e+308,1.672265548711408e+308
14786,100000,-4.3178891565622833e+307,-1.776535803005979e+308
14746,100000,-2.0565420858916639e+307,-9.603276514541726e+307
14691,100000,-2.651881750707894e+307,-1.0890035859495248e+308
14609,100000,1.429738258257504e+308,-8.566019162974221e+307
14527,100000,9.542780465300942e+307,-1.6379755704828107e+308
14963,100000,1.2934422144852163e+308,1.236358847041639e+308
14280,100000,1.6098253902072194e+308,3.7847358903014467e+307
14173,100000,2.444086131870612e+307,-8.555209485689724e+307
14581,100000,-1.5282369603587057e+308,1.7869866654709207e+307
14329,100000,-3.0508077287257373e+307,1.3834777948193288e+308
14762,100000,6.343579700453085e+307,1.6499075148301761e+308
18388,100000,9.053032907808985e+307,1.5940784921968525e+307
14972,100000,-1.5959213123303089e+308,-2.9305400179548064e+307
14214,100000,9.92721602237771e+307,-1.7142167525050873e+307
14596,100000,-1.3880347542664247e+307,3.5921900407322617e+307
14558,100000,-9.651115172948064e+307,-1.1977471321433078e+308
14478,100000,-5.923564927725707e+306,-9.100654641385831e+307
14367,100000,-1.5915206728092073e+307,-5.251412935359502e+307
16811,100000,9.116332748823384e+307,2.198906951903866e+306
15551,100000,-4.74076644471749e+307,5.924634367010898e+307
14925,100000,1.704285533479342e+308,-3.6630771419549464e+306
14971,100000,-6.285831474404019e+307,-1.381764718600826e+308
14569,100000,-1.5591695992546632e+308,-1.4912029077023761e+308
14289,100000,-1.7882031306335322e+308,1.7965296299660796e+308
14417,100000,9.908469517083214e+307,5.557838228504376e+307
14534,100000,1.9488882829419496e+307,7.861635104932969e+307
14434,100000,8.305080359291922e+307,8.69340668670223e+307
14959,100000,5.452554383770614e+307,6.181208756320699e+307
14734,100000,1.0495498606800023e+307,6.993286326227683e+307
14648,100000,6.615567151087881e+307,-1.7913074019487741e+308
14342,100000,-7.33400397530995e+307,-5.874736257152075e+307
14358,100000,-1.5668097547175309e+308,9.460947965821938e+307
14733,100000,-8.729784485034834e+307,8.916579327372424e+306
14452,100000,1.3954139904213379e+308,-1.49200347690286e+308
14710,100000,1.0130490311696062e+308,1.0517835812484455e+308
14355,100000,8.907988567831368e+307,8.004677465210237e+307
14570,100000,-5.2947247337511164e+306,4.8172483854324274e+306
14495,100000,1.2150985264016203e+308,-1.3100354142103701e+308
14370,100000,1.717837948002161e+307,-1.255000982845628e+308
14387,100000,-4.183319042681656e+306,-3.1568853622516653e+307
14678,100000,-3.036599816500726e+307,-1.4568737520282177e+307
14957,100000,9.349509814255162e+307,7.159783789416511e+307
14604,100000,4.947567844113681e+307,7.792519945311575e+307
14822,100000,-2.597519640491842e+307,-1.7660960097816509e+308
14534,100000,-6.529687691463423e+307,-1.4567396721538686e+308
15692,100000,-1.5521047417440527e+308,6.361101506053889e+307
14232,100000,3.0537545580114663e+307,-6.719167556002217e+307
14827,100000,2.477232522025011e+307,-1.4259362670275901e+308
15178,100000,8.903147944150169e+307,-9.405203915279436e+307
14445,100000,9.658382240995102e+307,-1.1576648974231182e+308
14516,100000,1.0782167170705935e+307,-1.0003136966735226e+308
14316,100000,-6.690819648541142e+307,-1.4073755706886082e+306
14471,100000,1.3435051495995926e+308,-1.795788727762114e+308
14365,100000,-6.355796835882165e+307,9.051211042127593e+307
14663,100000,4.1390143741242834e+307,-2.968619696219972e+307
14459,100000,1.318442973660081e+307,1.1683781846883925e+308
14518,100000,1.2978884609145197e+308,-2.0664729301478734e+306
14826,100000,1.5002486187951782e+308,1.6238011659301214e+308
15805,100000,-1.1821941198700397e+308,-5.241727886492446e+307
14506,100000,-9.820630830952971e+307,-4.639508265122717e+307
14404,100000,-6.688220771054792e+307,-8.373341365264543e+307
14562,100000,-1.0109278898131109e+308,1.2419192453289296e+308
15036,100000,-3.366720463377604e+307,-7.24651013888129e+307
14797,100000,1.1851506103390363e+308,1.6061844168407307e+308
15436,100000,-1.5329025872179307e+308,-1.1174655886709937e+308
15418,100000,-5.776326461476172e+307,-1.3776561065344284e+308
14931,100000,5.842209262969034e+307,-1.0805670726761184e+308
14659,100000,1.490137717670161e+308,4.15800153959761e+307
17023,100000,-1.5540126081866463e+308,-4.4673762403204306e+307
14538,100000,1.7591086702715684e+308,-1.141937923768639e+308
18137,100000,1.168483852825356e+308,-5.025710439423575e+306
23559,100000,8.53748342209802e+307,-6.961520120397933e+307
14808,100000,1.4781790011213582e+307,-4.535437290203516e+307
16116,100000,-1.7344508368597041e+308,-3.3822485059382865e+307
14234,100000,1.8850135885953075e+307,1.6346278406748373e+308
14378,100000,-6.594959697102405e+307,-1.7407826942505097e+308
14426,100000,4.517860633345033e+307,1.4023388219220369e+308
18294,100000,1.2099032722954198e+308,2.739580369212903e+305
17916,100000,-1.5949553646257008e+307,2.3029709565890033e+307
14267,100000,1.206133732658548e+308,-1.602372225310568e+308
14665,100000,-3.0604166542949613e+307,-1.6401380307815947e+308
14384,100000,-1.5159955722630548e+308,-5.727077007857214e+307
14919,100000,-1.0880732488587287e+308,-7.994046132111839e+307
14350,100000,5.173645833101997e+307,-1.1725130778152564e+308
15888,100000,1.6613595195580227e+308,-1.5280573273215593e+308
15116,100000,1.0576873594187576e+308,-1.310947829684127e+308
14933,100000,-6.514681541215961e+307,-2.28514452072509e+307
14442,100000,1.6439683524519115e+308,3.332156317373482e+307
14594,100000,5.76079559342057e+306,9.06004225879219e+307
14655,100000,8.690039976930094e+307,-1.243726119300699e+307
14291,100000,1.3680447664913275e+307,-8.048832053001113e+307
14504,100000,-6.269540298061992e+307,1.3577533899471176e+308
14861,100000,3.944327636999861e+307,4.705533577581812e+307
14320,100000,9.64692503910704e+307,-1.6105077752493636e+308
14303,100000,6.75806849941368e+307,-7.860190281351357e+307
14353,100000,1.7193154356303841e+308,-1.2700521127886528e+308
14271,100000,-9.202928176321173e+307,3.551980711741058e+306
14564,100000,1.0318141388828135e+308,-1.3640886983599182e+308
14330,100000,-8.041812789405513e+307,-1.060404353992878e+308
14530,100000,1.4108831614046724e+308,5.590864545837628e+307
15918,100000,8.846302058070482e+307,-1.4897583524360552e+307
14787,100000,-2.468216989631716e+306,-1.170891684892875e+308
16311,100000,1.6559267591705901e+308,-1.1758681511508372e+308
14271,100000,5.346198403625761e+307,1.5454410047500125e+308
14390,100000,1.2055410005643543e+307,1.6528924016309832e+306
14211,100000,-1.6161818379974698e+308,-8.163455518074784e+306
14338,100000,1.274200954927647e+308,-2.717055444474258e+307
19883,100000,4.3404889465057884e+306,9.269813891276773e+307
14592,100000,-4.996921742696305e+307,-6.082158157403311e+307
14403,100000,3.009068241274244e+307,9.332744929153876e+306
14674,100000,5.37826263018531e+307,1.4556730010869377e+308
14592,100000,7.560738839605461e+306,-1.3971721513508248e+308
18255,100000,9.551779238703484e+307,-1.2816542194553264e+308
14554,100000,-8.903525205104582e+307,-1.364869889186722e+308
14439,100000,-1.2695657949508107e+308,3.2275433555716e+307
15127,100000,-3.5841258907012495e+307,1.0405570216785906e+308
14456,100000,-8.019029914290948e+307,6.645624393585577e+307
16507,100000,1.1666358124526786e+308,-1.5210949686856864e+308
17966,100000,1.525826534419603e+308,1.7755084137460082e+307
16378,100000,1.1466753323703082e+308,-1.3804655398539623e+308
14443,100000,-6.045296411398065e+307,8.183257095874494e+307
17005,100000,7.61908696046444e+307,9.30592222098518e+307
15617,100000,1.217398374731665e+308,-9.222896001682189e+307
14403,100000,-2.291651369329277e+307,-1.439194045872469e+308
14651,100000,-3.6150445807078967e+307,-1.369172027492893e+308
14541,100000,6.50938106183577e+306,-3.65710996293699e+307
14408,100000,-1.4809234086568234e+308,5.450111973621637e+307
14263,100000,-1.590202018593063e+308,8.573246688386503e+307
14537,100000,7.331314296034155e+307,1.0384677799544685e+308
20009,100000,-1.6446517364173869e+308,1.6200304009846747e+308
14765,100000,-1.775416072979628e+307,1.7765562930296314e+308
14547,100000,1.1023260368958795e+308,-1.7611057305940589e+308
17306,100000,-2.526959519277714e+307,6.440679091532174e+307
17357,100000,-5.619144576461811e+307,-8.226990905818433e+307
16867,100000,-3.821526163142058e+305,5.687465253397904e+307
14132,100000,-1.1649241098056957e+308,-1.5319467961945545e+308
14680,100000,-1.759005085134398e+308,3.264091594155053e+307
14348,100000,-8.680498233658924e+307,-2.0667550208935728e+307
14259,100000,1.69116359209365e+307,-1.5709776875191306e+308
14340,100000,1.772479440875331e+308,1.2742433895862312e+308
14493,100000,-6.8328784609139e+307,1.4282012577452656e+308
14719,100000,3.5678576020571926e+307,8.759133810569509e+307
14678,100000,-1.3184453349408344e+308,1.7241011314102414e+308
14479,100000,-2.657626431186301e+307,1.3465458013700824e+308
14581,100000,1.7105943621783378e+308,6.253529967194436e+307
19933,100000,9.308314045040257e+307,2.754663180617541e+307
22091,100000,5.964865093445881e+305,-1.4358574872956437e+308
14408,100000,-1.4137559044854958e+308,-4.371485794617041e+307
14430,100000,1.6702704666494405e+308,-1.7168023878284828e+308
14461,100000,-1.3373665694301565e+308,1.0491627940717436e+308
14573,100000,7.97098291947151e+307,1.4895868331986605e+308
14688,100000,-6.007979784469075e+307,-1.3475727623448023e+308
14651,100000,-9.467468205874939e+307,-1.4809764197673758e+308
14565,100000,-1.4602776086149647e+308,4.705438307936729e+307
14789,100000,7.457394524951437e+307,1.6617148062943038e+308
14771,100000,-1.5731569979472335e+308,-8.349979896849566e+307
14378,100000,8.242978348537375e+307,1.789828132687e+308
14495,100000,-7.628260838448786e+307,1.6724430307844977e+308
14844,100000,1.4313723088803419e+308,6.295206541882072e+307
14535,100000,-9.363688630342316e+307,-8.727306612100019e+306
15321,100000,-1.5099691093228286e+308,-2.92894844391731e+307
14842,100000,1.05684259717663e+307,4.1281106123171994e+307
15438,100000,1.3207647419439987e+308,-4.791539481663432e+307
14651,100000,-6.534885180561219e+307,-2.1107480800697107e+305
14526,100000,5.313156615314161e+307,6.878265527051481e+306
14848,100000,4.3767187587285924e+307,4.649389334705777e+307
15034,100000,3.699240487170488e+307,7.160697528747189e+307
14699,100000,1.6307917524365307e+308,1.4376213314299536e+308
14631,100000,9.903863158315978e+307,-1.6337940996015584e+308
16735,100000,-1.579946978978807e+308,1.072572579548316e+307
15267,100000,1.1481412665768614e+308,1.5310460567049368e+308
14858,100000,-1.4543193271227141e+308,-4.059487661241126e+307
14445,100000,-1.1451972560134958e+308,-9.462143371580445e+307
14498,100000,6.480538596077955e+307,-1.5104174292104796e+308
14473,100000,1.0050919051450446e+307,-1.6634579270775137e+308
14545,100000,9.91000920744301e+307,1.0061021779409499e+308
14633,100000,-8.963308002203818e+307,1.5200438616635847e+308
14673,100000,1.721142712874506e+308,4.537578085860561e+307
14680,100000,6.595764436707886e+307,-1.426221750062037e+308
14710,100000,-1.473056660613506e+308,-4.4449093282595664e+306
14750,100000,-1.6836652129690302e+308,-9.399094297070388e+307
14533,100000,-4.120530800769454e+307,-5.721217398057668e+307
14712,100000,4.829097208814802e+307,5.57215761594217e+307
14558,100000,-3.9610641952674805e+307,-1.4262243555099032e+308
14731,100000,-7.064247661280515e+307,1.1455217460596962e+308
14767,100000,1.4863593052024448e+306,1.7243465668541572e+308
14535,100000,5.360370806874399e+307,-1.7898260726827113e+308
14533,100000,-5.979729186956332e+307,1.41511709170624e+308
14889,100000,-9.017953813003822e+307,-2.657099010337123e+307
15092,100000,1.4092383721090544e+308,5.281949458725112e+307
14391,100000,-6.909266657059618e+307,6.530687088680645e+307
14363,100000,1.7944527262706672e+308,3.196862121047444e+307
14641,100000,7.640800793270186e+307,1.2175003449264616e+308
14586,100000,-1.0649159699686982e+308,-6.794193237204253e+307
14374,100000,1.161738340158727e+307,1.2882052887119839e+308
14470,100000,-1.7529346366606664e+308,6.405607788964082e+307
15931,100000,-8.049108996357331e+307,5.38023561954418e+307
14258,100000,-1.5316060213484097e+307,1.5972686333933297e+308
14967,100000,-1.5200944535954832e+308,1.0921547681025077e+308
14615,100000,1.2815043827591866e+308,-5.697737748811407e+307
14694,100000,1.7701682953195698e+308,-1.2425494016963905e+308
14551,100000,1.1639545948595475e+308,5.579233141371281e+307
15039,100000,5.064529588080408e+307,1.3810844640124814e+308
14373,100000,-1.431975890772233e+308,-6.560813278330557e+307
14440,100000,-1.3119034794559528e+308,-6.532360888620044e+307
14593,100000,2.8009474913329306e+307,-1.593127414866496e+308
14460,100000,-1.1027665589477622e+308,6.741722440532336e+307
14941,100000,5.580473461607478e+307,-3.636264551020141e+306
16894,100000,8.535676337059975e+307,-1.4766840130713586e+308
14253,100000,1.3982286422921376e+307,-1.673788332911329e+308
15129,100000,-9.44277327497464e+307,1.018890930553534e+308
14879,100000,1.589268584611893e+308,-1.614300850519966e+308
18161,100000,-8.038604562344643e+307,-4.601955549474314e+307
14650,100000,-7.541318366126564e+307,-4.50191294800186e+307
14665,100000,-2.0644619025630522e+307,1.6676866493583738e+308
14255,100000,-1.2856263762191078e+308,-5.038186907870365e+307
14350,100000,1.080749345732767e+308,-1.0694636233377194e+308
14681,100000,-7.774102058480046e+307,-2.0919529472565835e+307
14598,100000,1.719229739921965e+308,-1.547480912340102e+308
15033,100000,-7.03981536511717e+307,1.9637371513687252e+307
14452,100000,-1.5823620961140553e+308,-1.1747526608255412e+308
14457,100000,-3.291423924543618e+307,-4.2027536389061005e+307
14831,100000,-1.5487287665817916e+308,-3.2597542033000446e+307
16009,100000,5.846574633441419e+307,1.3251148984995588e+308
14728,100000,-1.62334643733934e+308,1.116187700278128e+308
16247,100000,-9.648249062451436e+307,-8.394981540131783e+307
14742,100000,8.114908428259471e+307,1.1920673677216025e+308
14610,100000,1.7885847763820783e+308,-1.4096589341631637e+308
14700,100000,1.5075824290973497e+308,-4.65069544735616e+307
15006,100000,-6.637142954606803e+307,1.3284608802297765e+308
14206,100000,1.3965079700423552e+308,-1.2333889455295496e+308
14803,100000,-1.5503269834177772e+308,-1.7907071989293091e+308
16160,100000,-1.8026358028443146e+307,8.363530120874126e+307
14480,100000,-5.197162095029711e+307,-4.549946226891271e+307
16866,100000,-6.672029467836514e+307,-6.737651253821351e+307
15744,100000,-2.604468880176507e+307,-9.80165908307949e+307
14902,100000,-3.594664687235805e+307,1.396473771214326e+308
14814,100000,-1.5277060440340672e+307,1.1582003628137573e+308
14482,100000,1.4377476307220057e+308,-1.3891157959781481e+308
14903,100000,-1.6500260998707974e+308,1.0496683683906039e+308
14436,100000,4.995253022203895e+307,-1.7162698128011588e+308
14235,100000,-1.0971303493622676e+308,1.0105060070960409e+308
14715,100000,7.905658075355804e+307,3.1510999110673456e+307
14443,100000,-1.2144851595364183e+308,-2.3150742522955523e+307
14526,100000,-5.849252569065558e+307,-9.646433795556236e+307
14913,100000,1.1574388861631e+308,-3.3937657240457675e+307
16555,100000,-1.3459957611850365e+308,-1.008417853852677e+308
14221,100000,-1.3728865948666956e+308,-1.0614705795849934e+308
14325,100000,-1.4345215447818386e+308,2.971063760737939e+307
23425,100000,-3.0438148350212407e+307,4.771248024609383e+307
14542,100000,-9.67921544836577e+307,-1.2949714097021985e+308
15348,100000,8.618721399030708e+307,1.5428195253942076e+308
14328,100000,-5.722753256344733e+307,6.37621451339922e+307
14514,100000,8.978335454277455e+307,3.647726367364516e+307
14485,100000,-8.716868510196247e+307,1.159979890156033e+308
14400,100000,-1.331546051446879e+308,4.50877735161016e+307
14613,100000,-2.463007286776523e+307,-2.4525345753794656e+307
14587,100000,3.949167105462271e+307,-2.5937925977948013e+306
14453,100000,1.0433323931347586e+307,-7.279437751262745e+306
15728,100000,1.3240575662369347e+308,5.268803576618828e+307
14765,100000,1.167357049565191e+308,-1.2667179296753345e+308
14700,100000,-5.93740658728481e+307,9.71882827997099e+307
14929,100000,-1.5217103390225592e+308,7.657263864930654e+307
18145,100000,1.5097634900219616e+308,1.6385476003372118e+308
18395,100000,4.924995452403797e+307,9.16865237035687e+307
14512,100000,1.009922625387646e+308,-1.4414061445866629e+308
14864,100000,1.276228586060669e+308,-7.021672155230887e+307
14929,100000,-6.030208070334004e+307,-9.193655391623286e+307
14886,100000,1.5090229139440239e+308,4.417087270466553e+307
14705,100000,-1.546581938877777e+308,-1.7588827808110528e+308
14394,100000,-5.806072592349467e+307,-6.289560705857603e+307
17576,100000,-9.89071476450877e+307,1.7398780515099209e+308
14422,100000,1.3203787063320206e+308,-1.8314118555402617e+307
14331,100000,1.2813700631874127e+308,-1.5804063707317474e+308
15190,100000,-4.358221910490106e+307,6.394208012952225e+307
17907,100000,1.3242473096152528e+308,1.7615210709476185e+308
14986,100000,1.2630133387942249e+308,7.450417024628534e+306
21784,100000,1.0691720884682625e+307,1.2607464667052403e+308
25071,100000,-3.9213750021896226e+307,-9.453398546706887e+307
25179,100000,1.2630560426374016e+308,-1.3736577742287414e+308
14611,100000,5.500498241071948e+307,4.411338529023404e+307
14854,100000,-1.037549302367762e+308,-1.326679132672849e+307
14661,100000,1.635161049280793e+308,9.956369786845355e+307
14817,100000,-7.870588864830271e+307,-1.2597585260666904e+308
15216,100000,3.827261594972307e+307,9.846861964363235e+307
21250,100000,-1.3257437381339304e+308,1.022550905350552e+308
14536,100000,1.2178762393771692e+308,-7.482493134153194e+307
14326,100000,-6.760573301609551e+307,-6.0261670613568e+307
14379,100000,1.5244027648892111e+308,1.1294959822340004e+308
14974,100000,9.743556004401783e+307,1.5390831885421982e+308
14860,100000,-6.264631327283467e+307,-1.736828553175266e+308
21684,100000,1.3853842125788706e+308,1.284196334380807e+308
25265,100000,1.1819258667556983e+308,4.025611982756078e+307
24860,100000,-1.157806828515307e+308,-1.4827062466273708e+308
24818,100000,-1.1261855157052108e+308,-4.896520269711641e+307
23218,100000,-5.811040731301731e+307,1.291441694160676e+308
16319,100000,-5.246720905081352e+307,1.2295959211755361e+308
14568,100000,2.4299887208716618e+306,-1.7008600724260474e+308
14195,100000,5.06461985628536e+307,1.3643611933410843e+307
14449,100000,-6.138647982397258e+307,-8.926142256512733e+307
14392,100000,-4.3989647790367717e+306,1.2854066628697698e+308
14811,100000,7.296158896991821e+307,4.8596314841095563e+306
14407,100000,7.288941790677891e+307,-6.990439669093745e+307
15378,100000,-1.6185189973359245e+308,5.865999921149616e+307
14941,100000,-9.930960094211099e+307,-1.360040156577842e+308
14744,100000,1.3173011325797414e+308,-1.0261445253412248e+308
18605,100000,-1.750639973327334e+308,9.499560882518831e+307
14652,100000,1.0689202620136414e+308,-4.925295605958045e+307
14766,100000,8.659714045839922e+307,-6.912866692179063e+307
14743,100000,-7.631757411025537e+307,1.3763927061031647e+308
24709,100000,-1.2147358794839979e+308,9.669686840438974e+307
23217,100000,1.6017431456615405e+308,-5.009177306510045e+306
21804,100000,-1.217853682149096e+308,-3.553421752187882e+307
22678,100000,-1.012726042858292e+308,6.556454399820538e+307
23389,100000,1.2181150863916004e+308,-1.6806486007978842e+308
24843,100000,1.7902652026670106e+308,1.6454256677865652e+308
24862,100000,-1.1560290076902328e+308,-6.928245571842888e+307
25023,100000,-1.5777070719576166e+308,-1.5120796119649545e+308
22485,100000,-3.418147526140599e+307,1.1354685585456392e+307
18451,100000,5.000025234334572e+307,9.040448631847619e+307
14554,100000,1.1642183935983992e+308,-8.366333896606937e+307
14650,100000,-1.7088847876855662e+308,-2.141579421481352e+307
14416,100000,1.7119716508911302e+308,3.413289395442664e+307
14847,100000,2.4063782633957e+305,-1.7273000156136652e+308
14788,100000,-1.6493191414665128e+307,3.9501789177170295e+307
15136,100000,-6.558704793931662e+307,-2.3016384635058523e+307
14281,100000,-1.6293134326824053e+308,-9.85068924669544e+307
17517,100000,9.872999359166991e+307,6.948996162106739e+307
14437,100000,3.1075149017560675e+307,4.772123532738211e+307
14159,100000,-1.0556182150966829e+307,1.248356531968652e+308
15049,100000,-5.502214916921316e+306,1.347268888498808e+308
14991,100000,-7.644777860943361e+307,-1.6855939498323608e+308
14959,100000,-1.560565240568928e+308,6.640874783385617e+307
14971,100000,-2.5477718932668997e+307,1.4299760983540464e+308
14643,100000,1.7667883786134276e+308,-6.631375077553257e+307
15237,100000,6.271525122718611e+307,-9.539234464696508e+307
14742,100000,9.953457465327876e+307,5.180782201680669e+307
14582,100000,-8.963211522053378e+307,-9.084632998706074e+307
14664,100000,1.0401083338624173e+308,-7.002120761819233e+307
14529,100000,7.288030315459456e+307,6.791366412542573e+307
14622,100000,-9.329449792149223e+307,-1.2352206408708042e+308
14426,100000,-4.3946213627130727e+307,-1.7141983804355153e+307
14202,100000,-5.018617022031138e+307,-1.344318638544433e+308
14614,100000,-1.691297379141928e+308,1.6857148154190593e+308
14608,100000,-3.3741121939673016e+307,-5.182160495907684e+307
14454,100000,1.5937243284817103e+308,5.666017941911761e+307
14503,100000,-9.279707855796855e+307,1.3037991614237124e+308
14526,100000,-3.845424038679014e+306,-6.299281661400952e+307
14558,100000,-1.2276955496872759e+308,1.4683015781948714e+308
14454,100000,-1.5084990790964397e+308,9.520094216843674e+307
15343,100000,1.7765443768346679e+308,-1.2278240060090975e+308
14891,100000,-5.598676644736367e+307,-1.5052979158609815e+307
14416,100000,8.190038848684676e+307,-6.770238476702353e+306
15792,100000,1.679836945014119e+307,-5.209947855386177e+307
19629,100000,5.536377741968984e+307,-6.234675787649813e+307
24085,100000,1.1780834090317175e+308,9.684835381510919e+307
25205,100000,-1.7562738433189943e+308,-3.5830290541622433e+307
25056,100000,-1.7177006166440236e+308,1.2503116579645339e+308
25143,100000,-8.266232118354834e+307,1.746176672806983e+308
23172,100000,1.262520333158572e+308,-2.441124108192295e+307
15067,100000,1.770543056133483e+308,1.1136220953471127e+308
14626,100000,-8.654731223809168e+307,-7.455717582747586e+307
14294,100000,2.5828640079210833e+305,-1.621689542173622e+308
17180,100000,-1.4596422616551465e+308,-4.109397485952163e+307
14565,100000,1.365009289190807e+308,6.274583156938593e+307
18113,100000,-9.52764857456684e+307,-1.386790843938035e+308
21570,100000,9.942628685198191e+307,3.821697827016195e+307
14580,100000,7.231713462319669e+307,7.690158824323396e+307
15006,100000,1.0621326720811562e+308,-5.316138234759389e+307
15469,100000,8.407116346642304e+307,-4.657806680021129e+307
14453,100000,9.353405003061822e+307,-1.6582123830723838e+307
14338,100000,-3.217776363403653e+307,1.3126850083726728e+308
14955,100000,1.342014537553033e+308,4.169023146389155e+305
14844,100000,1.5982129063213065e+308,1.144489096207505e+308
16327,100000,-4.76554084951383e+306,1.1292558567984952e+308
14408,100000,-1.013376566824129e+308,-8.291310910964886e+307
14452,100000,-1.5842457428991511e+308,-1.4763499062754899e+308
14924,100000,-2.146892116502035e+307,7.231418337951899e+307
14639,100000,-9.281327278541989e+306,-9.244424912770412e+307
14947,100000,4.865887269449048e+307,1.4164901146396364e+308
14624,100000,1.7253235159197214e+308,1.4476061674654623e+308
14442,100000,7.037803164323852e+307,6.242740636336005e+307
14788,100000,1.1881012627351733e+307,6.54027014888685e+307
14924,100000,-1.1996084872654851e+308,-9.345427207024253e+307
14805,100000,1.1362728882985136e+308,-2.604746049303802e+307
15586,100000,-9.656650622286925e+307,1.0284893141300233e+308
14338,100000,1.229539245204204e+308,-1.5087211358943668e+308
14638,100000,-4.3735961723626466e+307,1.6475756461629778e+308
14893,100000,-1.417191261083214e+308,5.942391698561156e+307
14540,100000,-9.357904179047967e+307,-1.3134401890771628e+308
14989,100000,-1.3367134461251098e+308,8.584902842831878e+307
14471,100000,9.53918427917634e+306,-6.029800523642559e+307
14302,100000,2.0887704487820055e+307,8.121851390035964e+307
14328,100000,-4.4320770121600323e+307,-7.756115749544629e+307
14458,100000,-1.7328187732321803e+308,7.400789738577268e+307
14493,100000,8.73156810299687e+307,6.539856909158612e+307
14567,100000,-1.6759752859849374e+308,1.7513818219531912e+308
15014,100000,6.878424523342392e+307,-6.680307869622478e+307
24361,100000,9.948843624878664e+307,-8.647152240644619e+306
25905,100000,-4.918246775548095e+307,-1.6422361197405105e+308
14394,100000,8.775644087367662e+307,1.246278001001696e+308
14469,100000,-9.974660462366273e+307,-6.554414465265436e+307
15419,100000,1.7369255200257724e+308,-1.349728137205181e+308
14361,100000,7.878668219016766e+307,-6.225459503901948e+306
14476,100000,5.128891956374963e+307,3.0026285024420683e+307
14425,100000,-9.81970364725193e+307,-1.4297552546600925e+308
14769,100000,4.485037009909109e+307,1.360362915967694e+308
14083,100000,1.4835171873185949e+308,7.667856442967977e+307
14446,100000,1.7029677223440402e+308,-1.7957018325748908e+308
19684,100000,1.7559981398053905e+308,-1.3788856446096622e+308
14347,100000,8.415246307876526e+306,-7.503417889397926e+307
15639,100000,-1.5867367376710917e+308,-1.1380061926732318e+307
22240,100000,-8.09443122837772e+307,-1.7310224442823128e+308
25678,100000,1.5639870663761509e+308,7.779748380905999e+307
25445,100000,-8.364588168989876e+307,-8.253641940468196e+307
25223,100000,9.232528721686285e+306,1.525674966061511e+308
21146,100000,1.234611005724241e+308,-1.7069158495070116e+307
15084,100000,1.3625484871319726e+308,4.6992081679940976e+306
15966,100000,-1.377700328591264e+308,4.952436884435857e+307
14542,100000,1.551117931599861e+308,-1.419820498628904e+308
14451,100000,3.063236050918444e+306,1.558293668240714e+307
14372,100000,1.7612924105211177e+308,3.186789958977431e+306
16832,100000,-1.3532421634802691e+308,-1.4762447419844343e+308
14364,100000,1.5320348845638227e+308,-1.6639470546554305e+308
17448,100000,-1.3067207607840367e+306,-2.54401972330819e+307
15407,100000,7.75650988960872e+307,-7.951946171472205e+307
14511,100000,7.950364405627558e+307,-1.6228868276554767e+308
14635,100000,-1.772593859555896e+308,-4.130657228628727e+307
14431,100000,8.588894361078561e+307,-7.03146096461146e+307
16167,100000,4.569840643876498e+307,-6.948332366612659e+307
23189,100000,-7.818602806711948e+307,2.5642890356168946e+307
16645,100000,7.05607611513437e+307,-1.450289730318631e+308
16030,100000,1.411608223552147e+307,-1.3718318183022828e+308
14504,100000,1.7664662057331674e+308,1.241903378794515e+308
14225,100000,-1.782293103374895e+308,1.4714056426261296e+308
14614,100000,-1.0908481827406237e+307,7.039191632631752e+307
14502,100000,8.27318096837511e+307,-1.4254084355244026e+308
14599,100000,-5.277440968128065e+307,2.2249656157019313e+307
14838,100000,-4.0737797221339264e+307,-3.587174174621475e+307
14571,100000,2.401951233426628e+307,2.0530985798787483e+307
22513,100000,1.0422186311126488e+308,-1.20224661061875e+308
16200,100000,-5.256202437635976e+307,1.3936765849963192e+308
16918,100000,1.5766375476100038e+308,5.774707435642585e+306
15722,100000,3.373304744166479e+306,-9.783499963348913e+307
14518,100000,-9.915639591886307e+307,-6.610297219837099e+307
14446,100000,7.278538039912372e+307,6.155763693552158e+307
15038,100000,-7.217938009267508e+307,1.650597131017077e+308
14747,100000,-5.705738576958562e+307,-1.2084497267895673e+308
14661,100000,-1.2366036173454858e+308,-1.6124885783231392e+308
14723,100000,-8.132183623768081e+307,-3.4940896245097484e+307
25872,100000,9.515869854044627e+307,1.4525134251565281e+308
24545,100000,1.1822971360092127e+308,-2.1473940430567879e+307
18947,100000,1.327472126959608e+308,1.198414782533572e+308
14932,100000,-1.7207670289121928e+307,2.5432485693631737e+307
14106,100000,2.0801467042895325e+307,-1.2539936460470839e+308
14303,100000,-3.325204250044651e+307,8.771334823737374e+307
14226,100000,1.7193353521213004e+308,8.960900416495645e+307
14229,100000,-1.746985809338561e+308,1.3157749296583482e+308
14645,100000,-5.372860696429337e+307,-9.474543455902996e+307
14736,100000,6.178181957926115e+307,-6.006051505513672e+307
17611,100000,-2.3737834263642305e+307,-1.0179588486892708e+308
14697,100000,5.863740776515741e+307,5.051925700781483e+307
14299,100000,-6.114655829196955e+307,-1.1919767347822243e+308
14351,100000,-3.083784108224213e+307,1.7554080138701876e+308
17639,100000,-3.1424704821826333e+307,7.181545941166408e+307
14507,100000,1.3390140264946632e+308,1.5439446714428788e+308
14438,100000,-2.5411698227315217e+307,9.698990781044635e+307
14398,100000,1.1195018863403696e+308,-1.2764036488681435e+307
14146,100000,-1.3552839701089586e+308,-1.3845147893097679e+308
14331,100000,1.301988104158478e+308,5.920963351182248e+307
14854,100000,1.5604593697004627e+308,-1.1386127233704787e+308
14646,100000,-9.173883553094069e+307,-1.7958662823214677e+308
14757,100000,1.5149697131312703e+308,-1.7667519734645018e+308
14522,100000,2.8153265796661877e+307,7.355834169088806e+307
15008,100000,1.5452974896546705e+308,3.038410794926346e+307
14382,100000,-7.501295228425965e+306,-8.697103637344204e+307
14521,100000,-1.5381146571542118e+306,5.315973268485705e+307
16974,100000,1.2960753766614908e+308,-1.7843719164605772e+308
23200,100000,2.8288733542558666e+307,1.522898047239776e+308
23526,100000,5.757529470910083e+307,-1.5204269722908993e+308
14656,100000,-1.6948570054558933e+308,1.2441671089156773e+307
14520,100000,1.481574481438169e+308,1.2294691760896306e+308
15859,100000,-1.148355391953869e+308,-2.8622586639524135e+307
15864,100000,1.7289132111142068e+308,-1.6668850719755515e+308
14734,100000,5.236718457650727e+307,-1.7766451113619148e+308
14356,100000,1.2229721709958234e+308,-9.140846443647302e+307
15402,100000,1.563597563698212e+308,-1.0691645537329442e+308
16746,100000,-2.959913802894923e+307,4.0342102049686324e+307
14346,100000,3.6754552682891466e+307,-5.076378614743584e+307
14569,100000,8.656223583516382e+306,-2.570484680776046e+307
25128,100000,1.4498111501909967e+308,1.4852022157198472e+308
25087,100000,-1.755772900242922e+308,9.608775493527401e+307
22456,100000,1.5588699902859531e+308,3.1228067909640295e+307
17279,100000,1.3518461427252805e+308,-1.5102635403767657e+308
14655,100000,-1.1395528139164637e+308,7.362260013055922e+307
14653,100000,1.245601297371442e+308,3.604500414392204e+307
14410,100000,-1.340184184048889e+308,-8.590415655180446e+307
14460,100000,-8.067054992838693e+307,4.307316584681705e+307
14500,100000,4.054671346566964e+307,1.2150425257768047e+308
15803,100000,1.2614694426847257e+308,3.9545472819818365e+307
14572,100000,-5.147288176902465e+307,1.7886726927801422e+308
14328,100000,1.695155809993397e+308,-1.8846072445799283e+307
17325,100000,1.5812733500838682e+308,1.6760843137809618e+308
16831,100000,-1.314067364446477e+308,1.6238814243871891e+308
14362,100000,1.601680129586449e+308,1.8151260052063247e+307
14995,100000,-1.7673410722550607e+308,-8.400916074789491e+307
14506,100000,-1.5925841865773181e+308,-9.89720816400262e+307
14840,100000,-7.087098410815083e+307,-8.313301095844872e+307
15142,100000,1.0701426288345036e+308,1.5001677755946362e+308
14846,100000,-7.76254038243844e+307,-3.928252885937459e+307
19453,100000,-2.3076079726461685e+307,3.692806231268279e+307
14278,100000,1.1653649631236772e+308,1.7958874563050441e+308
16392,100000,1.5783782519111664e+308,1.4187667253799527e+308
14446,100000,-6.773819132553659e+307,-8.847412393890056e+307
14627,100000,-5.166372593289167e+307,3.6718425660831984e+307
14486,100000,6.182761844322991e+306,-8.895915533433288e+306
14388,100000,-1.7758750008900012e+308,9.578544745127549e+307
14505,100000,9.2821547655183e+307,1.4080630522737464e+308
14293,100000,-4.0271702496607576e+307,-1.0647350327090023e+308
14454,100000,1.1981348073683567e+308,-1.729997818609144e+308
15972,100000,9.082094402926042e+307,-3.1922062692698866e+307
14999,100000,-9.375175439995809e+305,-2.593218679888794e+307
14589,100000,-3.966601136895813e+307,1.5846214297246035e+308
14724,100000,9.608322646556739e+307,2.779415450973699e+307
14611,100000,-1.1638254167187204e+308,2.880611511863304e+307
21501,100000,-1.4998463781093993e+308,1.710145150235939e+308
14751,100000,1.7459298981045342e+308,-1.0755454833729185e+306
14457,100000,5.320353885545478e+307,-4.758705880836208e+307
14751,100000,1.0828681142272235e+308,7.885406332131222e+305
14394,100000,-6.434819372139687e+307,1.6359517908017703e+308
25024,100000,-6.104979440555397e+307,-1.1347306037804562e+308
25164,100000,6.797121670687327e+307,-5.842751509762238e+307
23943,100000,-1.3948077888899647e+308,1.6574209933924864e+308
15631,100000,-1.2054191597145222e+307,-4.55791773640097e+307
20009,100000,-9.246094490422969e+305,6.150188865143568e+307
24755,100000,1.746924157560126e+307,-1.4076028256199254e+308
25152,100000,9.947042567092808e+307,9.359154982988624e+307
25284,100000,-1.167368124079046e+308,-1.1662651044456026e+308
24264,100000,8.683320800115905e+307,1.1337332579139232e+308
24711,100000,7.788377968484421e+307,-5.327151403882072e+307
14461,100000,1.7251488282527016e+308,-1.1825090322214381e+308
14725,100000,-8.356389155393372e+306,-5.181068655124314e+307
14630,100000,-1.1314311779071684e+307,-1.193130622369117e+308
14688,100000,-9.198200637869598e+306,-5.175976818411269e+307
18735,100000,-1.5045194321795803e+308,4.623016337146448e+307
15380,100000,9.538322746500987e+307,-1.6331262808761824e+308
14394,100000,-4.59185239648285e+307,-1.2928634334651218e+308
15741,100000,-1.6388192206828696e+308,-1.021562463690333e+308
14259,100000,-1.6797538526479631e+307,-2.1686652574915628e+307
14360,100000,-1.0160579039784474e+308,9.89182362947215e+307
15030,100000,-1.474514224383843e+308,-8.086908438137137e+307
14887,100000,1.5801934150616568e+308,8.065439228926418e+307
14796,100000,3.087290830966664e+307,-6.866584845812129e+306
14665,100000,1.6157241773970153e+308,6.278850693123328e+307
14101,100000,2.879956247011402e+307,-1.0877054069450718e+308
18071,100000,-7.214444724608306e+307,-1.071420194698915e+308
19701,100000,-1.5344139161745847e+308,5.342906819708996e+307
17728,100000,-1.610314940567202e+308,-5.396050889696842e+307
14362,100000,-9.536730855733216e+307,-1.524012963920125e+308
14830,100000,-1.7306467128857249e+308,7.963147932591875e+306
14812,100000,-2.2465303849125082e+307,-8.632404290848337e+307
14657,100000,-8.778120047151205e+307,3.8238930765446786e+307
15067,100000,-1.5266930459492923e+308,4.423998687562523e+307
14782,100000,-1.666067333414135e+308,6.969046627564188e+307
15291,100000,1.488018531586811e+308,1.6662394972883252e+307
15033,100000,-7.173111526908864e+307,9.27558068637577e+307
15349,100000,4.556643219293888e+307,-1.77506642539845e+308
15132,100000,-1.6056079005518634e+307,-4.0927295820268647e+307
14861,100000,8.899849473338017e+307,3.1595688217026597e+307
14707,100000,1.786993252728695e+308,-4.613705656066494e+307
14280,100000,-1.341974085885073e+308,7.411478492765488e+307
15045,100000,1.4377586148008973e+308,5.131267316877912e+307
14268,100000,-7.645388619408257e+307,-1.3066341758491958e+308
14120,100000,-1.538519184425802e+308,4.795151975135021e+307
14460,100000,-2.969624018824623e+306,1.7484205752503173e+308
14419,100000,-6.556786475762273e+307,-4.1182074045076055e+307
14318,100000,-1.533789583151828e+308,5.03099386927893e+307
16368,100000,-7.07262585050715e+306,-1.0189507521081846e+308
14503,100000,4.515784801355299e+307,-4.398343399176838e+307
14543,100000,1.3036324749765286e+308,1.2004079285428203e+308
14069,100000,1.5529511308329524e+307,-9.743455649058923e+307
15958,100000,-1.2380376881058053e+308,9.696434104410322e+307
14102,100000,-1.7746847449801028e+308,1.7921422045180787e+308
14767,100000,3.5380506654494734e+307,6.829655711719307e+307
14511,100000,2.7916256035852943e+307,1.7883245976830824e+308
14810,100000,-7.852352325741292e+307,9.032809383497208e+306
14844,100000,-1.3016970766627555e+308,-9.550336709069012e+307
14378,100000,7.765610576354445e+307,4.2663256207376616e+307
15011,100000,-2.1151620350094955e+307,9.082377333092267e+307
14714,100000,9.110699237028087e+306,-2.8746041071131673e+307
14862,100000,7.597225980860537e+307,-6.711667766248145e+307
14100,100000,1.7588897101876259e+308,1.7302934396397666e+308
14783,100000,-1.137490491853345e+308,1.722525120666882e+308
16392,100000,-6.164659833064454e+307,8.992633985085801e+307
15009,100000,-8.477341727511936e+307,-1.1472242030517268e+306
14273,100000,-2.3604360716943363e+307,-2.2449476621290621e+307
14736,100000,1.2530765865830354e+308,8.269289189497988e+307
14688,100000,1.554729938486434e+308,4.746456766070608e+307
14456,100000,-5.327512270985938e+307,-1.7611996731919125e+308
14785,100000,-7.633197940132065e+307,-1.2671152209539081e+308
14593,100000,1.9397979897446982e+307,-3.0969354651447605e+306
15280,100000,1.3371908840305131e+308,1.2507848734660658e+308
14584,100000,-2.975787909404305e+307,1.5816521431359744e+308
15111,100000,-1.0817804562628758e+308,-1.6798061093190542e+308
14762,100000,-7.738676064771904e+307,1.2037798596648928e+308
19510,100000,1.5322350854008125e+308,-1.364584308782123e+308
14434,100000,1.1019590841270113e+307,7.016478392238888e+307
14346,100000,1.1952631042238417e+308,-1.3204764915840125e+308
14569,100000,-1.994265115001512e+307,7.99728268577307e+307
14299,100000,7.830218575896509e+306,-2.791262178061508e+307
14401,100000,-1.2588200366934114e+308,-2.0491053971416073e+307
14491,100000,1.3857648320131048e+308,-1.3079071736486284e+308
14592,100000,-7.973720473166146e+307,3.4058147181394593e+307
14346,100000,7.280015368518204e+307,-8.59718730415381e+307
14776,100000,6.41035193672007e+307,1.511370776511644e+308
14948,100000,-1.2940364192073914e+308,1.5537622040848726e+308
14699,100000,-6.895542944595304e+307,-1.2262583097684405e+308
14088,100000,4.232583669471543e+307,-3.089823524320862e+307
14230,100000,-1.7954589532358556e+308,-1.4511763519390425e+308
20685,100000,1.0067723975577922e+307,-5.827701791940774e+307
20458,100000,-1.5483490043289099e+308,1.2515230196155163e+308
15709,100000,-1.388488602202216e+308,-1.1748086336784013e+308
18317,100000,-1.6995667394472268e+308,1.029912249066594e+308
14320,100000,1.7230658467270167e+308,-9.234015359164908e+307
14272,100000,-2.330043222234417e+307,9.540591996438055e+307
14829,100000,-3.5161741011327293e+307,1.6075111748145533e+308
14335,100000,-5.789430878662615e+307,1.4001260892177157e+307
17506,100000,1.6742393248089103e+308,1.7917655052079992e+308
18228,100000,-1.0978269795980401e+307,-1.2127469620314283e+308
19527,100000,-8.2480999094313e+307,-1.6834063910510223e+308
15714,100000,1.0769123908181506e+308,-1.2480140377801908e+308
14615,100000,-2.0219249228886528e+307,-1.230373429067222e+308
14448,100000,1.6450672449986214e+308,-4.654721916945173e+307
14345,100000,6.517018269620152e+307,2.348060858612326e+307
14517,100000,-2.359316063156386e+307,-9.230168999799618e+307
15071,100000,-3.10653207673193e+306,4.1305745973736534e+307
17508,100000,1.17372973874582e+308,1.0580949780388098e+308
15471,100000,1.5017371208381987e+308,1.5700516963859822e+308
20251,100000,-1.1559955784717258e+308,1.500834811778585e+308
14349,100000,5.121018848535168e+307,-6.195458302672396e+307
14345,100000,-5.675080246445102e+307,7.39692502508856e+307
14448,100000,1.5314113230151468e+308,-7.394023886297883e+306
19126,100000,-1.5172338093275714e+308,6.021480021761577e+307
15491,100000,3.425149370115441e+307,-3.335131635399658e+307
20828,100000,1.0683072641528976e+308,5.119830890163932e+307
17159,100000,1.1043080498860292e+307,1.1182125422458922e+307
14383,100000,-1.6142682698520757e+308,-1.6683183713889345e+308
14512,100000,1.4769117833760619e+308,-7.245395810279709e+307
14521,100000,-1.1850917807688921e+308,-1.6711819684784496e+308
19581,100000,1.1311020361422878e+308,1.2652309864711037e+308
16398,100000,-1.3349401711316831e+308,-8.467612122758502e+307
15322,100000,4.036251007352946e+307,1.579769355027858e+308
16502,100000,-5.704321085780141e+307,1.4540405426130515e+308
14532,100000,-6.372467538274402e+307,-7.976229948335613e+307
14752,100000,1.6046462422981294e+308,2.2871097231906347e+307
14818,100000,-1.7591562468869323e+308,5.559299571907324e+307
15914,100000,-9.753244906984309e+307,-2.52012629287138e+307
14484,100000,-1.526576458796178e+308,-1.4967431387606299e+308
14570,100000,-9.31869181773787e+307,-1.2675813050635775e+308
14458,100000,1.564943091048697e+308,-6.603098255472565e+307
14410,100000,-2.5424302073185435e+307,-2.4801782781321465e+307
14587,100000,4.608710729667041e+307,-2.042832610102861e+306
14377,100000,-5.573582850119024e+307,-8.184123407636322e+307
14570,100000,-8.08126894567808e+307,4.014263916888349e+307
18886,100000,-1.5955075729677913e+308,-3.0682868920462605e+307
14790,100000,-5.363825936280712e+307,-4.636015274465197e+307
14311,100000,-2.9033427426756467e+307,-1.4657122972243757e+308
14732,100000,-6.971414070471184e+307,3.384738428882278e+307
14561,100000,-1.0468223002950568e+308,1.6553603717372111e+308
14854,100000,-5.042597732434741e+306,-8.414120078986504e+307
15250,100000,-2.2377364996369792e+307,-1.6461150134552777e+307
14464,100000,1.5743258663548497e+308,-6.564783759202596e+307
14670,100000,1.6887198274036865e+308,-2.7015239708913795e+307
14634,100000,3.5017418974990393e+307,-1.1873046301909393e+308
14676,100000,-1.089030928859326e+308,-1.269829839417432e+308
20845,100000,5.107625071678326e+307,-9.483751881577167e+307
16104,100000,1.7732204807557026e+308,-1.414989450362347e+308
15232,100000,6.13228075623952e+307,6.743887068236462e+307
14427,100000,-1.260290863831328e+308,4.590905038125135e+307
14320,100000,1.7621138326625748e+307,-4.994534604489358e+307
14786,100000,1.7676870722700439e+308,-1.0849645822379216e+308
14335,100000,-9.380829007207133e+307,-7.245764035561105e+307
14370,100000,6.0485536029298096e+305,5.2275294861061845e+306
14611,100000,3.6412960795993514e+307,2.1131521957538763e+307
14174,100000,8.463710436605148e+307,1.165889909331378e+308
14199,100000,1.3051775584198005e+308,-6.723384845019494e+306
16767,100000,8.156489576964608e+307,4.28197888524129e+307
19948,100000,-8.483103688504434e+306,-1.0519501740840253e+308
14133,100000,5.344407278056574e+307,-1.0752203196725732e+308
14239,100000,-2.6758536276715376e+307,-2.7570934955478876e+307
14663,100000,-1.2737596546793213e+308,1.0023143890338509e+308
14628,100000,-1.0873434091481506e+308,1.5083007106822504e+308
15395,100000,9.958934473668232e+307,1.3300621854190456e+308
14902,100000,6.352021796746709e+306,1.1821332315618042e+308
14713,100000,-4.2963882908857125e+307,-1.764855946269359e+308
14359,100000,1.4468527577496332e+308,5.118820493479884e+306
14427,100000,-9.807208042136768e+307,-4.707436276263194e+307
14426,100000,-8.307807692295626e+307,1.3776012878520303e+308
14463,100000,-1.3633910051517551e+308,1.2112121598282382e+308
14476,100000,1.3702543094352527e+308,-1.008730582036898e+308
14580,100000,-1.4435141405493072e+308,4.006745911571528e+307
15024,100000,1.3441970488019252e+308,1.3307661768014993e+308
21156,100000,-7.789476305649696e+307,1.7864079640443934e+306
14430,100000,1.5367866099702476e+306,3.074116387591042e+307
14426,100000,1.4277195906817686e+308,1.3138296691853882e+308
17472,100000,1.7056223744272292e+308,8.142450059988969e+307
14433,100000,-1.7688352807404912e+308,1.6551675632734153e+308
14733,100000,1.2907996960776728e+308,6.441116562890457e+307
14347,100000,1.5281139066094923e+308,2.0309964503142273e+307
14336,100000,8.93338949972175e+307,-1.0493651217007924e+308
14737,100000,1.7066787534276274e+308,-9.349386782945815e+307
14335,100000,-9.31196321926386e+307,-1.3950900800982074e+308
14267,100000,-3.74948448964308e+307,1.2232932871834317e+308
14493,100000,9.81041938593634e+307,-1.4166566499529644e+308
14439,100000,-7.092363817636602e+307,3.6156602284112795e+307
15642,100000,4.1027167971125107e+307,-3.079189919442879e+307
14335,100000,8.392487987071476e+307,5.675371254725431e+307
14366,100000,-7.264426783491455e+307,-2.0995752848929423e+307
14485,100000,-9.405415376784263e+307,1.5114713600453167e+308
14284,100000,-4.596667835469492e+307,8.955575215991599e+307
14266,100000,4.626931091879607e+307,-9.28270476772115e+307
14430,100000,1.5786980890351658e+308,-2.9741948409437944e+307
15004,100000,-1.1968045821240827e+308,2.8596326922771514e+307
14709,100000,-1.4997011398614882e+308,-1.2094513365764456e+308
14286,100000,-2.651294595622795e+307,-1.3851237595336056e+308
21762,100000,1.6109740042090232e+308,3.8167025207660137e+307
16068,100000,4.0175935956170494e+307,1.2207020243150838e+308
14253,100000,-8.433229005254873e+306,-1.2114631325902398e+308
17497,100000,2.0677575377711264e+307,1.4517424544985902e+308
14298,100000,-7.82162816015399e+306,9.21463484754382e+307
15407,100000,9.2448747437356e+307,2.088039526477645e+307
14419,100000,8.095960091200499e+307,1.5864051262105539e+308
15134,100000,-6.21771309461916e+307,-4.699925413945326e+307
14543,100000,-1.7845824932291855e+308,-8.39709813748008e+307
16629,100000,1.1088675038881266e+307,1.4961502048763507e+308
14415,100000,1.7689283203845981e+308,-1.4090011322657457e+308
14400,100000,1.0949447566617294e+308,8.920117941350708e+307
14597,100000,-1.188663564892786e+308,1.470636074906675e+308
14306,100000,7.716093607722874e+307,7.255097089208364e+307
14683,100000,-1.5373333733582172e+305,-1.2265275351883584e+308
21310,100000,1.724718016929066e+308,-7.279356285976931e+307
16463,100000,6.297636348168739e+307,-7.21541099611666e+307
14468,100000,1.0242100513428602e+307,8.376173576755103e+307
14620,100000,-8.898921535277545e+307,7.435281842585138e+307
14865,100000,1.2127736156664148e+308,-1.792722138747594e+308
14348,100000,-2.479230081100476e+307,-1.232487655595761e+308
14499,100000,-6.308620370639562e+307,8.61764015728998e+307
18611,100000,-1.091960827670876e+306,1.585695848108172e+308
15202,100000,-6.291867753559094e+307,-1.3573798145675373e+308
14383,100000,1.4517748287864724e+308,-1.5790169143491216e+308
14765,100000,4.525916412386063e+307,-1.4159944157528645e+308
