elapsed.ps,repeats.n,param.minx.integer,param.miny.integer,param.maxx.integer,param.maxy.integer
77056,100000,-4475165780824912,-4880783570738779,8923800449807432,7486157000869865
76543,100000,-1931373191303051,-2162383645506613,8514567479342494,8531397215969534
77028,100000,-3860031238218878,-363738171334068,6283579016352743,3423247770671158
76449,100000,-4468021916767915,-5395392980276204,5370599879671440,1696429897172526
76989,100000,-1646164138751744,-6864236389767782,4695603382881603,4878248601154047
76718,100000,-1056576386152123,-8820329883784955,2686003685319679,5318390650573570
77221,100000,-4972002676674932,-2166834847043317,4159887306793953,5377108382071923
76365,100000,-5659628132644854,-1467251893127571,1557821077183253,3767718797066949
77316,100000,-992126795672239,-4652734843275454,8939675787061367,2729683785360786
76640,100000,-3505480582879311,-255978094383333,3858227703890550,7829005026469281
76093,100000,-3121639955638298,-2063941806389825,1891218839914411,2806075424449946
76019,100000,-8521821606194095,-215120618741896,2975293322634891,7137518312824248
74961,100000,-6503657121979174,-7877450862392068,1358096253526139,4797950533765332
76042,100000,-3528882174800507,-5979412145846579,5400997776465191,414295238009504
75107,100000,-705088135160008,-6998311314379188,3127329011681340,1143955050865167
76464,100000,-8438394143172610,-6753658785850873,1928880991328854,1596938233097459
74833,100000,-2348520481298430,-2554544231383934,8476665270020928,5621325748618666
76457,100000,-8595396469163566,-6538005940097823,7277004398231113,1005932923098439
74631,100000,-4743837784372942,-1638778009313564,7916518499729327,926691609152250
76206,100000,-2399035551242613,-6089433349751638,4195596800068070,3771362416340331
79366,100000,-1717873872811372,-3488870712569226,8989992384310312,5012372505798810
75342,100000,-2458847333705951,-3856741072446032,4894552293617112,2244029008115144
79187,100000,-320388776212144,-7737104676719665,7932601667373058,2799660336663705
73345,100000,-6335599128044505,-653024083168053,2321887712360281,6484229381748171
74100,100000,-5992268342603415,-4977505368406947,3217831207909311,4871579746748514
74157,100000,-1086287306100140,-599192401791282,5909970938720669,37975023338485
74199,100000,-7609026354963299,-8196164590058249,2720327645015829,7425649991483127
75430,100000,-7490584879351131,-26753569683821,6040590573529505,8891424150203680
75799,100000,-8045497017172082,-8330358132832794,5157180461630232,428811027501268
77188,100000,-8422224863647083,-6761912872954868,5061929231018027,2582311996283153
76497,100000,-4076048922059010,-5164727817364760,1569814080585348,1045667754622175
79210,100000,-6176255340564790,-885069419596339,1907064046738667,5530022123563352
79583,100000,-8576935422332454,-3060300315329756,146605895748064,4681885036641932
86683,100000,-3501018323509849,-2158687965527267,4666329214569361,2271786748393246
77590,100000,-6523720115600118,-1441406733856569,5658207952187248,8313889265090262
77485,100000,-2715685868216865,-223441816635590,7430680970904302,4101519131911078
77665,100000,-8092533992182874,-6456468941992526,2472956303030344,7355295270909526
81365,100000,-7476451588168178,-7151499080477991,7370580550580050,4632513846394609
77285,100000,-3108682883999051,-1815755304764755,2504931155353663,7447304390645215
89075,100000,-2779212185476714,-3510494792584500,4870421811332900,5330987089282935
83907,100000,-6465243721181696,-6505167366457791,2058597957144805,3299760475356689
74392,100000,-6848282888815010,-3349007421905143,4644429934781989,5271490346396319
78333,100000,-175788942976218,-1396754905062866,763602957351884,3348068125463276
95690,100000,-1555603403365745,-3069457701678195,7390632799292962,3856695073028949
82719,100000,-7137749162830068,-6200731542568356,595600033763178,2696593907545679
82832,100000,-4395225028384089,-1241904719372570,6929518660260750,6754455505911224
85171,100000,-4344896588433483,-6652780214601413,6070203220108943,2103463375413855
74793,100000,-573652205899488,-314188059120506,657575993227597,5541556146373024
90836,100000,-2016945476261130,-4294453263039068,1134349087198835,3901264798909768
76243,100000,-7743554829163999,-1719960283866281,8497933786591007,8170439815847454
73827,100000,-2999834967036353,-3098590341301039,224815614066404,1957558646752855
72533,100000,-5624557161537145,-2522348088930080,4015404441657735,472626397592773
72682,100000,-1898544947211165,-8438958770799804,5701273015206726,4018680502669693
73369,100000,-8065999090282216,-6219721450634109,2928998749552101,4230620506488142
73492,100000,-4887444270089981,-7953337141045134,8412267323107538,7492421177150747
73092,100000,-5173133472364277,-5208012473463757,6592533526612170,3893541088676579
76072,100000,-267987647811238,-6916448011337659,2843275398534133,7645098764740247
73100,100000,-5909196601559669,-5017440366778584,3352306756264367,8777950678666660
74283,100000,-2782326839573874,-3070065322267909,8531171179024414,3326567595700909
76075,100000,-4477728915966318,-4943931337143566,732042227498141,5602715289803693
84217,100000,-7742940933082451,-2644089062313982,1724808954452091,2017642552932514
73645,100000,-4914147659876561,-5722738960967405,1666907854297683,4488134812975102
75547,100000,-4554986978023886,-3806187238467727,2264524309154700,8263155634025064
81325,100000,-3243069853868780,-8336797431180614,1152912055296395,1054243114289023
86753,100000,-3104120567086874,-5740945215468494,2696644255001040,1836127429366062
80779,100000,-6783105879710622,-1388449009913321,2542171380816078,4406164248718709
74737,100000,-639167671475512,-1770808302034937,790721792427813,2129298691383621
81738,100000,-4483600232881651,-6318058847146679,8841883092434967,3314809173459824
74650,100000,-3485761905220058,-3544185211550064,2879235796199304,5960204784468875
78039,100000,-7582478746221675,-3192298455000610,4089635721621710,4916898959308266
75105,100000,-8244858716451355,-8274499983622784,3588486136242379,8002933330357850
76316,100000,-717936348068809,-2541026113871472,3396520116734655,7718807307305660
76479,100000,-3483505255708931,-4427314416892018,5367774008962711,3169752412253238
74834,100000,-8221234118905976,-7556046527256873,3273810997582672,2908931678201000
75086,100000,-7301768482204304,-7796391143650310,6755191193701184,5526696849124895
74600,100000,-6043092647344192,-7702847508081234,62404457856522,3790178403314367
75500,100000,-296035748704725,-8739634895163991,3040581291999564,8662931777756827
76365,100000,-3080719048127924,-771857672851988,5066394919915188,6954062523293
77626,100000,-8995312048596018,-8037558305260871,1960765573103168,7763103692032511
77346,100000,-6455980871845106,-8562879388509654,8993617202815031,1384864427977198
95128,100000,-3876776641741057,-5823751230441963,5332054136368362,4499148873314625
76175,100000,-4492907452974223,-7218186570919353,2067783646039724,3256366260060983
87404,100000,-3559226636474378,-988447021181829,3188897389243844,2343481742823359
74159,100000,-7208199693411161,-7996355446966133,5077897444367416,786308303004417
86956,100000,-3401740026631157,-378548289293787,1040127648055807,1927065741877911
80966,100000,-2104683236535697,-203894064601455,5942221625050685,416218921878656
77989,100000,-4586304673436165,-1736476394976620,8602544810979094,545374465282089
87761,100000,-4473884676365842,-4415877350157371,6966907320285971,467156225537675
81275,100000,-5798352330399890,-8889306567071070,4336035192405087,2955054939782853
86826,100000,-1282383427494991,-4760972391521989,5466531132554479,6649266469960724
75021,100000,-3129508555503867,-2962370791803731,5183101683073604,2037886352727623
82620,100000,-1913964584389564,-5942455593425578,6830755589166735,3649046755294744
73718,100000,-5303740441321077,-4113988491317701,4573075851732796,4316348461870825
75392,100000,-5260549095083085,-5470063335314213,4967376441480665,6504403662054699
75920,100000,-8664006827592297,-4700790686915909,7916699803501052,3122620015174165
74556,100000,-1228386178643419,-1588907340010758,5073702131336249,2605864053380880
75770,100000,-4945343768934388,-3034077871359315,7978531988438251,8067412635141773
78676,100000,-3237799244030543,-4054652147838410,5593025629896540,7303181123199948
75288,100000,-5990728843313361,-6660233440365891,2238689752831149,7272157584221690
85336,100000,-807183340738766,-3468814909005895,8801032057012489,6142624353063822
86468,100000,-2848320958061491,-5772612771645925,3296695801452767,1426777683945430
85375,100000,-5211575291575648,-6885245671954411,3216055024348535,3242199065824995
75302,100000,-6107329751124772,-4081694238524236,2554158160034151,7416406348625713
74092,100000,-1674366256734512,-217457597506071,3010614163608034,8151476439484265
91097,100000,-1534504905463489,-5390080882326012,7644645161562644,2891669469888165
74276,100000,-2004272668504126,-413090963294458,8555306828435856,4135693325700239
85020,100000,-8468286483561163,-7398358103859741,4106740228953372,903600712343761
76528,100000,-8704062741885341,-6631090653543127,1798699772505153,6197406394615819
89959,100000,-2109709819833512,-1456565501206496,2910558180255018,3311538369783041
76598,100000,-3438237357617343,-6074032172803003,1797369696317126,5590859041459434
76342,100000,-241304477237857,-3533522545273936,6607453381724975,7664423975725328
74183,100000,-7567127942709266,-8787387178139179,590200562207098,1874373514412908
78390,100000,-8158762596012808,-6271076837557531,5570545109080667,8109252089736852
75930,100000,-1261234896534018,-218292915445173,133819743016488,638570641990613
77911,100000,-4543022713946050,-8558021998110551,2705206434609143,2636770584637439
74805,100000,-5458203665142276,-6415613040822668,2620230988394174,2408386407122530
76706,100000,-528848170534523,-5095984775472862,8748619218241392,4770253437958067
75634,100000,-7084643826222677,-2462090613389497,3502183491504882,5315309757835115
78902,100000,-8982478125884217,-3729514570854338,2399044854449222,7927422792279466
89897,100000,-1886231812910880,-4671206693892599,4363733222158935,1184734436774305
82524,100000,-3249431136301110,-7119157344075048,6791302272656770,887587105328586
77124,100000,-7681627215108156,-6412145725973123,1775749908274387,3686954072728052
83560,100000,-88699471431156,-9004611763846769,6931965286850630,7842467396351897
73963,100000,-615082682402162,-6446718339933802,7056882820708167,3981359705563279
86112,100000,-6470965342777536,-1258804468258275,3646335452068397,7348685168188471
78269,100000,-4549626009108951,-5671396215124802,5941781320608312,6932228995266454
83675,100000,-8724292496960129,-332988799845842,5807802386877919,3396564877684792
75466,100000,-268892644974739,-552679642333901,8394311474055904,2456227910343057
90637,100000,-8323372536801335,-1678391045332077,1027959614713856,1323787502141170
78251,100000,-184254781931689,-7051637304347301,8047084420967560,7794323126917350
77830,100000,-8403400208224870,-489219946571557,4797167117343671,4182256812721176
75680,100000,-8082489808621929,-7537375514515228,6552548692462624,3910455941010764
76277,100000,-3940355560104662,-8698935073236488,4237882450009510,3156062044665157
75554,100000,-5694214297807446,-1550346239104767,1961726693137284,3739921826885104
80193,100000,-7984278155037928,-2105181297229578,4272259898598130,4714403208575459
74429,100000,-1192924141407424,-8356328636202627,4755959200151583,6299906869340719
79280,100000,-3091564846566439,-7213874623652231,1914545382406404,930751148157129
74717,100000,-2338037494004694,-563844989527160,7348818683038970,638989467951424
77108,100000,-7852972242791958,-6785344168200458,2054117298457681,6794085553310539
80897,100000,-2512422357625208,-1040668126479919,4479105442480561,4696896119635191
78625,100000,-8820125176622831,-2200529187485982,5683753156532288,6679732133095480
74793,100000,-5790193873133552,-7404641913014394,4425656113791605,5410797586523691
79451,100000,-4780474681346253,-501614736020199,6878753017369732,1326976468197545
78655,100000,-3412666453680751,-7897266398218681,5329913845524627,7038807496454966
77195,100000,-7936916023427511,-4072676934973563,3402259449941690,8960838632935762
78006,100000,-658120891334603,-4335653181096336,3395244066529750,6088360069998359
76653,100000,-6184299136421463,-1064335327026209,6271657841703614,1636699641164411
80114,100000,-3018040695474225,-7103058555388507,4360856351199276,4508089741182631
76687,100000,-7758290770782804,-5243527551674375,5742096671949109,2180707576296759
90455,100000,-4497004824641185,-601595822719747,6481667376464414,4593698708135797
81926,100000,-6008338051301226,-5115320896355859,709730916127301,8606001288441783
86847,100000,-8986496531949421,-6817503917210184,3062585174739292,1546897884858970
86599,100000,-4983607100757982,-2017310725805646,8828558355200161,2603724623769566
77657,100000,-2616218180464513,-2912740122239380,7328301339406856,3066778087814507
90642,100000,-738690856311069,-7737262264207113,2676163050828354,5925613758541026
76231,100000,-2090561253408487,-8713596559201547,1825507811932272,6095503665410075
87007,100000,-8488611482947962,-7058713212202072,7004407506768792,8720979545688667
78342,100000,-2689492253342426,-2907701449191179,3725897513646162,1879940139892872
81214,100000,-2619743602626650,-7105341375960029,595386335147168,6095837428870996
78250,100000,-1744514686400804,-3402502180171519,5500077269148633,4418834959372788
79020,100000,-4763752121242019,-4588283127781547,5067701487467445,269821592593794
75236,100000,-3847232885967684,-5195006730812446,5569275299454756,1329204851623015
78520,100000,-2496771238446446,-3038340445147993,6246973684732774,4295117061518227
79944,100000,-7508076379647348,-4555440134696241,334862591467208,2858399453940495
82567,100000,-5574042325163245,-5713002045350518,2683836809370528,5567810713737415
79865,100000,-8654437979983329,-7034479769897934,1219230793530851,8167036154731205
74173,100000,-7679261694787254,-6461892627645509,1619583421360026,6055642554081353
80099,100000,-2079002132426013,-3104382199838373,6865208337340014,694744362453890
75455,100000,-5481467312148348,-6047158557878511,3543294923781365,1913058444432569
85577,100000,-7811042006049937,-8580100847650721,3248503013947704,3448299466581403
88702,100000,-5650138910550064,-5655159208818238,5515744921972528,8590226833463042
74909,100000,-7876138094221169,-8485058122591615,539599301370853,3481783601566342
89530,100000,-7786469677036930,-679178436226075,8620839580114821,548088059579155
78468,100000,-4573450279918973,-8703617711779762,5134334849287631,7971256748008921
89805,100000,-4218224470639562,-6501884021033879,2880610455737001,7319688066840803
83863,100000,-8384330838754442,-5131830835552647,6364874434381061,917712982606553
112349,100000,-8282634955663050,-7452748716004836,7216577354647247,8787311829261418
114371,100000,-3045372035390301,-5718313493258187,8423990955453912,2654078107654703
91682,100000,-2203336755819572,-5833594377417009,4364050810051335,3468489417024260
80836,100000,-1249077339728675,-7083928771594697,8322103798946717,1493984772395274
82831,100000,-303086912168670,-2897562937142447,6114466783375147,189721223405384
77907,100000,-8165534843470912,-500935158436733,40625614795325,495129194517429
81633,100000,-4498995382370630,-4222210725406080,4576363860996101,8380807037823548
81729,100000,-2027056613467850,-7486874330869530,8503168839968988,8280459145338444
79699,100000,-2810319865247692,-4187162629131187,388618366432187,1134196377761143
78959,100000,-8703647603673051,-4039136295814777,4360078784033583,6490477332882065
78765,100000,-288689338468841,-2297516815662498,2255626230982193,1435415975076735
78212,100000,-4417067297730605,-8524193307860764,5429877701491339,8343243820931186
80302,100000,-8368045150222220,-7423506731527695,8133599533356183,6556287343869946
83594,100000,-2285022979457252,-6934263867883967,6618040350170352,8064306585918251
76000,100000,-3976144545134961,-2382890532596718,462066783643452,8798458001256164
84618,100000,-1341911721886517,-5367360650166693,7289461691404092,4491277055938117
78101,100000,-4554215487369318,-5741984805183121,2652786952351750,6398720623195367
92508,100000,-1370806791626181,-4693006403305796,3523845385968022,6091606517428260
84410,100000,-8599791675367467,-4057844126923382,7519010227011969,2545769716954293
80737,100000,-2391763763073123,-1074555184655058,1473577440188955,1507700047004522
87115,100000,-4224615062063374,-8207980473455597,7060260973005884,2507228229539230
81994,100000,-2894483757674282,-613016806064147,3378048852651629,2364610074268272
85528,100000,-4683140052499475,-5222199264764147,8989572450635965,8400356807690324
75515,100000,-4526817645729148,-1611918078539662,2982296617227518,7119395242587260
75082,100000,-6404818777593471,-4551986469178701,6081328509718006,6520302967420995
74204,100000,-2294214533278716,-6588120292292596,2576889570679971,7273033582538165
74215,100000,-3956203871725495,-8042281904916055,3119880311159572,208453352874669
74803,100000,-7287607038321848,-4801097382817337,1037344172201124,2168278121227607
74123,100000,-5803941890059077,-6667003960432545,7610401251441202,2806422480401793
73633,100000,-839981616292255,-5483411734262792,669715375596549,2802639666019842
74363,100000,-6376138634404916,-1011051247842616,2377336875557238,3582492280436614
73834,100000,-8278950601666438,-6664513187862421,6130745016318099,101851567862380
74505,100000,-8293653648732687,-5862669725976375,872494838282976,5247226906453302
77977,100000,-843601661718877,-6073459606928528,6542951077630940,6773236351114697
83785,100000,-8877727188449305,-6136462244067775,7325757208943788,2404299821449747
75481,100000,-2946059347782131,-6447285262044712,4690618407648230,4247209791352341
84215,100000,-5316247127749409,-5849408393076258,5277005414036508,4603912253390767
87069,100000,-6194687412416813,-637640893930075,3986747524061137,1574168319312908
74386,100000,-8638073721880858,-4267828638104890,756809155480802,2965079039976226
75726,100000,-8999029105916647,-7800453035356601,5665750156574071,7790141673432848
74676,100000,-8749337650200402,-1582153769862031,4905416100383968,6273534511201938
77281,100000,-2523477876241281,-2038181178939163,3767137756374801,5145582452913566
77900,100000,-7204494489739708,-3672038238637023,413337041208586,5798666986114605
78598,100000,-8484037783256020,-1219963405515226,8697840692861275,8634548563039108
76010,100000,-6123960740763203,-3182155129439946,1787194738852070,9001076396643636
74430,100000,-1555123540912518,-1943113418453184,8897691765132137,3910619876970252
75440,100000,-2393005006803491,-2779284970470877,3118492285506775,117869781275216
76110,100000,-5507426412506197,-5684782581647291,85324760314044,21003702982262
75413,100000,-4047724524546049,-7785823510393209,1897833970348514,6013751169409626
88643,100000,-3682095326070923,-2250939033201291,8901630993126916,8813837747674691
76043,100000,-2679110872634098,-135487291351365,1984485897716260,5192402733590329
75774,100000,-1362315413334828,-1050780687888798,6341554994952903,4401562814555732
74510,100000,-3400026621347131,-4950638340319255,4500613787540172,6870003560081974
87255,100000,-8762063676726637,-8672182875668355,5863755042590475,3573622272450249
81426,100000,-8122775382996063,-6874733858224817,800943590045085,3792106813819948
77866,100000,-6626161568943651,-3809924616401862,4934418205801106,3409142688546868
84004,100000,-8027270881917675,-5929157975389379,4901012896306213,8234880431649506
87441,100000,-3543483046691422,-8331174948507416,6601945304917450,416961177931463
79897,100000,-359772970317250,-4841911409518765,5476838795838707,744999733449445
80897,100000,-1478348172210695,-1446095515814916,7583405175511874,6749866510453070
76650,100000,-7239963656833279,-1076238694797931,5981009767129599,8178539142962091
80746,100000,-7028545063682365,-2873293250170456,3579593621633369,6317666539467075
75067,100000,-3301683993677160,-5637868918147986,8198354732389623,4339995151314658
78475,100000,-1450669712100761,-2007361875862978,8914230233724595,5655239594164850
76714,100000,-7407302138848009,-5483469680675702,7422057974421885,8776910134120879
75728,100000,-1520601291862257,-1276191423922124,7097082143067304,4105880566510792
75336,100000,-3693582572233134,-6223980407123266,4453896995070284,4845532290100068
74526,100000,-8593340424736483,-7155568863863132,8607506789225437,7469341069838683
75700,100000,-8975284461062470,-2309030975695068,1329362231519550,8797205059478039
75220,100000,-4411915804759443,-5661426419413973,418642875340009,342612504913517
74831,100000,-7360459893060012,-8388754732166451,8581862274308172,4161356957488078
74953,100000,-6857232622348496,-4496973854709227,5343832628927214,7146952065215815
74958,100000,-7896597955914589,-8366105480958460,2835796025369004,5297526175703613
77557,100000,-2998253338203436,-1001453976552884,3940719013931469,1576945216645470
77653,100000,-6687347124948649,-2801785821782689,6674952747540053,5346479432211548
75526,100000,-4434537035615843,-4421892749639482,4496140481505411,8379707388192623
80164,100000,-927674820188181,-1110035449721107,372357790898224,6169935810949916
75091,100000,-8697477441611880,-3834230018908565,6750736802936026,7715729130753820
82206,100000,-7136915912713554,-1128072436693678,5477912494815802,4994946936086669
74616,100000,-2831571917532775,-312955945372461,2392750728351409,5339589544853725
78757,100000,-7676716377350586,-212268824723272,3839860164940991,6028902214511809
74522,100000,-1357471780009235,-1918437807238089,6039371179577446,4459250274192470
81539,100000,-7928510522725744,-4411690741592566,608692422875638,8070593458499166
77986,100000,-8378530275964794,-7728291735414874,8793010027124475,7419153181089665
77515,100000,-5338451983526297,-1155921916413589,5445828671052685,3505515953968103
77696,100000,-7529143131628536,-36236148341053,7098109465475619,5436370207250212
76988,100000,-8754009835443208,-41197214772842,8651076998190743,4315677581602231
77335,100000,-3260438676392789,-468354924765750,2481260675951071,7814769198681338
76346,100000,-6819521666463396,-8965695766245374,1257610394803950,599109344744789
77949,100000,-1774937021742821,-4526794216824217,2438601146864172,7357662071969296
76949,100000,-1569418694354590,-6131751477527702,631426348440407,4505561317855852
77929,100000,-8746767892398824,-6886773567566938,4117311928218990,8481620285306198
77626,100000,-2694123905206867,-6068343207231577,702840284746663,7017034636994446
86346,100000,-3583830012746497,-5855918653446982,8393481104980026,7652458341196918
82153,100000,-1946051297703969,-676427552220678,2116808934470645,6866854210742708
89425,100000,-7773434723379379,-8945378554138402,195246647155011,7637753678578834
81126,100000,-3258466212838928,-603132201458864,722151255236684,1933339217264102
88558,100000,-3621984428205965,-4973882978894626,7659997805081403,1493863649459929
77915,100000,-1964916751595759,-5298746299685247,763912099048927,4183051037131837
75905,100000,-7707556660629231,-7079875546700566,5880163994864563,4084201321573325
76369,100000,-752237740952347,-2948663663423408,5478648394021967,8749382694405078
79995,100000,-4992379717232267,-6114521412472192,3289806694093376,2191050311126928
80742,100000,-928912855671541,-7432590977057633,1664662617191897,3362714036663473
79641,100000,-7126662838894921,-8394380369058517,6403600504609074,2930541770161572
76965,100000,-3364120188893777,-6692119011355018,3375989461038595,2284013665777422
76681,100000,-3281246755325347,-8522677929497285,3987396345130910,8425393735092310
77735,100000,-2503286058597526,-7686774471233701,4337936376614601,6814947299221099
88316,100000,-7267137856254952,-1007908362218149,8377615675090341,5825603579250209
113459,100000,-5917060173000749,-4225413186422166,8470921317752518,717300014105667
94490,100000,-2184347442777419,-1802975993084040,1414035131390498,8399464502106361
75943,100000,-1358388620407491,-8788602503537248,3247766167658180,6539635648234816
76186,100000,-1874764974378642,-7087438390897433,6417066952077382,3262495958619633
75809,100000,-5451493655262990,-7138159746599891,1461047129646472,3637354505033403
86232,100000,-2917778127670502,-513884611099779,5156673609817215,3323757563602642
73746,100000,-34591570140275,-812540020827206,2308838984407193,4433339691200150
87492,100000,-8387490864861609,-6140320270978428,78803918991737,2040032915143134
75659,100000,-3416037939903156,-3941964171825309,1896421457193542,293003746919071
81260,100000,-7746255998781835,-7909919327998910,3473078520206585,972608472078204
81410,100000,-2158298414358616,-8780503666202558,3354588305934046,403166793512573
81142,100000,-4439563477676135,-469414278651661,4626138430632681,7965875547240957
85215,100000,-4287709586743832,-1878114327487830,1820113876120732,7109464840538297
75673,100000,-5449242643469509,-4936018217071432,7104849764614912,1750815947768887
81520,100000,-8198769030780176,-5951350042757583,8494972238083959,3315756512946185
77321,100000,-69268667747849,-2235534360180956,5928536021920041,4355969061859161
75749,100000,-1693090909216542,-3541134955065504,2932519218965272,7546791232845583
75045,100000,-5867966383302873,-1445045617603580,3692434328062692,7635586226495672
81050,100000,-5573074240948292,-196084122756266,4715718838824417,7540490848710276
76415,100000,-1062739251216097,-3164983038819345,3349177794050559,2424448839019125
78668,100000,-1694064258875535,-6675195697053247,2867600238213894,932444652082171
75434,100000,-1017623521523025,-2914939096659772,6914590011194004,4019515274650827
82345,100000,-3954186601269926,-3523768995848765,2450633983247508,5900424282013164
76636,100000,-5563500062788642,-8762735169133228,265837442158912,5614392736369219
79789,100000,-5534298324716061,-5758036212755009,7294653157589517,7593717950328921
80228,100000,-1756661051884441,-5449586632942870,595662049020100,7082682100743586
80395,100000,-6750883534649528,-4253658556409014,7104161465922701,5755730218932572
86204,100000,-7014652432226773,-1746999877454671,2904154698380175,1201665039535062
83907,100000,-1851151671449563,-5793565510541045,1378048196541009,5701613892791666
83063,100000,-7978235868894079,-8338164685446522,4117471007921159,4745612318442948
78152,100000,-6065409445870642,-5953323643966373,2465383613432714,4538907824385582
77876,100000,-8024657848604257,-1259335361131456,2101750243203563,8182004191708614
76525,100000,-1577218497592956,-8574348596260433,3071817555102962,8052753305619153
76181,100000,-7441270239418074,-1123116809297479,7894831658136661,8059357276128258
76974,100000,-3568658034916218,-8926703022295010,3307819807907938,5783715669023149
92311,100000,-5695428263858190,-8680647995076531,7544343163260071,2203092161506613
81437,100000,-8591745562584976,-510483082912958,4524478979033703,1306387391937385
82705,100000,-7804724025986053,-1440429004132965,820671254500720,1007772287975487
75223,100000,-1618470735620619,-2139804945520550,8718025660509939,1122603665543911
82478,100000,-6612563627719928,-2315382339397671,7589829656372417,5256835591431958
75125,100000,-710271069813915,-3508882816353014,7140705614678319,5189549006207790
82832,100000,-223805780196679,-3098224737176039,8901703313615855,3585527290475676
76360,100000,-6079682818770556,-413285431672002,240559511135536,3244656842243057
83249,100000,-5458321927077195,-2276545661936064,411247020465672,8725132519692168
77914,100000,-7606518096085365,-5426205701920962,1851612493449551,3160185359191972
92086,100000,-5176223467025573,-1708685075575700,769231361429918,1909800868605958
81131,100000,-8201875849677823,-3464629975921580,8877065231773877,5850724782096174
90823,100000,-3240615819566822,-4672746568907585,8362106317658880,8052132062601131
86148,100000,-8493180180899981,-3272961622724840,2043586847392376,1998087301037561
83728,100000,-6255104715631373,-3143208409422490,165407155711492,5452433501705279
77397,100000,-6308642137435788,-6464546993578886,2341300914041241,5294599586844181
88045,100000,-819993783035023,-664642601763946,5564916558013413,5269139420418150
75287,100000,-4200474287897541,-2879605230893579,4656104449287749,1504825879439821
104659,100000,-1083294481808348,-6684938926825743,5807558779976633,7554940807050028
82529,100000,-5900128300292170,-8652992828980544,7512007735389793,3212703914152785
77674,100000,-5464120552221097,-338704907716933,5694014598428050,3669593686773319
84903,100000,-8815691267876515,-6988577959782753,4179467294496971,5761514630846308
81316,100000,-3365065876131136,-6603963821132213,519879804555925,932538671651121
75158,100000,-3596048587891777,-8456072602682720,8757682247425808,5386882583833089
81492,100000,-6947034387549621,-60954568560997,6865962576211704,1121726930572787
79262,100000,-4310259385565193,-805695928537086,6711585699778965,3098416268861018
79935,100000,-3674623523255799,-3075877824751977,5785583460181576,6275253917070238
82986,100000,-6772370997978225,-2519306181221121,6025066130079695,4189327045254556
75430,100000,-2467043463072496,-7902182260512754,101020204505575,4818840167556679
84977,100000,-6476026032444206,-3597046045251372,5431524008650446,5859321895201336
79285,100000,-4879620866020011,-4624027078827106,6601429519336018,798960381087276
76030,100000,-1076507210441121,-8825610764546764,201631036883836,4097022474476316
76769,100000,-2353804846873270,-886807668247316,4792919126883107,6160741550772941
76169,100000,-6973433454880243,-2520957890906857,8615615214219012,4482832460362610
76239,100000,-5232953965776326,-4200577522871231,1505980578835457,954398938804149
76369,100000,-556254689393699,-2225225744100386,1265100344193975,510367721219899
78095,100000,-546865665593049,-5900966916418253,8524587577417697,6937571392325105
75302,100000,-6013296438589388,-3329631832551956,459858968013059,8943356313874462
77946,100000,-324155184936931,-511495113240051,2453549233328087,5489819867588346
73139,100000,-7655227919277131,-8083008026947500,4220396748027748,1450462554876997
78765,100000,-8584705338041560,-7129475446567604,1179574860059530,7331706478859681
76551,100000,-495049406355943,-3826046534239104,3224525405340223,8079852366495955
79310,100000,-1322189481882409,-1719435657138941,1070045680050621,3316902036566950
75572,100000,-8383896055432522,-4364852998398750,2076271071016107,4625634830448922
82135,100000,-19905944967469,-3424171055684593,1221960886540517,6038292474713221
76741,100000,-1172897298461526,-3849867859397234,661755660739075,8869149880444427
84235,100000,-6702398375534022,-4670026273628435,5075729776011595,5687879264649574
75931,100000,-3737653529543830,-5824274154633974,5458987327156387,6820101055846360
81885,100000,-377836790780862,-4492674407720562,3792633497726904,8938943103571000
80451,100000,-6723304907380091,-2138869402647032,7275470724180648,8399792790653059
77838,100000,-3885465017767397,-2342831309922657,3022138879214701,2114745162373322
87544,100000,-3025698492127834,-1450724839178954,2480340881204311,7856971635568635
76904,100000,-71756137049091,-25973339517445,2947859546569062,8504859661906079
86425,100000,-4623339897684979,-766551183008371,7659831837037615,2426685908137256
80735,100000,-2208477828383766,-7247057070410388,5999486666959591,8694685504255672
81680,100000,-2800524624321723,-8433500517467129,7616155541328284,8797399500874798
86297,100000,-6536199841967853,-7680857342355749,5943926196925353,974710806046283
75503,100000,-4016095447049955,-5904180768320142,7532277328172761,8880346846526029
88978,100000,-2577505267997869,-3144335991617894,1352610955491887,3772239060650042
78471,100000,-4808421265120359,-804393675885655,1512565936370813,6398123230046409
86640,100000,-29145823626299,-4754785465825618,5285793307414486,5745818043303174
76250,100000,-5558567744349636,-104924087521340,832927684814558,6960678138745174
79912,100000,-935016647929624,-4118049333924063,4030075898698525,8911504566661190
79541,100000,-1904191254855602,-5494825153166633,8552644628025436,1674647656044222
80370,100000,-4247048930177188,-7811820527424328,5118559821311640,6530761083737124
81266,100000,-3004881581482397,-4483072279082147,2468858846309137,8141689515535149
77269,100000,-4018749764573369,-7254090864279445,4620360004532696,3206832391604729
80023,100000,-3108646920359133,-5249169915012341,3490233586900349,3281764650623156
75905,100000,-5742707654970998,-3072701402826719,3544490093311412,2003954727220682
80042,100000,-3065800385591350,-3157759409277647,5928895083087645,7208145785397990
82958,100000,-2054783396208652,-8586225942350167,8874590437118633,3109580173740940
81357,100000,-3062988347057628,-718989019813921,7186560530910084,509420557717719
78051,100000,-7128208631989015,-194795592152979,3433678604495863,1903124862404196
76679,100000,-7999925409938133,-7117475461483087,4864982243171508,2428802475569860
86319,100000,-7745424220259469,-8649271689368077,3249756392013097,7658838928707838
74932,100000,-2437758593619262,-1516170420724822,1496270056912829,1913494468549317
82635,100000,-3833715054770512,-1211731136580568,4565637468544485,4284779634611534
73932,100000,-6317668194275904,-243899647340455,38037262438598,5579468581533325
89230,100000,-7057472108726567,-6847253071795718,936177556840176,4119988331433750
76307,100000,-4182098461384290,-4774172005014510,5185260863776938,6563366366345656
83754,100000,-7471916645010344,-3393440493830225,2195574466130767,6977563132865284
80942,100000,-5545138644865210,-817397062638844,5886544813380837,2206955148110085
79355,100000,-827714297301424,-5947937726913287,2928705472517195,8285746548440545
84105,100000,-4690847085569515,-4995450457560891,7330814619436435,8053919208664155
76429,100000,-7916070973084487,-6477422320606971,5650880590806092,8880404463296991
86609,100000,-44803371884687,-4532052103315514,53233711007040,4760071276389478
77587,100000,-6653312491772811,-5342976465752459,8679789220197592,5932254581496394
89336,100000,-5499230581890282,-1645079077143754,926274882368875,3611323226976514
74830,100000,-3502935036555378,-7354568548182662,3143104469136559,1878149936283311
88640,100000,-4062989929054274,-3216212254665872,797748178882733,1193268747991933
80262,100000,-302053931356977,-8564522987607655,8950866500611368,2629673408393509
77472,100000,-2501561402215003,-1432083695775295,7822633528810239,7768069860130504
78195,100000,-1988113449852660,-668772478131488,7367036248076666,5386509870570627
76498,100000,-890630115016875,-6849395242203475,8189059852784543,3783620045467442
81893,100000,-5095805795437059,-8051580147812976,4698929089084810,6451549886481642
75831,100000,-3244541898622021,-3514534820859407,1230516561347824,4791323353613164
83175,100000,-3429103607602130,-2683850105934315,7768847267638189,488902169075894
77818,100000,-8428497468598640,-8255510710930541,1639736968972538,1212607168780351
79929,100000,-1401379693174689,-959426441537255,195203182271755,1752892517364388
77881,100000,-5293618143549901,-4599196321213050,3056098956333226,425038277792309
80243,100000,-1472031696789253,-1998362622446500,1495969281697787,5553446678222235
75833,100000,-7229735597866073,-4606955143532657,4964806544904844,7801402788871018
78134,100000,-7416170541726870,-7928254498002433,7765737604359972,7342680254302340
76482,100000,-2765010544333338,-6992156711042181,4268853041499859,4927441513711066
79870,100000,-8368155472069018,-4055487512285125,3131909134316823,3982739108956649
75760,100000,-1634117907495929,-7949348953010232,8776951964884820,271336248618579
78988,100000,-6332066004511993,-512552691410258,3274765689928586,1920240509261640
75073,100000,-523164298140668,-5377808303147953,1716539562313471,3478471354356750
85737,100000,-5968664409401641,-6306654363840261,157837264223122,850818952009145
77012,100000,-2035764759582687,-8211863005896591,1651160208927532,1122653927526947
84214,100000,-2657515891407919,-2315594810290968,7719928926338639,1517601432221203
79567,100000,-6870182719595116,-7781913812233167,6255724012495842,490616254544350
82888,100000,-789560870682894,-650841326576871,1990605592729495,5290979955062849
75558,100000,-7615479840381379,-6444543868638699,8073017980236099,6390988285233842
80863,100000,-4222507168628882,-8415309044742040,1911266639175381,8698492814156951
79520,100000,-1753137838990475,-7635249795938986,5824865627443756,8728875897087799
80121,100000,-789710273118571,-5311875901606374,4309413468733485,6517666651948974
77883,100000,-5124938661388115,-4005858331664907,5977516398098148,5738201079708236
80156,100000,-318953847606367,-3344859180951068,6287366435509366,3489524815124339
76896,100000,-7746100378195450,-1496425330929152,8802272655627340,2829062936391682
79268,100000,-6005479756655186,-8307758639137697,8106497188930346,3853021119912389
76489,100000,-96282936619210,-205300933886447,1371134994952275,7753057009811826
77663,100000,-557180627118821,-2287727671947953,6800966692247334,3016074081683627
74376,100000,-8473140726909122,-1990154067629425,541649441732600,3775859469384753
100157,100000,-618103348780008,-7262513417313743,1129182891482721,5472092383161543
84272,100000,-6418779958223525,-3070386143311838,7328933762328784,4864017709967240
88708,100000,-2846197626200361,-849287927045807,4852707891935899,1954880065263248
78404,100000,-6300120139953946,-895730098288682,7156191045865740,6618347123988185
76368,100000,-995202840853789,-8960315741817849,2281408527238915,5878589693218481
86589,100000,-8913340962458375,-2907949589229468,4810323724225214,3149464864118173
78797,100000,-7578698687350538,-6226363252637067,7790853855175486,7810666274681139
79681,100000,-4886317068819625,-5784276932915653,4531820179330907,482837567866949
76078,100000,-4333969204227376,-7140688322763673,5736065379267920,1893809631334759
81780,100000,-4874299932681256,-974860769850795,1644308391423041,8510603265866401
75338,100000,-421740056487403,-4754139637925858,1686395222980518,1743428822119779
76915,100000,-8819228740543478,-856313198490814,784926846362145,8631983844761233
74370,100000,-1978989174774160,-6150671031088649,5657933959445288,8522157223922546
74332,100000,-2919724328965579,-8762171142437224,8887556352057469,5890064960905085
76644,100000,-8353711323553398,-6841087400167963,8347561655458318,7096145257312611
74142,100000,-556312050440768,-1258603227107695,1656169311055498,5512102251622172
77557,100000,-2757967541401967,-6276503430599820,8811932439969611,5195319868544878
86845,100000,-93848781402486,-5377838428391624,8608366847567757,1020588130119256
86207,100000,-4020663327211093,-6093143012005880,889362679259929,3805398163798345
82756,100000,-2737904105550877,-5325795139979450,4236608092296094,954250563096054
83070,100000,-8840206591830386,-2604250250383096,3108296843148506,2458648227479251
75410,100000,-2806217946352845,-6437919150251279,6596002958160783,4739552278447564
78298,100000,-5985311982756331,-1618907907853948,712087023812564,3808068652613624
76653,100000,-7592431184984608,-7528771312256090,5456686601479803,5133086009324544
76490,100000,-6426509893469941,-5551471836537920,5625694392946797,675165373596401
76068,100000,-1562511638924737,-5498032214064844,1442321082543080,4178519727065392
79254,100000,-1576763929144514,-327967402283328,546073620561929,5459983638580206
76514,100000,-8491055850409846,-8258151295966807,1769953278552644,5821836488155131
77091,100000,-1653507246208653,-7185595669557426,7422676181700634,50021622609366
76626,100000,-5192243237048603,-3749314153095825,5112583246406410,5506415844807470
80456,100000,-8368071362431433,-4925036254894655,497994240303767,504612701493989
75881,100000,-5647808044547223,-6098340526242772,8334311744646254,4880284757258414
77056,100000,-7134413594295138,-3650310652261048,7507368535660422,733835717641884
76320,100000,-6600738880094767,-398689856014066,7673261026677197,8915027320158807
77377,100000,-283602789537843,-188948821503507,834223601972160,4750948851865096
76965,100000,-3136316281463624,-2540415919859905,2952193209098701,3154019374427105
77792,100000,-6996857993570529,-8258831084356396,4205847119861413,6357743904273422
77164,100000,-7190837951465608,-4900056715820144,8456679262909855,8329238534367838
75680,100000,-2768905618628997,-1742148113760201,6953901449686874,8423984531756798
75771,100000,-8965039599621869,-5471243675344956,1214919099090668,3350124244423873
77145,100000,-2047519307836581,-5487641601607822,6012636870251881,873351322438930
75695,100000,-7252326743184675,-7408306517235558,1103531514603558,3262494651858741
75059,100000,-4298659473964991,-6188109552384506,5991910059001226,8765764579782340
76679,100000,-5170626137213502,-4921636099092344,1164884155303826,3576346618622533
76401,100000,-1192473411016832,-3464697938008468,2255422045935890,1295527069660584
76310,100000,-639310687608132,-4972355529568831,4316900747416334,7639745344334699
83829,100000,-4125237647968693,-3487868951396079,1055613466539824,4059823126662286
76178,100000,-8412487358607401,-7993683289002145,1654847247375967,4422372141480583
82978,100000,-7447112285126418,-3915200222942222,8225165607459789,1666545645009580
77991,100000,-7824364776519323,-1360767800568438,2790457182777845,6212911830419245
83630,100000,-850565749451159,-8198527190797079,5932399856671389,1191145320185560
75860,100000,-682376377555051,-2070139164864503,6185651788819001,7756023430113724
83914,100000,-5119857406684335,-321193862728990,7024931615841127,4941520138749312
77106,100000,-3310491494868500,-2055129642800251,1228432498497713,5318253210937753
82074,100000,-5640590377891701,-7179478719810380,3732709424369082,207083045407010
76485,100000,-4782701550430831,-6319189315382088,2559054823055144,2650047554237328
81753,100000,-5711672714868123,-524887695754331,2650025556383546,3407315986869769
76484,100000,-1507503367273441,-5427233432830285,3699404018021555,1476358206027209
80062,100000,-3623154660455808,-5597790657913442,6664364024395176,2196625871621683
73608,100000,-8122117090083922,-7191579432415499,8468044738554252,3586162576252502
77145,100000,-7071325113470636,-7854806533934575,1928349842792321,704981751763334
75745,100000,-6247148986855094,-956599967338377,1710262864564819,8532227970887285
79271,100000,-5518011890328087,-2114822297179880,3968222962457734,6923145541686380
76170,100000,-1025928957611356,-3891272319599802,2856417428980253,4434816737184722
76775,100000,-8259642846455817,-8742040957402967,1275039488551171,5766499756625269
78149,100000,-2214452443156014,-6015812650165810,29028587245522,3641114232365751
82028,100000,-3401119868445161,-2042499357918974,6493580346481248,3626314832212017
74729,100000,-7571729496223313,-7803245643571001,4514572227801446,8184799763058191
75444,100000,-7690039113169012,-5511452158087860,1279409080453608,6188232329328943
74440,100000,-8752611165530853,-3718788049753422,2942241288174735,1801392431265854
74791,100000,-8291420663224056,-2443772958201030,2259468395600933,8068990445219017
74750,100000,-3262661266843602,-5952775418120657,3182902453957598,4396248827045694
73673,100000,-2500387898080888,-6778559646210212,2087819014913648,54592752938312
84681,100000,-264777226146028,-7092892261589990,1712633722300103,3788377784780950
80463,100000,-937242592713059,-6650775477855495,4340011238134245,4050315554706939
76648,100000,-854898534028700,-3422797328221680,2079924438291652,734010814542363
80408,100000,-799289162309704,-4811575284148256,74117253840707,466453772231524
84548,100000,-3940102599900599,-4576970578123477,4655457145049056,1543298941764130
81289,100000,-3456855313184556,-7151254982568779,6199032617368064,189999358389409
87457,100000,-7448186629072643,-8228027129229940,7574021960939181,8658742412078529
87038,100000,-7149107428880268,-8345438701515219,1543115672040878,8587065252326417
79229,100000,-665720241687339,-2872359841983803,8404458509623254,3360447525470121
107833,100000,-7761523933151364,-8105812107459127,2297377250748328,4792632535913987
103575,100000,-4141097713863565,-8214387309316124,4678309913450824,3483237364212440
78248,100000,-2522382894074636,-2332292908882283,6735735960789923,4763733045650108
84157,100000,-7765335660182628,-6264890584216069,505007486949651,2298182864961740
82465,100000,-7625407087209296,-1533723511055612,4787059304935511,8285660229746883
76806,100000,-6481261181079485,-6616044950629476,1604960369064514,8712631902067900
75434,100000,-798734455503999,-7800569277051915,4156141166802015,2566044509530708
76352,100000,-180961604719563,-3145171537434522,5687057778509406,3908441056217869
77451,100000,-7503431759679458,-5384348251403019,3595104523122319,1168607978964627
78325,100000,-7959177403930896,-8946776312237433,936868904543644,3052187431364354
78792,100000,-54451594357265,-8819240682542925,5544785898107897,5116132797529698
78394,100000,-5331859463694031,-7934616175931223,5408004524892402,3324385449964131
78152,100000,-7053869973255390,-1484516590119551,354182191809980,1756663170271942
76244,100000,-6434052807308450,-869254473266751,3791988311765864,1039004371702977
80004,100000,-1876845656533753,-4845627347927090,7255482292950426,401598684250154
79850,100000,-14100727289014,-4479402859504783,1215277184693977,6000048948082772
78588,100000,-8032914584286778,-2256293521517312,5839821773279066,5787410391311950
79366,100000,-2329685664169128,-5789768598771049,2619430686408564,585408748601564
75237,100000,-2855776159179585,-4067553833214402,4719181590404143,3797912002135634
78490,100000,-7991700529920762,-1075481437933726,8915142213179408,8380212503362453
79001,100000,-6488657188867189,-7380164295692787,3008140309983346,3138763163805167
77309,100000,-5286846934004700,-7837557399283614,5418871381403628,1402233261157249
78737,100000,-8199324586465426,-2413156654481376,6521956536348336,8632574446378131
77369,100000,-4129632808736062,-8819274725618584,5704124538302824,3355589622563177
78452,100000,-5794721104783445,-7603345764816230,7248218160416326,4862004343750935
77125,100000,-3012949410132710,-5712694432249071,2412248507486975,5280914091549208
76657,100000,-185088771559740,-2205308981899102,2934369350642270,1098975411586650
76650,100000,-3573337661016854,-3266101872169606,7295914222126915,1319255320187997
78225,100000,-4409950496109463,-914539866522852,88573116203669,2277022656987563
76388,100000,-3624197125673219,-909524966073702,3430164708273904,3081161575045432
76617,100000,-3317296269843375,-3752827367755044,3063633103424727,5707724905544899
85025,100000,-6484272516358183,-5463193985937224,4875187422274701,1493351850905555
76830,100000,-627956110100341,-4286781824603693,7563013191574842,3789889817496658
80181,100000,-1623393089526676,-4778615453161659,1406598239814894,5058359746548325
110856,100000,-4642704548093838,-2569560432077451,1776559593631177,1753354779280330
77909,100000,-3350996458476796,-1445779240724886,8246167948658087,6034856715222191
104602,100000,-5617602596438778,-7833155235559400,1629598368398038,3259208267449590
118959,100000,-7228397379734856,-8349168529589765,6757276186607276,3452288725112839
117086,100000,-1614803806765267,-2333474351209818,7761741722372417,7441402594459447
111202,100000,-7365808833733667,-7999269910182559,1565380790787396,8719519760572662
80088,100000,-6430044532076586,-6732304217732598,2722887928081073,7341453221992504
95954,100000,-256797203449453,-1784874131585619,4250827915582649,7796443005643
110943,100000,-912915116697552,-569341357616443,7460674252158507,6602881888868891
94878,100000,-2186106999412063,-5324175395045657,7767863385323025,2252292565025200
117350,100000,-5206693454888946,-4626587095982206,8361766573959393,6887376377012887
113672,100000,-8097411850657430,-8465978598695934,6111284779155763,900092624259924
110350,100000,-1069750082337325,-4278085020087578,2394957961797032,8200472913193206
119649,100000,-7374681576111953,-2649261102236561,6731001628320546,6689624724712960
117302,100000,-2954711332155755,-6110583692338460,2696309643840362,7716501126845947
95845,100000,-160056357820016,-21666222572558,8114577434444267,3750447462227972
74670,100000,-4768145738695968,-6615823904933219,3522236577115290,289938383184963
74422,100000,-2510086609958090,-6393334948040004,8321992946663122,8176062985615387
73775,100000,-4008709598501712,-2111020074695304,1539840338448356,1294780745307265
73648,100000,-4510183986834033,-5439865830453754,8388309461146147,8904078758189747
81370,100000,-2356230967748150,-4751213985688005,7760440121542840,1127518702890013
81572,100000,-3622409825457299,-1175041206881870,5693255068660068,3089561471646016
76633,100000,-2541291273999310,-1593187510901836,1871324017489735,3311471812221031
79720,100000,-8536369953060699,-8008661400482579,490769133850757,3795073696963292
79684,100000,-4748906879817473,-8388086099355480,4796520057101330,3459843165197404
86754,100000,-5885945663317976,-3648162437988008,34727939152377,8963935405186277
77018,100000,-7342366794146666,-7712235749115006,6029769714534100,5197798800317973
83069,100000,-2263334804161329,-516610667852903,5217079507699816,1330596489954430
77615,100000,-6562070966432171,-7194897126832584,696740521052830,5103815041438547
84439,100000,-7032608591994320,-3475687654012087,9002049688390616,3695700080569789
79198,100000,-120936943242583,-8698280035326019,2399330076411988,7644642917840617
79213,100000,-5456725617794115,-2101832626620200,1808710839853002,299059829343807
82013,100000,-6005824072645221,-339797044240872,8839601055230839,3439572852647376
75854,100000,-4078853062029250,-8602740472230353,8472578091522533,3627337533159012
83091,100000,-758162051691523,-7872095974785010,3199674863499148,3315585440452586
76662,100000,-5019534725904834,-5623815706093194,6009188893945536,2342507757207495
84027,100000,-7648007674244335,-8677652098038919,960775343458096,7165838178135225
77239,100000,-1696386755316980,-7231510620328835,2093002339194781,82319853854662
83687,100000,-4599523565770015,-5041438643161562,2371674365082749,4079143562659695
75480,100000,-3336736609727065,-8820818304041294,4613619620687141,4767916175891082
77414,100000,-5234767972359890,-5519814404537275,3968839490229136,1245236758000400
77277,100000,-4804452058422817,-2215811833888309,6267524126283888,1827003324196712
75086,100000,-5281579455127009,-7038954753294268,3937881717473894,162201884803128
79191,100000,-3652693891857821,-8957873989137826,1577619975758422,240525652941675
74610,100000,-7319140537420737,-4111730480157889,4292320250814428,5700858021156677
76655,100000,-5391844094551966,-8366463327943602,3531450380913290,7871511971303087
74292,100000,-454782229424105,-8168778516013911,1644148734836198,102958656578578
76161,100000,-845412519246074,-8035472693547384,8639631087853162,8163928799350364
77013,100000,-4178120404981697,-7982377100330511,3080106232870368,771154340947438
76104,100000,-2244556803993203,-3532039025989682,479643837391035,3905010893146936
79283,100000,-2291922568121367,-3652837859309253,3924688313440584,7568206018983939
85345,100000,-4172415931914124,-6670949802630993,8703243189568067,8539606876436452
76622,100000,-2462305414701958,-7409878239489963,8091604018251924,889941317939654
82755,100000,-8643884524685771,-6308860547281921,877117192317336,6523060069032978
75870,100000,-6655364009229729,-6263965877148346,8776902288529204,7946874768431574
85885,100000,-7733798760810049,-2144784914636321,6490068818627829,7944419022727566
78112,100000,-6554543519431781,-3240833677825953,8390699342848225,7174093244697820
82472,100000,-2686148156441708,-231586166512779,7671163727777123,2364942394272008
79498,100000,-6291928670310312,-398714853686611,7286237577039827,3601067787589767
78131,100000,-958788149537109,-8713302419711546,1773818684787395,8766169814294269
82189,100000,-1184785485991393,-769909589740995,6079807383000348,755722269318151
81810,100000,-6560678378086101,-7055952416635163,6935493699743473,8766064150534100
77441,100000,-6714742149422380,-2034035317268202,1422500216245286,5685461935245249
81231,100000,-7951628870345413,-4991270314739954,6472857002404434,6239068712586638
77138,100000,-7457546247063287,-7814692752359658,4644392667137800,6725775737006076
81374,100000,-7088439346994177,-172521357123790,7739676398455040,5794622918395741
76476,100000,-290075110634349,-6791498137787255,8122770865389574,6613589236234341
79652,100000,-5353146884079501,-2600752278188581,4377026568654170,6269609284108540
78123,100000,-5318124997634948,-8146679980357321,1540171356007641,31894824865338
75261,100000,-5859415547976625,-2094202630500862,3351730463773409,1890500865046230
79374,100000,-5237578070667426,-6451676241464877,7688363327332087,4234955519850227
83426,100000,-4062946653725294,-162032271259093,6882181390172924,7358400988518050
75702,100000,-1794377594049798,-3429530947594550,1696611088083381,2887661805542209
76532,100000,-6419772067196265,-3734800606817078,5079234267506225,6514184958454025
74197,100000,-872239738788630,-790304109236545,7335469122244554,7974438965027633
75271,100000,-4896963688366215,-444291846110927,8256503055941314,5938868771764035
76958,100000,-5417045160036546,-7156652124736729,858020746671895,6658722497489697
76666,100000,-7343755603921360,-1771425485357674,6793632581188192,4661256316727188
75326,100000,-315091779949655,-1146309005298289,3369140680914719,7779270966771807
75924,100000,-745202234841354,-2089766416270853,6786723277051987,3098684838634941
81073,100000,-939160085942009,-5775650883316882,8000410821945677,5542312220160423
77259,100000,-4437842828687642,-8982425232305636,1422967204432440,8531042013719983
78248,100000,-601343857766358,-507963327554056,7266851245026141,8918347745085976
76307,100000,-4416802410872429,-510058434928349,4314921044109890,5638871519787590
80284,100000,-5223200884497911,-2846676277630537,7785389633222627,7871557522838697
77243,100000,-3988036894538881,-4324676179253201,4120152337293974,6248686444712177
78007,100000,-5841072772072578,-7689654309532538,8568309741096599,5550269719666787
82636,100000,-1910203278694123,-3637877571014986,4793780688573390,3358959762290437
76375,100000,-1405788601577248,-8545707343146871,7308928187418419,8973936617068240
83934,100000,-7871521382815419,-883198640505377,4921224744618467,7485894023252680
79455,100000,-2959683047571857,-438824494667032,5002985337109663,3695045560189757
76164,100000,-4047929690553069,-2950817967882226,119551717163692,4558713044690902
76586,100000,-571107416731011,-8344370987418124,7248262771845033,6597687779403039
76997,100000,-7155298382922212,-4972074281361953,1848227767415070,2385342078440443
90182,100000,-6428300728734982,-4322344121514048,7185045803710814,1222051538586385
81711,100000,-4412348762064490,-8027289087867137,1702638514937942,3880118877724669
91930,100000,-3770571652710063,-6782793870309088,3990548392318398,4831191336069808
79698,100000,-5855268454058474,-6888755844480872,4618091544073761,7996092164788840
81436,100000,-6148125912137033,-2684895369448068,1543627132665515,8422841087038945
86158,100000,-3914684820590455,-152008445363938,7149873601834608,7211018726857266
83056,100000,-5969422518634472,-4838929028719531,4558685964137117,1078319780490517
76597,100000,-4335680455090540,-5172465644009842,2370837994540235,4306533277435730
84801,100000,-3939188962398064,-4813131837816940,8248291059576531,6967828899747008
74081,100000,-4066443978079046,-7995534320689983,7690087864130637,5383092979390540
74346,100000,-6995868919225568,-2397332599498776,8556865688317722,6403211653794959
74498,100000,-4429482560182288,-1552155273956514,2892051741186480,467805383115694
73783,100000,-3252242729679171,-4911486129009714,2069011351340160,1621904550684317
74305,100000,-5809234989001877,-3668348051600196,4343028585845808,3369732444853667
74491,100000,-8087956928047710,-5355515722233843,1083251159559344,2795807824843950
84478,100000,-3337778057809722,-66340869841117,3580666433076668,2024956805928379
82644,100000,-5351320885476288,-843654231816758,7571941518438103,4571014527095906
79017,100000,-3920002081521085,-4162491842493628,6120961813504199,2902702499956723
85507,100000,-7449951454809195,-8116397302695901,6841621019029018,5428553790589002
75431,100000,-1626759891238895,-8905458616827628,8927635543962056,5652033754203986
86914,100000,-3821207488564376,-442039777328817,8836999907556438,2389817231784044
102231,100000,-622630320150170,-1449621137039358,4646669448641521,1262937675941027
91800,100000,-3691630091646865,-8183968141427996,2953722287126577,1630606592970577
75127,100000,-2699979010517400,-2709207695080946,2735817820272619,6448360177638326
75550,100000,-6062562617855231,-6756979852327558,646448477667302,4726800936942339
74949,100000,-1047776171689099,-5430217481998966,7813628857477761,5632056159585048
79359,100000,-3479385387820749,-5049524254024811,4380002318041728,5457986639038571
76138,100000,-3323231775069750,-8309990293147906,7537244338414536,7191512579142647
76637,100000,-464003597035296,-2405269960599324,8461742738749050,1252445980191419
76817,100000,-8016012664897350,-3124323291906710,293578882106334,6743084813508404
76729,100000,-24590197282878,-4473227172958521,7378019083101975,7548558834750430
76260,100000,-2336220222005172,-5450906213593079,4303034015976588,8012476300248954
76432,100000,-2550995638015122,-5552394784218973,265598148322153,1767355609837793
75847,100000,-8671105599026235,-5496952990469030,1239867074024911,192548638254538
77036,100000,-2968893866697466,-6349377916295821,5515489851535225,3572249967237601
77195,100000,-775000927973258,-885174954767756,5239404059961733,978032444158343
77667,100000,-8573425293843713,-1318604908436738,1214603827239728,835760902466765
76966,100000,-4087738761870286,-7913659554695768,8279429522746635,6221545285964346
75573,100000,-5472810822085402,-3200008931495742,6496380752611509,3167282404014680
75595,100000,-7111254664491484,-5761989791762625,2693114256567906,1857188631391157
76426,100000,-371417252666551,-2871752301470979,5878525425239134,1867926401890530
87754,100000,-1174173458919914,-1968941384207850,5648680833103103,4402356850039831
79300,100000,-4997955412600946,-1554124568205275,6339541233396449,7889412442618139
78438,100000,-3432453428011052,-504660716106144,5102920480819818,6569884033454733
89803,100000,-8240065352622784,-3206478175054470,7361556907851545,6055334779182482
74642,100000,-2535606176031697,-5901318647975666,8821204182495769,4795835912759217
84551,100000,-1630826935258557,-5495874583313836,4286971077365274,8356660371961984
84754,100000,-4487299397381592,-2530078548510715,7693287000080653,2079427563699687
84080,100000,-4564106282450885,-2551720154573508,5645169411883538,8408307937534039
87973,100000,-6388899999980168,-8605054763214128,1647349577852143,8653011721095191
87184,100000,-2801245207009861,-8832008867527604,7969212557291783,3841444260364457
86884,100000,-4911957168701174,-7926046340186254,3080440672660322,1312468280883269
85641,100000,-6380320397024043,-5223410248509442,2418972955519442,8356443931196417
83700,100000,-3390676477364376,-6442802621689489,867419256445033,5221407364010614
82150,100000,-3894080825995950,-486922453321498,7980430986795789,3232216659852339
81537,100000,-8172386570095794,-8743325525750222,8820757568796661,1713223642974589
86303,100000,-6392216507227978,-5480190118252375,6747070855280168,6477112303825014
75698,100000,-2501092444949707,-1395703514901922,6480576055171257,7728510671963682
88457,100000,-4061971504444281,-3038207261181478,1765034882993237,5996287015428131
77794,100000,-1240108866577346,-4562121256303695,4848288502578391,1325151936929842
82543,100000,-8611794064520974,-6245513049418426,1127110551098360,8584975655986236
77797,100000,-873546358233096,-353901168034737,3922763841787331,5844468651581137
75486,100000,-1631983660164247,-6247865497476233,5131907973338201,8279472720266769
76227,100000,-6359473773145949,-3022745073643353,8119572984039721,4458078645137991
76089,100000,-7544443185698983,-4643266894366306,8856472809524177,1569395986499868
81661,100000,-653220225261060,-737572959032179,1003829696596557,7871486754060164
94231,100000,-1801228886296726,-7357523217629933,3158629941330055,2349228736534906
84624,100000,-6354310225165595,-6800999786409597,2677741231452194,252878128298028
75837,100000,-7836708411701194,-331182947638347,9003745753642137,1590587146759741
97467,100000,-8884380326770976,-438091827976663,1935427226466617,8837689579758939
76629,100000,-4642365602401451,-8129876075214482,932715822981518,4565057799644444
91804,100000,-3798446885584025,-104167502924673,7175886769941961,4401079483579321
78247,100000,-3976598525047613,-5067754479968773,8446630284371953,7744642327841990
75730,100000,-7540131619174054,-7733741223988800,4450895231811598,6123653514116849
80654,100000,-3967626208117330,-8432444050248119,5980443053705756,7442157557968569
80258,100000,-8501469222925832,-6340439258961275,4973530574958007,6970617610545091
81137,100000,-5886360926138222,-5036079434059518,3641564357774313,1474753708892716
76735,100000,-1077726740148203,-8001564955329167,5275778025329585,2850649275182348
79501,100000,-1967692883692665,-6754133695514398,698744578353784,1041586196760149
75866,100000,-1007343044626431,-800369502937093,2695607193720380,2068313170738871
78338,100000,-2968969048084674,-7182664599894945,7181601807568583,961639512230388
76189,100000,-1665528428074474,-3221056352932410,3881404290455405,4875723054150495
80068,100000,-2861817654517108,-4670947958073638,3422985667361956,5932571122976659
76627,100000,-1976170557282847,-3891146324256511,8767742334912567,1949623312361509
77132,100000,-5084398103487001,-1916868837649538,8734855835324577,1073786280182292
80700,100000,-8088385247610883,-3639638651378938,8823913186152383,3155024177534298
79838,100000,-125326640404654,-168996461837868,59017610753755,8673608788315630
78088,100000,-2123020301471784,-558306751762490,6142583356911501,3294554170578218
79718,100000,-6590811267280890,-3717555571176875,4977953215192594,6974396227869316
78778,100000,-819439665651659,-2549843703247649,5266984295193380,970047408163737
77003,100000,-3855530742316152,-588527675146705,3130935840569150,7565099992698010
78908,100000,-5614337995341495,-1869443360778754,6765351066383019,3315165884712017
77874,100000,-42692148553446,-51209217640594,8215610292622486,6963859464306554
78810,100000,-2196110298806345,-5268759552192988,2518782508628858,7725812722717177
85123,100000,-1042231127609335,-6165873633905008,1662692588787894,2870616062785097
82591,100000,-4930161425760884,-8413845251504351,2026969721880385,7378171330526744
87618,100000,-3768256746571790,-5500953798426419,2824799825735334,2454373489433138
81540,100000,-7839851725128792,-6364313504265094,6712922899835595,648320274363237
79031,100000,-7623516592365246,-6361349289545177,6554755812018192,8873376135097009
75926,100000,-7480447236506431,-3460426940141423,2925588535640268,3179584105096899
78134,100000,-4789319168418565,-5609376115559469,8027584428880639,4235274096960722
82633,100000,-5795145560953166,-2261138970307820,4850698841134954,5922938770578532
82565,100000,-7136353506743185,-7869479874187291,5771412612597894,7873829291271676
88765,100000,-3283649082137775,-7776773559257502,180269357317126,2636871897419347
84691,100000,-3686067745779309,-2711449535479903,4071614579498728,6530112936764652
79173,100000,-7021948060410617,-4697943018335101,625597029081653,3638022736415290
83217,100000,-1413017949887022,-5249030158848816,1695572013598298,8148725536827459
85144,100000,-2776469572433548,-5411518899772985,1648446370832896,7902674425165534
82326,100000,-3084391260276998,-4412509527683777,1066236395087352,7081088909415448
91325,100000,-7657265045973741,-1338687096544218,3695522694406526,4783856565347349
78525,100000,-1730811078676482,-291374044714212,4202265167768941,952378700115693
89828,100000,-4333483128368820,-7532595896845808,6568854151465306,3320447880957807
86256,100000,-8616996260165939,-5538051465436155,3941923713469753,4413950574968321
75615,100000,-3075497152121434,-3087353441278212,1294426675402486,157291858588230
83437,100000,-478902408068699,-7620261641973613,1346053510295354,5846197744767998
74717,100000,-669481941598868,-8895963726427007,835636596239591,1290394094293803
80893,100000,-6437129785159902,-1872637338043845,1740823836655962,5034786208821398
76972,100000,-6656780431361810,-7624704206109003,6683891346325416,4193939061584728
79475,100000,-6233712355572164,-2267089059696620,6330172984252509,1527659171393071
80873,100000,-5601122645597874,-6535765573422343,4486357420670803,715812345456652
82296,100000,-6429947719109236,-2963571003531139,5635902865070103,4074670910203373
79658,100000,-225193255120521,-856756440377049,5325888850596872,6505324343583199
86921,100000,-6377586733090042,-7824620834872538,5053392030952218,4864503589377908
88395,100000,-5480969743995278,-3120797050935889,5281692235306322,3470526863272339
89037,100000,-55541578046607,-3485178385017632,4480580727873189,7954383360734117
82774,100000,-881963686296363,-3534566810105583,232230660978302,6660372566554762
89918,100000,-2671582388179716,-4547029917415576,732512966098064,7156653726663013
75922,100000,-4780401128576236,-2041107226237871,5977092970200932,1366064530922269
81064,100000,-6977204624531038,-3577054527235287,7659727770749644,3907078585727365
98470,100000,-7449636146364183,-2551753806565152,3951311496876775,8377592253246849
106948,100000,-2632450185127320,-8368212865025251,2767544834929869,4795760258310205
82666,100000,-439686686173596,-7209567344180005,1770584415600571,4640565914503177
92618,100000,-1733738856206842,-8822970458631700,5266904682726114,5618752446146925
76980,100000,-4070989067376030,-2285664217850680,4099634888746867,283337153047414
83539,100000,-1478365323356763,-4115419728101478,2210945415546673,3504759466318628
78697,100000,-327452027869118,-100879959249264,1743604189646152,7923342987362299
78861,100000,-2584529919293420,-7574390567540950,8708845868552135,3146791016827996
84547,100000,-8024785606505637,-4022855121688551,2797349206931375,4630874881514962
81532,100000,-2036586531813760,-907614015735723,7253775573203710,4056348031045285
83574,100000,-5929024470245749,-6947437863126919,3383292415879038,3681091525681949
80081,100000,-217815081099428,-3826216861069100,6526132280028681,5537140135008559
83460,100000,-1786767372835918,-3063847828768846,7411184282897368,6457152268980658
81572,100000,-1491345257493792,-1594942695498224,3768669974782126,7696768739992808
79426,100000,-5157491718356409,-3617989653772800,8598823548500702,3513911229899880
82188,100000,-3881087456823893,-3756925166701700,5994731693473091,3409766786340095
84376,100000,-369276710608306,-5133814167357449,1609784508469509,3942740004361540
85920,100000,-1355488666631586,-7220214947239383,1393999621318890,3345511040983150
81884,100000,-1458117275491400,-7979853107259312,7831403477653477,7971411972532756
85867,100000,-2230800992342370,-3241567841242849,7814480068516580,7159331534713041
76487,100000,-2993223721865883,-8544653054200187,5133459716587716,7472130855257312
82201,100000,-8482818667201006,-8143597446396097,7956715871576967,5073853832811211
76662,100000,-7971253182130357,-3179952096732015,2157975403566300,8800704073193448
87751,100000,-4124534466579067,-7152735478747354,5936138657255537,6211285883464647
75743,100000,-7977428560795037,-1031478023013801,6286819791879397,4508878309369960
91898,100000,-6870673460615187,-6568216356588900,7356377232961626,4495025414609626
95680,100000,-7680430164394266,-6913038952295374,8310034052036791,2952514139608866
89223,100000,-538268444945467,-4995485768047286,2044210408658033,5343923681829207
79130,100000,-8798554357745911,-164812070366081,5702948920041822,7506216635919910
88270,100000,-6994168950321439,-8403688379645992,6481232247703678,8791463746545515
90506,100000,-2585805236028065,-3733096160652997,5518652833379711,6879215957737856
80036,100000,-2947293288679729,-2662071741219169,544543906232702,7449686099260866
84366,100000,-1545160472213632,-2198557782510394,4718108953015904,6801353772480298
86189,100000,-3396996328536167,-8020296434300967,8654856090812061,2802439173446393
84304,100000,-4254745843311677,-2754651515226871,1697070159936747,6786753167537792
77119,100000,-5161423915028945,-5611476925339760,5233399827037404,8556315005455780
77302,100000,-1148329446766981,-2827658743874112,3403370612320848,4503237894258800
106665,100000,-3998298488872483,-8104725829064797,7622792595734103,6322900284110452
104771,100000,-2173603028401975,-3481948195005777,4940179281244330,4686804681416919
83023,100000,-4069554243767955,-2411040722861313,7384931297762676,2055697219462737
90373,100000,-5511955268514967,-2329708468618106,4463922222471527,3471315825959792
77770,100000,-1125280114965440,-4977464815302991,8064569005941975,6584296286014209
84174,100000,-5869271590343577,-5022526498736153,8840236759651063,5831867774573258
78690,100000,-4269250550663508,-4631257633694338,86163382543991,6986229243881548
80135,100000,-1323225022019763,-4456073547057736,5504443618003432,913106408228011
83987,100000,-4222033733497789,-2192708286891223,135717262556161,3762742466428023
78375,100000,-7661339778380566,-7374749184620194,7248764526532222,8672377377878782
85348,100000,-1392780751531116,-5040382351210155,479271856502349,5575103312875009
87997,100000,-2811763079912234,-7468655139643302,7007218996558218,5647244153718597
80010,100000,-5575099684118885,-7486183788618448,755182339096635,5856802839381219
81998,100000,-1349527366281107,-1339761205370268,992008084853849,607544816508704
84739,100000,-6072281738034070,-7275401695738728,4370034624270222,443403168204000
82546,100000,-8067737098328611,-3330590108677321,8456290177531249,678354762164172
78348,100000,-1664807572585832,-743102742756980,2830036466074479,5355283533030774
75686,100000,-7326208364640631,-8367174086845600,8125697371923780,8890488202180940
75302,100000,-2034110413500505,-3980721649423714,6190677344644805,4177434353550366
76924,100000,-1467041113453586,-5057497850293544,4653965374347024,6662040910532164
89275,100000,-7438053593554910,-7025919373757440,4349290484677121,7579114905534719
78247,100000,-8557690748747248,-1577867755322425,3524163295956536,7146737762124013
84979,100000,-5068406764771526,-5988486051750590,4175673315350930,1634634386944451
82282,100000,-6037917810181918,-188288040828823,991775502082097,7123454861270777
78225,100000,-1779275096871423,-1575185158769490,4007542120459550,3635436698593806
82221,100000,-6194817706492801,-1479028634590024,1468975399602989,5243816777412291
76611,100000,-8922058449977379,-1239543985834410,1317616559781386,7650619151629562
82638,100000,-2172597450619767,-5581146977643023,2076867027167091,5455521944030663
78687,100000,-526192845262454,-2364566427663813,1209488525246565,5666825319489506
84571,100000,-6677625932287580,-3724602238140965,7387633314557732,5101072496537239
81662,100000,-5111919595171979,-4069386269591752,2529280224816777,7639698432509895
84862,100000,-5025222188658717,-731654972858615,5126548164861207,4386222437094088
76700,100000,-1013902085613287,-8559196049056861,3510189010931300,5056082892999459
81914,100000,-6453527302354215,-999723170384521,1829052370944112,572818029668729
79379,100000,-7688411760063562,-6559026599489519,2885375366418743,3070469823570825
81213,100000,-6617413710351907,-5764514169168612,2039772263934428,8804884216149136
83950,100000,-1503408448970708,-845708267757856,1274223559061933,6516024138782442
76907,100000,-2663256703746169,-3517329459869461,6587022767331681,8678656359372571
83423,100000,-5847381527663257,-5343288358723547,5034666680347484,3236387716682926
75799,100000,-4577326673197207,-3577025250131804,8877740131962236,3011595165205507
86458,100000,-1369965378612224,-3482218991331006,4057176867306224,3442837185063119
78343,100000,-5403988967731535,-2936360262973122,3536915838335927,395388386617926
80624,100000,-5694480968363550,-7956287253788436,7368075764598536,4910215326975312
83744,100000,-6383142207613655,-3073994522272445,2243224470540796,1764817176179929
94374,100000,-1345458166719680,-3747208569580542,6609904151064189,1162277684109078
82782,100000,-1641298721613987,-5192999114660981,1627468827155282,6327490185968872
77479,100000,-4118070195396155,-7011301097715672,3992253314962915,7748211182201383
81911,100000,-2043392229749731,-153442453279936,6038357999059388,263219073812216
80703,100000,-3765686700872376,-1400329996388324,6298891063793340,111235125060514
84760,100000,-4682243498888315,-7917625814236258,6769734804544635,6310131032577296
79014,100000,-2964676476716947,-4522951132471033,3335692763739804,6299027897739775
78623,100000,-5935832894482619,-2133669890834216,4574503129981958,2203059690211432
82754,100000,-5564321291600990,-1227418691060216,1730649975017420,433556636540487
77052,100000,-5367165233475785,-2417053365140823,1827357841449670,2142749365360944
87940,100000,-686838698182816,-449108905673500,7804520295483050,260085514710337
75606,100000,-3316264648224891,-7012777555557535,5215780217499600,8257495400313226
98149,100000,-5077046966207243,-8316547225347504,8887551220364824,71019239506309
83063,100000,-1545636496738684,-8417360538157661,5489067127596110,1475154281021195
75207,100000,-4378501593451081,-6863953835171330,7939837347670129,5736878651751141
76242,100000,-332433930270472,-4150473946135885,4810265304466586,5566968062409887
84175,100000,-8804779736317911,-727535237324726,4060176655096934,1852829272691014
78109,100000,-5297405292171021,-3163089648973387,1547524888965510,4901567366339784
81247,100000,-5187776048785581,-8676706394067989,4942480843541431,636522811722953
83698,100000,-6788089988207099,-6626049352865558,6405993508270057,5400263512280541
75721,100000,-4563848607309185,-2385807792448610,8712414010452942,2574175529186676
85774,100000,-4143484070237652,-4326767047123421,4061121862054480,772457709815804
75653,100000,-1484674390698310,-350986110296791,4465618426967340,8655040612928548
85999,100000,-4271731808404497,-3489818168313629,2620432109186664,4504647997535684
76284,100000,-6221854773372187,-7309624873377141,2025681425429100,1555693450159493
87796,100000,-6274552273870888,-5370872575568592,8469076564924462,3617099247200175
84334,100000,-5458259167042483,-1280485836790428,3806234906854769,566776278037240
79205,100000,-6500755260729682,-8150326566535346,5915251229210293,5497442066429562
74729,100000,-8681578930863372,-2830635104408526,10816941480129,5663561370344501
78036,100000,-5967030118501663,-4689735848560903,5855880093306901,1900125336262668
77708,100000,-6683966258050074,-7803371772143344,3991192184475610,844939536745056
78976,100000,-402747787049293,-7909331185210544,7559820294096302,1607362078473563
75514,100000,-5577340452269504,-5932274392574986,1283277159687683,374403705247974
76947,100000,-7088226544960626,-7970077553506981,1040538657353676,5175585672073732
76348,100000,-2324777674292234,-7401033487978685,3602241213193919,8873306342344109
77743,100000,-6387209396925727,-7611956231909509,3376632654845561,8265132747953170
85600,100000,-8220271219423738,-2899750577672074,2413670696928471,501084469797988
78596,100000,-1962825054791312,-7719411971297376,1304705394687092,6822577734129458
84202,100000,-4654637841329960,-4321648826212541,7393366107875911,7741777768530427
77776,100000,-4947307993514608,-8122617052196418,4418498572686242,4797295766273119
85420,100000,-8872285471520903,-2137871774895603,8046295663295342,6405939369149782
76844,100000,-3144113585162788,-2359770091550221,7447102197096401,8441620209541260
80951,100000,-5091612692915369,-4478613969983071,1051132236893658,3292738734490110
76917,100000,-6388694176174115,-414594380413511,4791978826278016,8978926252179693
77600,100000,-2004600098898098,-6115993251051269,3621334975212076,1610146005889327
81607,100000,-62702416938427,-6309687865133665,1765384572065175,5053167595089357
80519,100000,-2501675626384324,-2645549003235865,7028922022373094,2944679285732756
79069,100000,-7367168424794064,-1999110411530884,4605969570528428,6758911707983495
75847,100000,-7435972217692613,-8115090522536229,7554728667040653,5267545022438396
77315,100000,-8269255905411893,-3688778301696330,5062701816109769,6300803087327973
75630,100000,-1592649398445326,-7142271491837537,4449830560541724,5512921255540458
77263,100000,-8473145741670578,-3383888578913490,879459010024604,8105924360320542
77826,100000,-1189364861905747,-2146007679138338,5824850390143508,5935140029718253
79963,100000,-8114014761497146,-7269545478059571,3730604027713370,4396898866612383
75923,100000,-3395079450587562,-3593340938270053,7909554038630779,6394031012247169
79643,100000,-1316147025419975,-3554052990205461,8426604036263072,2076118252439944
77424,100000,-3957936161316196,-3102699553784333,2806194405592334,6684856473428460
79831,100000,-4628133614752572,-2263064132893753,1044468210303073,3778268500506829
77241,100000,-7198711876763543,-3142538536899160,2385176083497268,3385518062416778
79256,100000,-3393017300248928,-3800104873759038,2648567486429378,219101419305311
82194,100000,-5129166765028462,-1551256721997013,499944313453006,505123972353059
76242,100000,-915759436058359,-3612084236969380,493253211899006,6282649461846241
101381,100000,-5554226441530124,-3817988355946589,2655264027635579,6954673599443860
74417,100000,-2955810100182243,-5061751469785191,8678792792397407,8455679253085540
76921,100000,-8832448215154553,-6252443278260928,4271078622999782,300888509225991
84356,100000,-6942923738877883,-3425905533999661,1608813176569619,6663295165302313
81697,100000,-2076674819988294,-8071541721286913,4974289718199322,5516070972426339
78471,100000,-4321882546334449,-8698454709716693,441397958792804,8734851847714527
88395,100000,-4394748541437359,-7247239394153105,918832574071279,7355699956672781
78648,100000,-1969603720244553,-1526852733330314,7411960644546314,4266630814208655
86837,100000,-6648372533047736,-3714599852638482,806829560113490,8662976345229346
79908,100000,-2023305121984988,-4476696952919327,2702634097044217,2071472198659905
86316,100000,-8626324778997576,-1997088900560843,2340104303884947,8692239628015540
83337,100000,-8823289347982240,-3485857187927868,5868498213220870,8482322473774339
97155,100000,-998574110609245,-1066307976348115,8354337146016047,6519625279121558
78764,100000,-7192823933031187,-5668659711789432,5118966542686784,7547046328211230
80766,100000,-2189770505633004,-1341080059199965,8027693992972830,756590535558207
86197,100000,-728829260875427,-5090485104591751,7554371551772795,3947567052196672
75809,100000,-1486897114362852,-177679896109414,5986352221911034,414519918733221
85352,100000,-4377568384696656,-3858370069252079,8242411203055477,5012112835338012
79587,100000,-7669647652440201,-8653411989299660,1072373514555067,2474701551573496
81686,100000,-5659800673980803,-4425118215627865,7972105033412523,3034777907433926
79684,100000,-3898967589582373,-4549552319978667,3037699672164146,4675873907899124
75576,100000,-4023830402706120,-2599035334974381,5303631901029133,3626664846772441
80106,100000,-7950738973911018,-489385966564219,2855737393627505,257270766241574
78802,100000,-1475003086086166,-7754707062144807,6386585034600436,5187709519513715
82258,100000,-4425486189561739,-5387127834939560,4993305138124977,913029590137144
80266,100000,-346720766734931,-4542414839060114,5040714447383686,633024065415105
80279,100000,-2712301724754521,-8761768392590812,5081625728406846,6259989904140204
79821,100000,-6211366697322919,-2396343710266234,2869781091674890,6574571744676409
79962,100000,-5076090001183367,-1661981518426702,4982714916687369,2684124080722826
83132,100000,-8195417105828510,-1661611764062778,4772887442781966,8434656162752163
77636,100000,-6651657361395005,-2652398229523468,6145008270176971,2450524476413106
80340,100000,-3294402025223366,-6081729164474354,4423601961019840,1256615185838632
78118,100000,-6487886913085567,-219004696495878,3248556330774984,6338557350445197
78199,100000,-542826033418646,-4022706381106329,485462120166502,1204311371670895
78839,100000,-4749155785495060,-564305770630240,176920099812604,2362211302578073
86528,100000,-5068877296244528,-8939898581107165,3257775148725535,2166701223403806
82204,100000,-7165916543483922,-7323530165582323,8833026492212534,6277036471912566
81457,100000,-7280282827647807,-4327781006135476,1948818784004293,1743698193113157
84611,100000,-7335078030216600,-785628536176491,2308026665275369,2868009650237215
78122,100000,-1485300622483580,-2407853695944806,5152734567124919,3041427399676788
83773,100000,-7210571821027234,-8672842793215094,7474230595608438,4226905844146811
75683,100000,-8455067708235376,-3582437461744481,6563057235459597,3236229690202511
84429,100000,-2779779027111054,-3609954398036750,897563060484128,3848144177542408
76740,100000,-6267111842933878,-1239813669064961,4658942245881701,6086129036589116
79775,100000,-3718750150210083,-4528843862825673,634152979080591,3181219682971469
83907,100000,-8058556905581672,-6173638993503601,1137794309134325,5064671392460411
79044,100000,-1771421508684385,-5108928139064339,8508787994820387,2588332133704022
78127,100000,-1267801912310879,-7995544956152657,6328395480168087,2839695636516229
77261,100000,-3589290549033302,-2213916827086239,3529764461554099,7964248979287221
80077,100000,-1740277592792813,-8253586293569419,2714147308718891,1632754136347566
76588,100000,-5401065222148325,-4068907672231245,3703995432415996,8767639374759011
81019,100000,-1251072475117036,-3831615327978119,6554487682429106,1735303098638068
78682,100000,-5738859537718323,-7766509810778484,1478205765272300,3331313445793532
83428,100000,-8626172631557598,-7626086745244091,5300651663274352,8232719473385211
79252,100000,-5004537089720846,-5919275471849738,5249317032932185,1787331927119655
84520,100000,-8745965717077660,-1305061098749437,8981151950108261,7619505751046847
76601,100000,-6035121138077195,-8485088172021649,2968406161637024,1112020197744850
85094,100000,-6661563908489029,-8437992513438115,3090238733080242,3829155809354288
77379,100000,-8384455730037272,-8528412858717796,5894579310979723,5997902249042232
79574,100000,-5973058114410398,-8696017996917824,204723414083502,674967892125103
83939,100000,-6705103249924656,-6590386829872198,1146120655286664,963965449916277
76493,100000,-6626317243719870,-4480020190155392,739143954167728,7627803149202460
84363,100000,-3051971177589469,-7917653356677814,4005477558012201,725895374211919
76701,100000,-4487431753417818,-8018492271086688,7685611941115439,4887871896425373
78663,100000,-3343895381369702,-3461446064802618,6932370376057630,7752864192594086
82378,100000,-2096767121065108,-4168152097627652,4086832205553698,5760027802381323
74898,100000,-31174302929246,-5955480584663606,4693714437545020,6253202362542563
79638,100000,-6615892068588565,-3891120556440210,7650368221962475,5675560499693537
87833,100000,-102578104718214,-1337321225860703,3394611324248368,4892924510063603
79799,100000,-5990588501661666,-349937042492504,3249988635167681,4219920616500336
86275,100000,-7032884330515594,-8321682080993986,6797231240322606,2828942944491136
80898,100000,-2238163296863033,-6866869611768331,8354413502533877,8865879833570836
81457,100000,-1727172817456526,-5705511024827790,3039548514183369,7245353657487387
77032,100000,-7707106845255972,-8606752961971315,6088331189646751,7642213086196820
80857,100000,-8295331451476116,-6255979800083158,4420186082058638,8527061244719632
