elapsed.ps,repeats.n,param.min.vector2,param.max.vector2
30347,100000,1.78976647e+38; -2.26933269e+38,2.43419886e+38; -1.59856369e+38
33969,100000,-1.8590309e+38; -5.43948011e+37,2.83175478e+38; -2.0323303e+38
32354,100000,-5.85384213e+37; 5.00601243e+35,-2.96855806e+37; 3.33537492e+38
28304,100000,7.6241096e+37; 1.64821919e+38,-2.5712037e+38; -2.76432429e+38
28472,100000,-2.08034282e+38; -1.58859783e+38,1.5610245e+38; 2.16897857e+38
32779,100000,-7.38893861e+37; -2.18683561e+38,-1.93214655e+38; -1.06482062e+38
31066,100000,-3.97556398e+37; -9.85936145e+37,-1.8207746e+37; 3.14366214e+38
28577,100000,-1.56051622e+38; 2.78684973e+38,-2.34142286e+38; -2.98197097e+38
28594,100000,2.46638461e+38; 2.06817844e+38,2.7689069e+37; -4.2872032e+36
28669,100000,-1.2064897e+38; 1.90651709e+38,1.27344386e+38; -2.27641592e+38
31587,100000,-1.86841679e+38; 1.50367406e+38,9.99321116e+37; 1.69182596e+38
27726,100000,-1.25282355e+38; 8.82776261e+37,1.93807754e+38; -1.42579965e+38
27885,100000,1.11586275e+37; -9.76573379e+37,1.11798406e+38; -3.03191985e+38
28664,100000,1.68551793e+38; -9.32679101e+37,2.88260724e+38; -2.77464357e+38
27542,100000,2.15882581e+38; 7.35359499e+37,-2.43537119e+38; 2.62680164e+38
31349,100000,-4.07524391e+37; -2.589094e+38,2.08349113e+37; -6.59681012e+37
28421,100000,3.15116947e+38; -2.05215372e+38,-2.22466433e+38; 2.30703566e+38
28454,100000,-2.56354385e+38; -3.18571995e+38,1.24206039e+38; 3.08115824e+38
28919,100000,-5.93428064e+36; 2.75894235e+38,2.52252551e+38; -2.0321362e+38
28233,100000,-3.03732248e+38; 3.08805162e+38,-1.48568194e+38; 9.32406607e+37
30342,100000,-1.25154809e+38; -1.41178896e+38,-2.00902115e+38; 1.77644448e+37
32518,100000,2.70212605e+38; -1.99068483e+38,1.97003775e+38; 3.31173192e+38
29235,100000,9.87873521e+37; -2.37746978e+38,-2.89435284e+37; 1.02727078e+38
28591,100000,1.66186205e+38; 1.28000046e+38,-2.42262861e+37; -1.36320113e+38
31020,100000,-3.57012622e+37; 3.16461549e+38,-2.44610464e+38; 6.60454076e+37
36610,100000,2.39464431e+38; 9.03253888e+37,-2.36882643e+38; -2.6478635e+38
37656,100000,-2.49173438e+38; 1.98746561e+38,2.78201379e+38; -2.33975063e+37
34944,100000,-1.83392696e+38; 1.14595756e+38,-6.64881269e+37; 7.82674963e+37
31811,100000,2.95472521e+37; -1.95460527e+38,-1.72001587e+38; 8.75061871e+36
29470,100000,-1.46898313e+38; 2.98346071e+38,2.65602596e+38; 5.17219953e+37
31537,100000,-7.67821293e+37; 3.22112005e+38,2.66413851e+38; 1.02383778e+38
29069,100000,1.33752705e+38; -7.89791757e+37,-7.74027964e+37; 2.36414383e+38
37568,100000,-1.47366634e+38; 1.38583227e+37,1.6121313e+38; 2.34099632e+38
29893,100000,-2.02889669e+38; 2.67337066e+38,2.82030597e+38; -4.6663537e+37
27754,100000,-7.29146186e+37; -2.21066552e+37,5.6706367e+37; -8.13501944e+37
29555,100000,-1.90540663e+38; 1.66635044e+38,1.89306641e+38; 5.92637405e+37
27829,100000,8.7306716e+36; -1.57995742e+38,2.90023611e+38; -2.06568655e+38
28334,100000,-1.74551614e+38; 1.24470775e+38,2.29412347e+38; -1.06107821e+38
27919,100000,8.48281764e+37; -2.48734486e+38,1.74805509e+38; 1.00035065e+38
37207,100000,2.37204362e+38; 3.19687608e+38,1.88501693e+38; 2.14532178e+38
37978,100000,-1.22452117e+38; 3.18777476e+38,2.26068574e+37; -1.9963201e+38
27640,100000,1.5976163e+38; 3.13168112e+38,-1.36396375e+38; 1.37626098e+38
30869,100000,1.61423064e+38; -2.42485983e+38,-8.39129428e+37; -8.06978411e+37
27983,100000,1.43616751e+38; 2.84089606e+38,-2.26138442e+38; 2.92511857e+38
27853,100000,-4.90928119e+37; -8.28846601e+37,2.77355218e+38; 2.24211471e+38
28059,100000,-1.60290078e+38; -1.250227e+38,1.53981407e+38; -1.78650648e+38
27271,100000,1.42868411e+38; 5.57420077e+35,-3.31034906e+38; -3.15523751e+38
32258,100000,-1.98153442e+38; 2.05965679e+38,1.00262248e+38; 1.58341653e+37
36903,100000,2.31056561e+38; -2.86883366e+38,2.41762023e+38; 3.24422009e+38
28695,100000,3.08042645e+38; -1.72929731e+38,-1.15075388e+36; 3.04241134e+38
37426,100000,1.68605967e+38; -1.35953232e+37,-2.8557584e+38; -2.84772251e+38
35446,100000,-1.8716567e+38; 1.57552744e+38,-4.17558809e+37; -1.57656501e+37
28535,100000,2.8457606e+38; -2.40604688e+38,-2.4622249e+38; 3.39232144e+38
35350,100000,-7.2168018e+37; -1.98756398e+38,-1.38228107e+37; -2.16602829e+38
35899,100000,2.11804356e+38; -6.09154943e+37,1.07113464e+38; 5.8980683e+36
29759,100000,-1.02516425e+38; 7.12024232e+37,-4.67247949e+37; -2.36432941e+38
28189,100000,5.88802661e+37; 2.50376875e+38,3.38205286e+38; -1.00804229e+37
32177,100000,2.45428535e+38; 6.97734361e+37,3.11552455e+38; -3.23096615e+38
28063,100000,-1.28204766e+38; -2.51429613e+38,1.24314631e+38; 2.27291254e+38
29185,100000,1.78700908e+38; 1.60791358e+38,-1.31087029e+38; 2.88077067e+38
28265,100000,1.84206142e+38; -2.79354718e+38,-2.56776908e+38; 3.37495077e+38
27287,100000,-2.93901344e+38; -7.155088e+37,-2.80049513e+38; 2.37264662e+38
30126,100000,2.33832757e+38; -7.51359886e+37,2.39726054e+38; -2.55884806e+38
27803,100000,-3.33427785e+38; 3.2928853e+38,7.94363817e+37; 1.64954363e+38
29235,100000,-1.17103205e+37; 2.60144072e+38,-4.94924292e+36; -1.40473069e+38
30199,100000,2.80426563e+38; -2.81061341e+38,2.0079979e+38; 2.47936881e+38
28285,100000,7.20436361e+37; 1.52928902e+38,-2.06628752e+38; -2.56037878e+38
28414,100000,2.44829549e+37; 3.30171302e+38,-2.09496786e+38; 6.05942159e+37
27899,100000,2.10120875e+38; 2.25695089e+38,-2.51118886e+38; 2.07693842e+38
31494,100000,-1.4737426e+38; 1.72154314e+38,8.85623911e+37; -3.19605809e+38
28511,100000,1.98321381e+38; -1.90051692e+37,-1.93189495e+37; 6.11881305e+37
28073,100000,1.69229388e+38; -8.85304361e+37,-1.15862809e+38; -5.77659911e+37
29615,100000,-2.6046496e+38; -2.1717672e+38,1.04713963e+38; -1.36706037e+38
27638,100000,2.34499095e+38; 1.13751481e+38,-2.89538739e+38; 1.58930741e+38
31073,100000,2.8511831e+38; 2.79209253e+38,-1.00790532e+37; -7.52444311e+36
28251,100000,-5.71191597e+37; -3.09256426e+38,2.5597267e+38; -6.7109149e+37
27808,100000,-1.02370503e+38; 1.35101009e+38,2.71574427e+38; -1.73335237e+38
28805,100000,1.96906622e+38; 1.74553175e+38,1.18216146e+38; 1.3957113e+38
28387,100000,1.71624963e+38; 1.73357385e+38,-2.39377521e+38; 1.77659571e+37
28641,100000,-1.39628377e+38; 1.19684025e+38,-2.68192051e+38; -3.02562358e+38
30382,100000,7.81709064e+37; -2.25452552e+38,-3.01658574e+38; -2.39458955e+38
28733,100000,1.22005275e+38; 3.28574807e+37,2.36680103e+38; 3.03852173e+37
28148,100000,3.45603665e+37; 2.48052409e+38,-2.7258013e+38; 7.4639744e+37
28392,100000,-1.84930001e+38; 2.85821034e+38,-2.63265697e+38; 1.14658246e+38
28440,100000,-2.53656358e+38; 2.07677981e+38,1.24485865e+38; 6.20371167e+37
27932,100000,1.32415719e+38; 1.83750194e+38,4.07807255e+36; -2.56549765e+38
28348,100000,2.76027389e+38; 9.84581179e+37,4.39813049e+37; -7.80619645e+37
28402,100000,-3.03459003e+38; -3.24888733e+37,2.0104395e+38; -1.73467843e+38
30378,100000,1.37059002e+38; -2.07220085e+38,2.5024366e+38; 3.08167281e+38
28399,100000,1.48853884e+37; -2.51601811e+38,-2.07529696e+38; 7.91462621e+37
28300,100000,-2.1843857e+38; 2.16047061e+37,-1.55866099e+38; 1.90591268e+38
28000,100000,-2.4741972e+38; -2.92928295e+38,1.08542491e+38; 2.34970012e+38
29799,100000,1.52498043e+38; -2.11220507e+38,2.39863386e+38; 1.43295163e+38
28295,100000,-2.07935628e+38; 3.0355859e+38,2.81973705e+38; -2.58122159e+38
28506,100000,3.28691375e+38; -2.99482454e+38,-3.04147125e+38; -4.05693549e+37
30966,100000,-1.73811042e+38; 2.8968599e+38,3.00882995e+38; -6.66758926e+36
28048,100000,1.36897351e+38; 2.149072e+38,1.45103107e+38; 9.63367604e+37
29906,100000,-2.40229362e+38; -1.12032678e+38,5.58973067e+37; -2.55145208e+38
28625,100000,-4.6504746e+37; 7.30466368e+37,-4.14656168e+37; -2.95923216e+38
39704,100000,-1.88678332e+38; 2.84353825e+38,3.68505345e+37; 1.7265458e+38
34325,100000,2.30394929e+38; -4.15575392e+37,6.74365121e+37; 5.81853451e+37
29688,100000,1.94988859e+38; 2.33282982e+38,4.31018495e+37; 2.68524358e+38
32669,100000,2.31286117e+38; -9.87292329e+37,6.98094324e+37; 2.49279713e+37
38051,100000,-2.42637021e+37; -2.85474165e+38,-1.17215412e+38; 2.68522979e+38
37102,100000,1.66732552e+38; 2.03927986e+38,4.38831838e+35; -2.58488561e+38
30428,100000,-6.99288298e+37; -5.06503133e+37,-2.88238921e+38; -1.158421e+38
29504,100000,-9.96819788e+37; -7.5874532e+37,2.23234259e+37; -3.31419289e+37
27697,100000,-2.33868839e+38; 2.89603826e+38,1.15769134e+38; -1.85180063e+38
29370,100000,-3.04908668e+38; -1.32102143e+38,-3.25451991e+38; -1.43185121e+38
29433,100000,-1.62024559e+38; -1.70432033e+38,-9.78552359e+36; -2.20123612e+38
30724,100000,-1.84071832e+38; 2.49467107e+38,1.46800663e+38; 1.39830076e+38
27928,100000,6.18066375e+37; 3.33858015e+38,-2.8443316e+37; 1.49695262e+37
28181,100000,8.09722279e+35; -2.36005956e+38,-1.66613596e+38; 2.35126125e+38
27580,100000,3.04701848e+38; 3.16591701e+38,-3.35117025e+38; -1.10218873e+38
27700,100000,2.27147228e+38; -2.8443463e+38,1.82767572e+38; 1.29377161e+38
30334,100000,-1.55812564e+38; 4.71267061e+37,1.44645921e+38; -9.66447082e+37
27976,100000,-1.20016281e+38; 1.92587909e+38,-1.65524065e+38; -3.11475869e+38
28068,100000,2.0975997e+38; 1.97691506e+37,-1.32625946e+38; -3.46130425e+37
27587,100000,-4.29372121e+37; 1.02400968e+38,1.08435563e+38; 2.03256395e+38
42208,100000,4.39820401e+37; -1.66650621e+38,3.52244912e+37; 8.24145899e+37
36615,100000,-1.08265069e+38; 6.383499e+37,-2.64018722e+38; -8.16894329e+37
33487,100000,-2.72603977e+37; -2.85360644e+38,2.68684589e+38; 2.67012588e+38
41320,100000,-2.67077005e+38; -1.38255228e+38,6.5893543e+37; -1.39609109e+38
40916,100000,-2.68331878e+38; 7.07983773e+37,-7.43451623e+37; 3.90834402e+37
37235,100000,-1.02851775e+38; 8.52366033e+37,1.10177903e+38; -3.29714866e+38
28009,100000,2.87639474e+38; 3.92076852e+37,4.40165709e+37; -3.11314056e+38
28493,100000,1.63907831e+38; -2.70998183e+38,-1.58217398e+38; -7.88390546e+37
28742,100000,-2.83730101e+38; 3.09315022e+38,-8.14857215e+37; -7.03788864e+37
28279,100000,5.61925781e+37; -2.65103222e+38,1.90198867e+37; -1.17802202e+38
29022,100000,2.41946268e+38; 4.39922371e+37,-3.24140246e+38; 2.94138891e+38
27377,100000,-1.42166112e+38; 1.37177501e+38,1.49202161e+38; 1.9020795e+38
28428,100000,-3.171331e+38; 1.57549722e+38,-1.01711619e+38; 1.35167525e+38
35713,100000,3.25636703e+38; 3.84429274e+36,-2.90238807e+38; 4.08722093e+37
27249,100000,1.82465181e+38; -2.99256812e+38,8.72857452e+37; 2.22626096e+38
27901,100000,1.65136002e+38; -1.07323153e+38,6.32616671e+37; 1.55921795e+38
27584,100000,-2.27919927e+38; -3.3830108e+38,-1.00003708e+38; -4.28221196e+37
33220,100000,2.70937011e+38; 2.81105516e+38,1.69375462e+38; 1.38074248e+38
31740,100000,-1.11087802e+38; -3.1594378e+38,-3.64846855e+37; -2.99029305e+38
35877,100000,-2.34360728e+38; 2.69986436e+38,1.52637454e+38; 9.11261384e+37
34427,100000,4.6865854e+37; 2.11780544e+38,-1.89950141e+38; 1.85245555e+38
29208,100000,2.46896555e+38; -1.00032591e+38,2.91473052e+38; 2.46659292e+38
28344,100000,2.99973491e+38; 5.78955399e+37,-4.50811186e+37; 3.23917708e+38
31419,100000,1.25795186e+38; 1.33988427e+38,1.26655809e+38; -2.00110229e+38
37229,100000,-3.3536731e+38; 2.61743766e+38,2.09041241e+36; -2.92798853e+38
36372,100000,1.9327532e+38; 1.55344141e+38,1.52716079e+38; 1.03495751e+38
28564,100000,-1.38480393e+38; 8.1061809e+37,-1.63464305e+38; -2.2648235e+38
28677,100000,-3.34023601e+38; -3.47955892e+37,-2.87991049e+38; 1.4046457e+38
36949,100000,-9.87633276e+37; 2.94965278e+38,-2.45955898e+38; -1.65105723e+37
37466,100000,-2.91305925e+38; -2.17225682e+38,-2.47728012e+38; -7.67044527e+37
36606,100000,-1.32660061e+38; -2.68281273e+38,-2.25025587e+38; -2.89754848e+38
28809,100000,3.11780207e+38; -1.25263743e+37,2.89565816e+38; -1.33485383e+38
28142,100000,-2.13521079e+38; -2.66678618e+38,-9.3173891e+37; 2.93102582e+38
27535,100000,-9.97550968e+37; 1.09692605e+38,7.06952463e+37; -1.18233366e+38
28671,100000,-2.65954719e+38; -1.70071516e+37,-1.37126055e+38; 2.07235682e+38
36803,100000,1.20391952e+38; 1.68326506e+38,2.88710467e+38; -1.9271303e+36
29457,100000,1.9799601e+38; 2.57856196e+38,-6.56465591e+37; 2.37641103e+38
28433,100000,-1.88485832e+38; 2.94259714e+38,-2.42535878e+38; -8.19071544e+37
30424,100000,-2.56995877e+37; 9.04051393e+37,-2.32805534e+38; 5.63613632e+37
35563,100000,-8.15631452e+34; -1.77981187e+38,-3.3358404e+38; -1.8330966e+38
31398,100000,-1.79735331e+38; 6.26584024e+37,1.15390289e+38; 2.5039805e+38
29172,100000,-2.79507404e+38; 2.57919092e+38,-2.16948259e+37; -1.65354332e+38
27628,100000,2.86596127e+38; -1.6357307e+38,1.64709037e+38; 1.54117167e+38
27996,100000,1.88797268e+38; 1.45823274e+38,1.43563114e+38; 1.39937217e+37
27965,100000,-2.41925641e+38; -9.12617567e+37,2.94472091e+38; -6.53024984e+37
30802,100000,-3.15834802e+38; -1.78687319e+38,-1.17276918e+38; -1.87349206e+38
30431,100000,2.04178669e+37; 2.39196176e+38,-2.69020608e+38; 8.42339322e+37
28405,100000,3.29084367e+38; -1.43807063e+37,5.47545147e+37; -8.18557639e+37
27349,100000,2.97835969e+38; -2.65467616e+38,-7.19399676e+37; 1.39671518e+37
28605,100000,-2.67175821e+37; 1.37447095e+38,-2.14539845e+38; 2.65928514e+38
28499,100000,-2.97267919e+38; 7.34123235e+37,-3.4007788e+38; 5.06139114e+37
27918,100000,3.99525313e+37; -2.37738946e+38,2.27020625e+38; -1.94937159e+38
27901,100000,2.70838621e+38; -9.85635966e+37,-9.83913685e+37; -1.67959993e+38
34675,100000,-1.21225762e+38; 3.04910412e+38,2.24742039e+38; 2.80605413e+38
32429,100000,2.63484767e+38; 1.52332822e+38,-8.19571607e+37; 1.88855824e+38
27674,100000,-1.94864589e+38; -2.42130737e+38,-1.4093423e+38; 4.29743796e+37
28103,100000,-1.8926855e+38; -3.14499429e+38,1.28123992e+38; 4.89105288e+37
28202,100000,-7.54983085e+37; -2.45434579e+38,-1.47700401e+38; -3.60591402e+37
27389,100000,-1.5464957e+38; 2.9811615e+38,2.65994452e+38; 2.40688961e+38
28364,100000,-5.66913591e+35; -2.16262551e+38,-5.43350237e+37; 6.16117552e+36
30392,100000,1.39591118e+38; -2.04504838e+38,1.99500601e+36; -2.79752761e+38
28285,100000,5.51701063e+37; 1.32113897e+38,-2.43550951e+38; -2.72267233e+38
28557,100000,3.17555927e+38; -1.87381901e+38,-7.07761173e+37; -2.25110793e+38
29176,100000,1.22040496e+38; 1.29466697e+38,-1.7144731e+38; -7.56622512e+37
28360,100000,1.30501486e+37; -6.27073337e+37,1.84250723e+38; 2.48816346e+38
29358,100000,2.57232025e+38; 2.01259957e+38,-3.35266608e+38; 9.78249416e+37
28404,100000,1.90400532e+38; -5.83384063e+37,2.27946659e+38; -2.40462508e+38
27529,100000,2.25819258e+38; 1.01015791e+38,-3.08266502e+38; -3.35148139e+38
29002,100000,2.0040481e+38; -1.96163799e+38,-1.29545535e+38; -5.06594657e+37
28961,100000,-3.31736211e+38; -5.73411481e+36,-2.0929818e+38; -3.16737735e+38
29163,100000,9.11998852e+37; 1.61208232e+38,1.56429697e+38; 2.74971345e+38
34410,100000,1.95112785e+38; -2.76154641e+38,2.85452746e+38; -3.31844743e+38
27682,100000,-2.22015576e+38; 2.84657777e+38,-1.47007361e+38; -2.55630648e+38
28208,100000,3.04413899e+38; 3.18079964e+38,2.69289235e+36; -4.8172675e+37
27513,100000,-2.37574334e+38; -1.17666594e+38,-1.05524621e+38; -1.92658005e+38
31461,100000,-2.55682956e+38; -1.321714e+37,-2.22678303e+38; 2.18252986e+38
32250,100000,-2.9469465e+38; 1.65455693e+38,1.47397164e+37; 2.1292285e+38
27667,100000,2.95159745e+38; -2.3194341e+38,3.3145964e+38; -3.3318973e+38
27541,100000,-2.3681853e+38; -1.19134432e+38,-2.86720215e+38; 2.60030389e+38
28335,100000,-1.09521077e+38; -3.2389631e+38,-3.36506614e+38; -1.73204862e+38
28526,100000,-9.48127414e+36; 2.17116076e+38,1.37403346e+38; 1.4586896e+38
27951,100000,1.53062776e+38; -1.45798479e+38,1.56131586e+38; -1.82422487e+38
29575,100000,3.38901317e+38; -2.47760748e+38,5.52409071e+37; -2.04943405e+38
28259,100000,-1.82029657e+37; 2.9263207e+37,1.98332922e+38; 4.31844395e+37
32833,100000,-2.13855293e+38; 1.45837839e+37,2.05194278e+38; 2.59593648e+38
28367,100000,-1.11130223e+38; 2.12542879e+38,2.72807455e+38; 1.14327613e+38
27673,100000,1.07131079e+38; 1.29075257e+38,-3.40801323e+37; -6.15571892e+37
27821,100000,2.98418561e+38; 9.72306265e+37,3.60774882e+37; 2.49408613e+38
27612,100000,1.92498118e+37; 3.06383767e+38,3.18715107e+38; 1.02625017e+38
27395,100000,2.7226991e+38; -4.77245504e+37,3.81666068e+37; 1.81451933e+38
35265,100000,-3.14243136e+36; -2.02991872e+38,7.08488704e+37; 1.22503411e+38
27862,100000,2.65897218e+38; 2.17523935e+38,-4.94725696e+37; 1.52759909e+38
28987,100000,9.06306695e+37; 3.2316738e+38,-8.22514838e+37; -1.52468666e+37
28264,100000,-7.54242727e+37; -2.01089402e+38,1.35799018e+38; -8.23204846e+37
34193,100000,-2.5816029e+38; -2.27709112e+38,1.71582735e+38; 1.91177389e+38
29278,100000,7.58607045e+37; 1.99001125e+38,-5.59571652e+37; 2.99491561e+38
28711,100000,-1.01994153e+37; 1.83467842e+38,-1.95838368e+38; 1.30213607e+38
28484,100000,3.19323093e+38; 9.23292301e+37,2.51588931e+38; -3.03418438e+38
28844,100000,-6.26255499e+37; -8.85354459e+37,-2.93821573e+38; 1.31551617e+38
37170,100000,-4.49461391e+37; -2.79160393e+38,2.72451803e+38; -3.07136731e+38
31547,100000,1.7875565e+38; 2.80942932e+38,-2.81877992e+38; 1.27367803e+38
27982,100000,-2.63992193e+38; 1.43201083e+38,-1.43282791e+38; 3.10180574e+38
27994,100000,2.294003e+38; 3.24104853e+38,-2.91327425e+38; -1.37397201e+38
27315,100000,2.74522313e+38; -1.732464e+38,1.74741944e+38; -8.74406521e+37
27537,100000,2.40219647e+38; -9.66805067e+37,2.15359092e+38; -2.896896e+38
29148,100000,-1.10722556e+38; -8.49520043e+36,-3.1825206e+38; -3.07380567e+38
28277,100000,-1.70077626e+37; -2.75332473e+38,3.35736937e+38; -1.71630642e+38
27518,100000,4.68462257e+37; -1.35129262e+38,-3.37962566e+38; -6.97717781e+37
27522,100000,-1.46028502e+38; 3.174721e+38,1.50848677e+38; -8.14351929e+37
28424,100000,-1.93473621e+38; 4.985899e+37,-1.15558015e+38; 7.66985252e+37
29803,100000,1.35603384e+38; 4.87252997e+37,-5.79943203e+37; -1.96782392e+38
30002,100000,1.94172573e+38; 2.50952652e+38,1.10604918e+38; 6.95422065e+37
27728,100000,-1.11605835e+38; 1.81821598e+37,-7.50198059e+37; 9.80656026e+37
28002,100000,2.94858734e+38; -1.77979726e+38,8.59274424e+37; -1.93640769e+38
28941,100000,2.11284254e+38; -3.25328532e+38,2.53668669e+38; -4.15018158e+37
32398,100000,3.36301031e+38; 5.35536642e+37,2.17099322e+38; -5.49500168e+37
44161,100000,-6.6096002e+37; -2.80740068e+38,-1.54123171e+38; 7.95532845e+37
28907,100000,-7.67418687e+37; -1.82803248e+38,-1.23405431e+38; -2.84253001e+38
29863,100000,-1.86468483e+38; -1.75574456e+38,-1.52405443e+38; -1.30865271e+38
30147,100000,-6.90109392e+37; -1.26934347e+38,-2.93217684e+38; -9.10671064e+37
29015,100000,3.27076612e+38; 4.12531915e+37,7.83981366e+36; 7.31858654e+37
28379,100000,9.67214049e+36; 2.77625602e+38,-1.71027008e+37; 1.89111017e+38
27916,100000,1.86446633e+37; -1.75238308e+37,2.63275372e+38; -1.16521054e+38
28648,100000,-3.21478829e+38; 2.78067728e+37,-4.29544674e+37; 2.25445007e+38
28495,100000,1.85750648e+38; -3.10183291e+38,2.58182094e+38; -2.86648678e+38
27718,100000,-4.31996868e+37; 1.06422929e+38,-9.49141623e+37; -1.36918039e+38
27912,100000,3.9191297e+37; -7.60781978e+37,3.15822511e+38; -1.22002497e+38
28249,100000,1.35097043e+38; 2.22376258e+38,-2.22562065e+38; 6.41149329e+37
30278,100000,2.14531245e+38; -2.82730969e+38,2.44142954e+38; -3.3395529e+38
29640,100000,3.25618164e+38; 2.25456385e+38,-1.48410316e+38; -7.69411687e+37
35681,100000,-3.35096997e+37; -1.09426622e+38,3.1969203e+38; -2.91563208e+38
37473,100000,3.01532945e+38; 2.48324153e+38,-2.41869641e+38; 8.27073918e+37
36139,100000,2.23623707e+38; 2.39103688e+38,-6.93695982e+37; 9.0911084e+37
31267,100000,1.82555296e+38; 2.01502474e+38,-3.22746094e+38; -2.51264352e+38
27814,100000,-1.20201571e+38; -1.09474914e+38,-1.70133567e+38; 3.29350209e+38
27579,100000,1.97634334e+38; -8.51097672e+37,5.45338065e+37; 2.4578514e+38
28106,100000,-7.37869295e+37; -3.41905497e+37,1.0964622e+38; -2.03887564e+38
29115,100000,2.9535255e+38; 3.14298937e+38,1.33705985e+38; 1.99680728e+37
28987,100000,1.66979348e+38; 2.4730626e+38,-1.75589079e+38; -1.00724981e+38
27694,100000,-2.46925458e+38; -2.24839556e+38,2.31229773e+38; 2.8889603e+38
28246,100000,1.5368285e+38; 3.55669166e+37,-1.90229044e+38; 1.35766109e+38
28101,100000,1.36920077e+38; -6.36307512e+37,1.38068366e+38; 9.4553825e+37
27487,100000,-1.44451686e+38; 2.51545973e+38,2.65930785e+38; -8.05744429e+37
30827,100000,-9.73340667e+37; 7.07277387e+37,-1.54170054e+38; -6.93449297e+37
28533,100000,7.79784111e+37; -2.00599866e+38,-9.36912141e+37; 5.4969995e+37
28165,100000,-2.50892535e+38; 2.43383236e+38,3.39312198e+38; -2.31089946e+38
27683,100000,-2.99229614e+38; 2.5140286e+38,2.9966023e+38; 1.9018008e+37
27562,100000,-5.43851416e+37; -1.07325131e+37,-4.86630479e+37; 3.36811073e+38
31948,100000,1.17001696e+38; -2.25042989e+38,6.29365198e+37; -3.62209812e+37
28597,100000,-3.39678032e+38; -1.08717174e+38,6.94487553e+37; 1.24968404e+38
28848,100000,1.97196295e+38; -1.70999799e+38,-1.31628173e+38; 1.2939008e+38
27777,100000,-1.48277993e+38; -7.36370755e+36,4.65972591e+37; -5.98614175e+37
27567,100000,-9.5766845e+37; 2.59390009e+36,1.77146606e+38; -1.31737506e+38
30165,100000,-2.12347499e+38; -2.53386744e+38,1.20370351e+38; 7.35426177e+37
27531,100000,1.10376964e+38; 9.2799498e+37,1.36081937e+38; -3.02545686e+38
27784,100000,-3.97679233e+37; 2.91782542e+38,-1.13084169e+38; 2.35014613e+37
27437,100000,-2.32405869e+38; 2.55173462e+38,-2.67921585e+38; 3.38008739e+37
27444,100000,-2.58405626e+38; -1.76267982e+37,-3.34925762e+38; -1.81162442e+38
33516,100000,1.8531415e+38; 3.72705027e+36,-1.77426747e+38; -1.51191521e+38
38053,100000,-2.22665708e+38; 1.11200379e+38,2.76109736e+38; 8.58326728e+37
30548,100000,-2.97906187e+38; 1.73583129e+38,-9.5358446e+36; -2.77438274e+38
37650,100000,3.40117897e+38; -3.03629477e+38,8.78562489e+37; -2.93296157e+38
27829,100000,-2.2760198e+38; -6.24737868e+37,2.41697301e+38; 1.17261965e+37
27709,100000,-1.46619825e+38; 3.28221919e+38,9.00650438e+37; -1.29055441e+38
27833,100000,2.14170989e+38; -1.61640633e+38,-1.98305682e+38; 2.79013117e+37
33291,100000,-3.26769759e+38; 2.95857623e+38,2.58656276e+38; -1.0820481e+38
32922,100000,2.89623398e+38; 3.33604728e+38,2.25316457e+38; -1.05603601e+38
27642,100000,-9.47325232e+37; 2.05554555e+38,2.17055021e+37; 1.14310149e+38
27813,100000,1.47185177e+38; 5.73256042e+37,1.84535975e+38; 8.18897319e+37
28092,100000,-8.65029659e+37; -1.0153503e+38,2.44834686e+38; -1.89327572e+38
30557,100000,2.76311688e+38; -2.03716238e+38,2.6723034e+38; -5.43461588e+36
30480,100000,3.23539927e+38; -2.72660616e+36,-1.49600802e+38; -1.12889164e+38
29537,100000,-1.00853116e+38; 2.24104147e+37,2.51547616e+38; -7.36170593e+37
28054,100000,-7.15241783e+37; 2.39673355e+37,5.56915924e+37; -2.82087271e+37
29403,100000,-3.37846733e+38; 2.50971874e+37,1.77877016e+38; 1.72499825e+38
29929,100000,2.87746018e+38; 1.85290739e+37,2.60714697e+38; -3.34411705e+38
28605,100000,-3.03950629e+38; -2.72899091e+38,-2.17593564e+38; 1.35456833e+37
29322,100000,1.70257645e+38; -1.46976532e+38,1.09293095e+37; -2.15666938e+38
29660,100000,1.03624281e+38; -8.79578232e+37,3.12409266e+38; -1.16555199e+38
27417,100000,-5.16270989e+37; -3.09599706e+38,2.63333542e+38; -1.86813953e+38
34892,100000,-1.60830138e+38; -2.12609831e+38,2.06531092e+38; -3.13185818e+38
27410,100000,-3.31469701e+38; -1.37569155e+38,-2.82080674e+38; 1.39835968e+38
28063,100000,1.07163622e+38; 1.62487565e+38,-5.10401818e+37; 1.02719371e+38
27615,100000,8.54062035e+36; 1.81721912e+38,5.73270037e+37; 2.94571454e+38
37356,100000,2.75577545e+38; -7.46229844e+36,-2.44815925e+38; 1.73032887e+38
27488,100000,-5.51012779e+37; -1.88804773e+38,3.39094954e+38; 3.05829327e+38
27529,100000,3.39409229e+38; -1.31192416e+38,2.5422678e+38; -2.55575337e+38
27772,100000,-7.53320587e+37; 1.62308588e+37,2.89677349e+38; -1.93599311e+38
29180,100000,2.49114721e+38; -1.58006634e+38,1.18383121e+38; 1.81967228e+38
36683,100000,1.61213972e+38; 3.26354822e+38,2.90275599e+38; -4.19330896e+36
28824,100000,-3.48433644e+37; 1.79664931e+38,5.49713133e+37; -1.85059443e+38
28723,100000,-1.19496179e+38; -2.95988688e+38,-1.59045641e+38; -3.8907399e+37
31033,100000,-1.29678337e+37; -2.61184316e+38,1.99909088e+38; 2.79731626e+38
27974,100000,3.27680764e+38; 1.13943738e+38,-2.56248247e+38; -2.82471141e+37
29777,100000,3.60320835e+37; -8.83699516e+37,-1.67769064e+38; -9.55353339e+36
28348,100000,-1.86314886e+37; -2.19051383e+38,-1.22341446e+38; -2.66374666e+38
33469,100000,2.62759833e+38; -3.29942151e+38,3.38523862e+38; -2.99365993e+38
30459,100000,2.94555918e+38; 1.14255164e+38,1.37324437e+38; -1.95051471e+38
28845,100000,-1.00031566e+38; -1.65887952e+38,2.77547069e+38; -1.36204747e+38
28199,100000,-1.89737439e+38; -5.84677117e+37,-1.62084219e+38; 2.07104901e+38
28594,100000,-3.39961398e+38; -7.41762605e+37,-1.43445141e+38; 2.64514383e+38
28159,100000,-7.51903455e+37; 2.31429879e+38,-1.18393242e+38; 7.17038753e+37
32367,100000,-2.41521027e+38; 1.02734106e+38,-7.75255937e+36; -2.07390092e+38
34707,100000,-2.8160566e+38; -2.11427265e+38,2.88429312e+38; 1.02928817e+38
27919,100000,-2.76982924e+37; -2.29737211e+38,-6.9333247e+37; 3.03991254e+38
27768,100000,2.5301803e+38; -2.42616243e+35,3.31064499e+38; -3.46555975e+37
27895,100000,-3.33577651e+38; 6.97286171e+37,2.39578337e+38; -1.03626512e+38
36628,100000,-3.31346627e+38; 2.79498358e+38,-1.03586748e+38; -1.83072619e+38
29129,100000,9.20379341e+37; -2.53105183e+38,1.29467514e+37; -9.91596801e+36
27720,100000,2.15500196e+38; 1.33245554e+38,-9.80114688e+37; -2.98764619e+38
36992,100000,2.42692052e+38; 5.79245437e+37,7.14440932e+37; 2.92136571e+38
27643,100000,-9.19691463e+37; 6.16660867e+36,2.98790459e+38; 2.15514014e+37
33079,100000,1.47696545e+37; -2.29342657e+38,1.95744095e+38; -1.18017054e+38
27945,100000,3.3972452e+38; -8.60585618e+36,9.38157279e+37; 2.97926773e+38
28078,100000,2.89610017e+37; 1.54753153e+38,-2.63506206e+38; 3.18170443e+38
28469,100000,8.71084668e+37; 2.44320507e+38,-2.85677354e+38; 2.41640267e+38
28205,100000,-2.09847327e+38; -8.51946998e+37,-6.33426092e+37; 2.94786245e+38
28652,100000,1.60676103e+38; 6.60964584e+37,-1.7127067e+38; -2.79492639e+38
27999,100000,-1.48980241e+38; 4.57083825e+37,1.50437806e+38; 1.34454142e+38
31883,100000,7.13848533e+37; 2.5953422e+38,-3.36250386e+38; 1.99299541e+38
28145,100000,2.85997978e+38; 7.61248879e+37,9.26465078e+37; -3.05714509e+38
36681,100000,1.69400957e+38; -2.43270365e+38,-2.1860523e+38; -1.17099965e+38
29075,100000,2.20056944e+38; -2.10891059e+38,-2.0858286e+38; 2.89868856e+38
27468,100000,5.24588451e+37; -2.31264354e+38,-1.6250296e+38; 1.83019783e+38
27326,100000,3.27669892e+38; -1.27518919e+37,4.13543627e+37; -2.0703801e+38
32119,100000,3.04041778e+38; 2.13938451e+38,9.16514325e+37; -2.25777476e+38
34135,100000,-2.43070846e+38; -1.47271134e+38,7.30740434e+37; 1.27045647e+38
27897,100000,1.80986086e+38; -2.25057045e+38,5.92691407e+37; 2.29464554e+38
27473,100000,6.78052362e+37; -2.87982612e+38,2.04157664e+38; 2.85920849e+37
27594,100000,1.04131564e+38; 3.24778513e+38,-9.5699913e+37; 7.29424207e+37
29890,100000,2.00830112e+38; 8.85114924e+37,-3.0165758e+38; -2.60586168e+38
32543,100000,1.63763045e+38; -8.35396653e+37,-3.0119644e+38; -2.59806917e+38
28209,100000,8.76799846e+37; 1.65867893e+38,-1.02728052e+38; 1.30333192e+38
28337,100000,-2.91959039e+38; 6.18361788e+37,-1.61049824e+37; 2.14454922e+38
27709,100000,7.86710656e+37; 2.99149153e+38,-6.66323551e+37; 5.72576632e+37
31449,100000,-5.48607083e+37; 2.27240162e+38,1.07478507e+38; -2.02843993e+38
30669,100000,1.35233334e+37; 2.08941088e+38,-1.1000534e+38; 3.04006223e+38
28297,100000,7.35234496e+36; -2.91973241e+36,-1.80257522e+38; 9.42353709e+37
38083,100000,-2.83405724e+38; -1.87057666e+38,-1.6379928e+38; -3.28505203e+38
27059,100000,5.10370938e+37; 2.44803897e+38,3.36188849e+38; -2.76031324e+38
31841,100000,-2.02753995e+37; -1.69683693e+38,1.59612138e+38; 1.66013287e+38
32370,100000,-1.80955399e+38; -3.85008356e+37,-1.01103421e+38; -2.63028819e+38
27904,100000,-2.65872068e+38; -3.08095866e+38,-1.18123952e+38; 1.5423732e+38
27249,100000,2.76840328e+38; 6.10064761e+37,8.07731877e+36; 3.11201063e+38
28305,100000,-9.95860632e+37; -1.30316368e+38,-3.31750064e+38; -2.44652814e+38
27843,100000,-7.79635847e+37; -3.25320743e+38,-1.45110791e+37; -9.99195263e+37
32983,100000,4.8853089e+37; -2.69084781e+38,-1.51010936e+38; -4.41738509e+37
27896,100000,2.54341072e+38; -1.84712878e+38,-1.00352972e+38; 2.09179488e+38
27958,100000,-1.93792664e+38; -2.17932666e+38,2.68614351e+38; 1.87114761e+38
29577,100000,-1.67701108e+38; -3.15993877e+38,-1.4305795e+38; 2.93734541e+38
28809,100000,-1.02746549e+38; -2.38702806e+38,2.86920544e+38; -1.28590061e+38
27568,100000,6.93568405e+37; 2.74748482e+38,3.18809136e+38; -2.90304684e+38
27683,100000,3.13869173e+38; 2.72739144e+38,1.85425825e+38; -3.27752523e+38
28358,100000,-2.1473557e+38; 2.50487961e+38,1.2150147e+38; 1.58535122e+38
30941,100000,3.18064711e+38; 1.75481968e+38,4.22907863e+37; 2.69388672e+38
28755,100000,2.14561648e+38; 2.02019432e+38,-1.48210899e+38; -1.2974127e+38
40802,100000,2.51328606e+38; 2.2809253e+38,1.12469891e+37; -3.2602722e+38
42338,100000,-1.55288841e+38; -2.78931932e+38,1.55142775e+37; -1.58739691e+38
42282,100000,-3.76400831e+37; 2.15276948e+38,1.56446277e+38; 2.5666931e+38
32104,100000,1.23141445e+38; -1.04082126e+38,1.24529421e+38; 3.21236353e+38
28465,100000,2.21166899e+38; -3.27498425e+38,-3.05080582e+38; 1.1970521e+38
33126,100000,1.24083594e+38; -9.67313648e+37,-1.3020378e+38; 2.58512109e+38
34499,100000,6.06747523e+37; -1.29826862e+38,3.09421464e+38; 3.1619088e+38
27636,100000,-3.24723152e+36; -2.5042501e+37,-1.98461999e+38; -2.24812966e+37
27271,100000,-1.30278835e+38; 9.59158294e+37,-1.78973869e+38; -7.19822058e+37
27494,100000,-3.35065244e+38; 2.70902369e+38,4.10467876e+37; 3.13372376e+38
37030,100000,3.32883912e+38; -1.4109799e+38,-3.88703785e+37; 2.90828254e+38
27861,100000,-1.71718222e+38; 8.74266674e+37,-6.32122947e+37; -1.975457e+38
27554,100000,8.62405115e+37; 2.15113816e+38,1.79050212e+38; 4.16568191e+37
27439,100000,1.14465523e+38; -1.37160231e+38,2.44966785e+37; -1.4796609e+38
41236,100000,2.15502752e+38; -3.09002044e+38,4.15198139e+37; 1.68940424e+38
42199,100000,-2.16400431e+38; 1.10124773e+38,2.13387114e+38; -7.57951923e+37
30212,100000,-2.92489424e+38; 1.01397526e+38,-4.83548313e+37; -3.12605559e+38
41673,100000,-2.8077473e+38; 4.13909395e+37,-2.99341573e+38; 1.60335642e+38
40977,100000,3.25652361e+38; 3.2073704e+38,7.22450607e+37; -7.73358238e+37
41910,100000,3.89635483e+37; 2.62351954e+38,-4.08671158e+37; -1.33784384e+37
28875,100000,5.42950598e+36; -3.28076616e+38,2.50031019e+38; -1.58362448e+38
27858,100000,-1.44594931e+38; 2.27192356e+38,-1.76870542e+38; 3.36577318e+38
27336,100000,2.95619223e+38; 2.96566898e+38,-6.02689976e+37; -6.94953035e+37
27928,100000,-1.80904166e+38; -1.7128215e+38,-2.65991962e+37; 2.85968305e+38
28322,100000,2.31643798e+38; 3.87087252e+37,-2.69499374e+38; 8.86641277e+37
27746,100000,-2.82174703e+38; -3.28142412e+38,-1.41621905e+38; -3.17623325e+38
28026,100000,2.08217757e+38; -1.14930692e+37,2.59770247e+38; -2.47930634e+38
38976,100000,2.44221204e+37; 3.12795057e+38,-1.6298846e+38; -1.63549512e+38
28126,100000,-2.07182887e+38; 2.41043985e+38,-7.13436699e+37; 1.94056708e+37
28019,100000,6.69175208e+37; 6.8913609e+37,2.11216815e+38; 1.18766469e+38
27812,100000,2.06287378e+38; -3.22535264e+37,1.79389962e+38; 1.69308733e+37
31144,100000,-1.88933769e+38; -2.08337666e+38,2.17248439e+38; 1.05079726e+38
35260,100000,1.0249092e+38; -2.44624702e+38,-2.00314594e+38; 2.47000949e+38
27880,100000,-1.27501895e+37; 1.68386441e+38,-2.21830159e+37; 3.14950651e+38
30247,100000,1.2581057e+38; 1.88399409e+38,1.50011541e+37; 2.0977953e+37
28944,100000,1.65028313e+38; 2.25245326e+38,-2.22674673e+38; 4.59117644e+37
28358,100000,-1.26293058e+38; -1.52438128e+38,3.24345626e+38; -2.10592441e+38
28968,100000,1.228674e+38; -1.87030711e+38,1.18327111e+38; 2.02364253e+38
28799,100000,-4.22273709e+37; -1.82410317e+38,-1.42644488e+37; 1.18063815e+38
28636,100000,5.05364005e+35; 2.14988451e+38,-1.78889859e+38; -2.65663646e+38
28423,100000,-1.25569513e+38; -1.93495344e+38,7.37973851e+37; -1.76716883e+38
28020,100000,-1.39734647e+38; 2.68789145e+38,2.52698359e+38; -3.01852089e+38
28845,100000,-3.33945067e+38; -1.89644181e+38,-1.93784875e+38; 2.87491514e+38
28678,100000,3.25700734e+38; -3.78902919e+36,-3.15267098e+38; -1.21244898e+38
28721,100000,-1.9258229e+38; 2.27954793e+38,-1.46437162e+38; 1.57153799e+38
28753,100000,-2.1102018e+37; -3.21930295e+38,-1.70419519e+38; 2.99893193e+38
36406,100000,1.78512241e+38; 1.88453172e+37,-3.01551691e+37; 3.07551202e+38
27496,100000,-2.55201675e+38; -1.36201877e+38,-1.65492496e+38; 2.32878956e+38
27384,100000,2.10611162e+38; -9.35577153e+37,-3.13910488e+38; 1.96808313e+38
27634,100000,2.65474816e+38; -2.27674662e+37,1.01363543e+38; -1.29241836e+38
33728,100000,2.82254555e+38; 2.59498726e+38,2.02565942e+38; -2.73796669e+38
30331,100000,3.12941841e+38; 5.68598338e+37,1.78895784e+37; -1.97263024e+38
27952,100000,-1.38277356e+38; 2.46902376e+38,2.02919829e+37; 5.13138371e+37
29354,100000,1.6847976e+38; 2.00502916e+38,3.05386948e+38; 1.44927542e+38
34489,100000,-8.29997881e+37; -2.18213679e+38,2.71235913e+38; 1.61586966e+38
28029,100000,1.09940487e+38; 2.71433444e+38,-1.69449229e+38; -5.68761485e+36
28307,100000,-5.15185272e+37; -2.37529712e+38,2.84479211e+38; -3.0182635e+38
28079,100000,-1.7949468e+38; 1.24846902e+38,1.45244556e+38; 2.97521429e+38
35102,100000,-1.76370114e+38; -2.55482687e+38,1.12097531e+37; -1.98303046e+38
27718,100000,2.21753507e+38; 2.09594263e+38,1.87105371e+38; 4.01463804e+37
27832,100000,3.39061467e+38; 1.43965791e+38,2.13240107e+38; 1.40397608e+38
27909,100000,-1.05118567e+38; -2.22324578e+38,9.03546564e+37; 6.14452455e+37
27698,100000,1.18035481e+38; -3.29972341e+37,2.35688617e+38; 3.4851331e+36
28505,100000,-1.95794193e+38; -1.11520842e+38,-1.3376883e+38; -1.15608518e+38
32573,100000,-8.76989081e+37; -2.29106448e+38,2.39684054e+37; 4.29969178e+36
34020,100000,-1.09393081e+36; 2.04060025e+38,1.43125338e+38; -4.93340052e+37
28363,100000,-1.88849167e+36; -1.06133144e+38,2.34185747e+37; 1.60965644e+38
29243,100000,-2.41757844e+38; -2.80940701e+38,2.19550736e+38; -6.60097663e+37
28628,100000,2.45319841e+38; -3.18663671e+38,7.19491606e+37; -4.28533393e+37
34676,100000,9.60796301e+37; 2.29569353e+38,2.31127245e+38; 2.62615747e+38
31340,100000,-2.34537043e+38; -2.27199354e+38,-1.89745613e+38; 1.64820894e+38
29005,100000,-2.83842714e+37; -2.29774023e+38,1.82303652e+38; -3.20463877e+38
28584,100000,1.73264269e+38; -2.79385142e+38,2.88713712e+38; -3.85591399e+37
28527,100000,-2.16966493e+38; 3.0302066e+38,5.88462981e+37; 5.80106831e+37
36085,100000,1.52913589e+38; 1.90634145e+38,-1.42446456e+38; 7.29348351e+37
29016,100000,1.08210986e+38; -5.28038945e+37,1.09443821e+38; -6.94938178e+37
29860,100000,-1.37771289e+38; -8.92661096e+37,1.27899638e+38; 2.17112709e+38
28234,100000,-9.36134412e+37; 5.24679265e+37,-2.82362701e+38; -9.4880079e+36
27629,100000,-2.18536554e+38; -6.87625203e+37,-3.36057196e+38; 3.42799901e+37
32527,100000,3.36759394e+38; -2.90738018e+38,-1.30156086e+38; -2.23976601e+38
37788,100000,5.07327309e+37; -3.14402093e+38,8.64942141e+37; 1.19620652e+38
37424,100000,-1.80691842e+37; 2.58847843e+38,-4.107066e+37; -2.39091316e+38
30324,100000,1.5787779e+38; -2.16049951e+38,-2.99459231e+38; 3.30532694e+38
29891,100000,5.24672724e+37; -2.3593087e+38,2.46217323e+37; 1.8775798e+37
29280,100000,2.35903773e+38; 1.37504677e+38,-1.05673372e+38; -1.39493631e+38
35780,100000,-1.47847154e+37; -3.05909828e+38,-1.70439233e+38; -1.63559785e+38
29484,100000,-1.00529205e+38; 3.27876043e+38,-7.32902336e+37; -6.33756188e+37
30565,100000,2.87488796e+38; 4.3838968e+37,-5.20511661e+36; 2.42254662e+38
28502,100000,-2.0326822e+38; -2.19556638e+38,-1.68146591e+38; -3.02479931e+38
29197,100000,-3.14191136e+38; 3.39939229e+38,-2.75847119e+38; -2.05134932e+38
29055,100000,1.18661335e+38; 2.80710131e+38,-3.29162049e+38; -3.29515632e+37
27764,100000,1.85789853e+38; -9.1575485e+37,3.13917912e+38; 3.34711621e+38
29260,100000,-1.39342912e+38; -2.67821765e+37,2.47056102e+37; 8.17167837e+37
28828,100000,1.90098393e+37; 3.28963058e+38,-2.41350006e+38; 2.49342898e+38
39152,100000,1.04040729e+38; -1.90882077e+38,-1.87025884e+38; -1.92204074e+37
42219,100000,-2.49937233e+38; 3.33097962e+37,-3.91474084e+37; -4.05185449e+37
42850,100000,-5.54303854e+37; -1.40329814e+38,-2.89779573e+38; 4.57918091e+37
36561,100000,-1.20035255e+38; -3.04058115e+37,-1.76479416e+38; 1.53996203e+38
41550,100000,1.94498045e+38; -1.23398778e+38,2.72902331e+37; -3.15143476e+38
41014,100000,5.39455508e+37; 3.07762931e+38,-3.01982789e+38; -9.41897545e+36
41602,100000,-4.5891482e+37; -2.1479374e+38,3.08652395e+38; 1.73289318e+38
28904,100000,7.58838568e+37; -3.10103967e+38,2.81872347e+36; 2.32669986e+38
27923,100000,-5.28149535e+37; 1.06013024e+37,3.76147031e+35; -5.23309138e+37
27548,100000,-2.47267662e+38; 3.07126509e+38,3.13719387e+38; -2.41071204e+38
32146,100000,-2.62686512e+38; -3.33790252e+38,3.51396961e+36; -1.09103249e+38
28390,100000,-3.09385584e+38; 1.57368985e+38,2.61228268e+38; -3.47901408e+37
33427,100000,-8.46485351e+37; -2.56378703e+38,-2.92706142e+38; 8.37060825e+37
30936,100000,4.0047093e+37; 1.24625915e+38,6.64607812e+37; -3.16264343e+38
40381,100000,-2.40327509e+38; 2.52465172e+38,-1.0543621e+38; 1.1964632e+38
30554,100000,2.5050151e+38; -7.97361253e+37,-2.67569766e+38; 1.01167533e+38
33268,100000,-1.65093338e+38; 2.91911213e+38,2.35932331e+38; -3.59869146e+37
32795,100000,-1.08620041e+38; -3.69058497e+37,1.6745419e+38; 6.83922395e+37
28263,100000,-1.36832467e+38; -4.04165751e+37,-1.20908839e+38; -7.18784359e+37
28386,100000,-2.13033693e+38; 2.25690789e+38,1.06196638e+38; -3.21538743e+38
28879,100000,-2.09137097e+38; 1.97760876e+38,-1.33686889e+38; 2.95937616e+38
28577,100000,3.15485134e+38; -7.99762082e+37,6.99607696e+37; 3.09369419e+38
27961,100000,8.07185013e+36; -3.11148415e+37,1.99438577e+38; 8.3194555e+37
27690,100000,1.23862576e+38; 2.0687429e+38,-3.23131095e+38; -3.1178404e+38
27966,100000,9.7501569e+37; 1.23791659e+38,3.11093546e+38; 2.04013233e+38
28156,100000,-7.75830664e+37; 1.25422892e+38,-2.18980333e+38; 9.4784791e+37
27785,100000,2.12751646e+38; 1.6780036e+38,8.42298301e+37; 2.96654985e+38
27972,100000,-9.6924139e+37; -3.17644338e+38,-8.99766024e+37; 2.92324183e+38
27771,100000,5.43436843e+37; 8.40944006e+36,2.89998653e+37; 2.88783433e+37
27600,100000,5.59819047e+37; 1.00026309e+37,4.61860231e+37; 9.98219274e+37
34576,100000,1.52254055e+38; 7.69526384e+37,-2.57188316e+38; -1.67237178e+38
34417,100000,1.66001057e+38; -1.43334308e+38,1.28601369e+38; 1.69826603e+38
27709,100000,-1.63334772e+38; 1.13577194e+38,3.38952023e+38; 1.07877614e+38
29034,100000,-1.76464772e+38; -3.22186279e+38,2.30972551e+38; -8.27177764e+37
29864,100000,1.12831582e+38; -2.03597809e+38,1.78460399e+38; -4.2821288e+37
34509,100000,1.21272117e+38; 2.71374604e+38,-2.9103911e+38; -3.09123617e+38
29695,100000,1.46203721e+38; -1.3729879e+38,-8.38683874e+37; 1.26677268e+38
28453,100000,-2.88544029e+38; 9.52362875e+37,-1.40497965e+38; -1.45673448e+38
28771,100000,-1.67367376e+37; 1.98722952e+38,-2.4093732e+38; 2.0458684e+38
33117,100000,-3.87085579e+37; 7.61509001e+37,-2.87136065e+38; 1.55222941e+37
29855,100000,1.07706937e+38; -9.61155706e+37,2.93456449e+38; 2.10217663e+38
36938,100000,-1.35147699e+38; -1.97798805e+38,-1.1725838e+38; -1.76936663e+38
29597,100000,1.72626286e+38; 6.10288426e+37,3.24984116e+38; -9.0908934e+37
28122,100000,3.35477266e+37; -2.67790135e+38,-1.09291135e+38; -1.64231336e+38
27899,100000,4.04135251e+37; 1.68889231e+38,-2.46119293e+38; 3.09921608e+38
27671,100000,-7.67302418e+37; 1.62185489e+38,-2.95645286e+38; -2.9311469e+38
28258,100000,-1.02586471e+38; -4.42522373e+37,1.62317903e+38; -1.44830511e+38
29644,100000,-2.46374486e+38; 1.5290647e+38,5.35483553e+37; 2.90879589e+38
28176,100000,-1.36638854e+37; -3.39889801e+38,-3.36508622e+38; 2.68382868e+38
28395,100000,-1.59818116e+38; -5.03937307e+37,-5.07897447e+37; 6.19808228e+37
29960,100000,-8.00248454e+37; 2.55272967e+38,-3.07861665e+38; 1.70314355e+38
30334,100000,1.21833595e+38; -1.7442677e+37,1.15010917e+38; 3.23909194e+37
28746,100000,5.12940973e+37; 9.24531657e+37,8.58631573e+37; 2.10602785e+38
29525,100000,7.84910592e+37; -1.5619584e+38,3.04776731e+38; 2.35181719e+38
30347,100000,3.06384457e+38; 9.52177697e+37,1.4918696e+38; 9.06162284e+37
27864,100000,-1.46912429e+38; 2.61509382e+38,3.22272703e+38; 1.42750388e+38
29180,100000,7.79790703e+37; 2.01545148e+38,-2.57406981e+38; -1.6947732e+38
28284,100000,2.48742173e+38; 8.57016181e+37,-4.28918302e+37; -8.60740639e+37
32829,100000,-3.37249761e+38; -5.42194292e+37,2.09611442e+38; -8.28987462e+37
32405,100000,6.91182687e+37; 3.17337952e+38,-7.71181644e+36; -2.14262219e+38
31634,100000,-2.49394192e+38; 2.46454297e+38,3.82164306e+37; 1.03573335e+37
28088,100000,1.30417212e+38; -1.90817234e+38,5.04581425e+37; -3.35309282e+38
27557,100000,-1.91162704e+38; 1.90770544e+38,-3.04668017e+38; 1.31238761e+38
27399,100000,2.54523492e+38; -7.55428284e+37,-2.9211994e+38; 1.78325825e+38
28033,100000,-3.92008677e+37; 3.24902743e+38,-3.13043111e+38; -5.7306204e+37
32014,100000,2.08054889e+38; 2.93494377e+38,3.16319308e+38; -2.61205755e+38
28673,100000,-2.94442417e+38; 2.70379671e+38,1.04644892e+38; 6.86981135e+37
28175,100000,-2.46244273e+38; 1.83430279e+38,-3.00352494e+37; -3.34114182e+38
28356,100000,3.01571542e+38; 2.19988754e+38,5.86404672e+37; -1.00483874e+38
28113,100000,3.13926097e+36; -3.23355743e+38,1.23971533e+38; 1.05862556e+38
30377,100000,3.90600444e+37; -1.49480568e+38,8.96141861e+37; 1.46748294e+38
28990,100000,-1.21925652e+37; 9.02149207e+37,2.25287169e+38; 7.16608259e+37
29758,100000,-2.82218311e+38; -3.36880201e+37,1.22951997e+38; 8.32181739e+37
28795,100000,3.26868697e+38; 3.1660959e+38,-1.23182041e+38; -3.25434386e+38
32033,100000,1.18099106e+38; 7.35371313e+37,-2.32658162e+38; 2.4380292e+38
30617,100000,-1.45860634e+38; -2.50727314e+38,-1.92989582e+38; -1.24994568e+38
27756,100000,2.04707196e+38; -2.47346236e+38,1.4159282e+37; 1.71421835e+38
35157,100000,2.39025865e+38; 2.6041004e+37,-1.06419369e+37; 3.10552249e+38
29762,100000,5.54319269e+37; 7.58297332e+37,-3.29662477e+38; -2.3592907e+37
31173,100000,9.19299911e+37; -1.85777157e+38,-2.12895692e+38; 2.6198249e+38
28990,100000,2.70701816e+38; -1.01745207e+38,-1.36873326e+38; -2.00322666e+38
28308,100000,-3.70948843e+37; 9.39742552e+37,-1.15497563e+38; 2.40803516e+38
29077,100000,-6.86619145e+37; 2.97229342e+38,-1.52631298e+38; -7.92638139e+37
28709,100000,-3.00486576e+38; -1.06473959e+38,1.80647472e+38; -1.04681126e+38
28591,100000,-7.98993531e+37; 3.26294319e+38,-2.78443131e+37; 2.09259056e+38
28231,100000,-1.817153e+38; 8.81192306e+37,7.88693109e+37; -6.90808793e+36
28162,100000,1.52344241e+38; 6.92345832e+37,-1.18482738e+38; 2.87502994e+38
28572,100000,1.21591791e+37; 2.42280228e+37,-2.1529001e+38; -2.90142161e+38
28996,100000,1.3095945e+37; 2.17522697e+38,-2.70320325e+38; 2.58681142e+38
29823,100000,2.73279528e+38; 4.36016081e+37,-4.13027136e+37; 2.93754803e+37
29419,100000,2.97729648e+38; 1.0273448e+37,8.6993567e+37; -2.28192218e+38
36552,100000,-1.62355456e+38; -3.04482961e+38,-1.93074017e+38; -2.14208065e+38
30933,100000,-2.8619344e+38; 3.74748676e+37,-2.91806232e+38; 2.78481601e+38
30222,100000,-1.35541938e+38; -2.30806966e+38,2.26939009e+38; -2.88060152e+38
27718,100000,1.87683014e+38; -2.69837177e+38,-5.92402383e+37; -2.95483392e+38
30994,100000,-3.12490699e+38; -2.80232054e+38,7.46884015e+37; 3.45546925e+37
34067,100000,1.29810586e+38; -1.18299507e+38,1.18002268e+38; 9.95375781e+37
29976,100000,3.36886666e+38; -5.60658789e+37,1.44779704e+38; -1.921564e+38
30329,100000,2.4181214e+38; 1.12313057e+37,-2.33150598e+38; 2.30704722e+38
27734,100000,-3.17386731e+38; 1.55053342e+38,1.57906256e+38; -2.11977406e+38
28402,100000,7.15998164e+37; 1.78556457e+38,2.53405647e+38; -3.24323335e+38
28160,100000,1.13766246e+38; -2.60089512e+38,-5.35697684e+37; -9.70612683e+37
30211,100000,2.1948717e+38; 3.28231756e+38,1.6388622e+38; -1.60321435e+38
28214,100000,-7.89704365e+36; -2.04969772e+38,1.32669564e+38; -1.45529757e+38
28203,100000,-8.74350745e+37; -3.05407494e+38,-2.91753112e+38; 2.89023789e+38
28719,100000,-1.63899536e+38; 1.2575603e+38,2.95117933e+37; -2.96144051e+38
27430,100000,-2.71428576e+38; -2.99908588e+38,8.95349428e+37; 8.30546825e+37
29319,100000,4.83306243e+37; -1.67431565e+38,1.25305883e+38; 1.66027201e+38
28402,100000,9.56258315e+37; -3.04766996e+38,-2.10826379e+38; 1.36420491e+38
28309,100000,1.12079591e+38; 3.0134367e+38,-1.96157207e+38; 6.21506931e+37
28930,100000,2.69180392e+38; 3.04149599e+38,1.0726904e+38; 2.65179971e+38
28146,100000,3.13728819e+38; 2.88937325e+38,2.53654918e+38; -2.64104496e+38
31539,100000,1.58266167e+38; 2.05287661e+37,-1.47959691e+38; -2.36107632e+38
27807,100000,2.86299963e+38; 1.98711574e+38,-2.22657392e+38; 2.40474698e+38
27753,100000,3.55650988e+37; 5.98691045e+37,2.90222439e+38; 3.38635739e+38
28851,100000,1.99553476e+38; 1.33244712e+38,2.41805731e+38; 1.26935534e+38
30573,100000,4.00204343e+37; -2.64134129e+38,-1.29992569e+38; -6.39804605e+37
31441,100000,3.01805155e+38; 2.94400291e+38,2.45821567e+38; 5.17129949e+37
28634,100000,-7.73359506e+37; 5.84058035e+36,-9.79144073e+37; 1.64844688e+37
36305,100000,1.39780396e+37; -1.58517902e+38,7.05028271e+37; 2.50774025e+38
27490,100000,-3.39936937e+38; -1.25798603e+38,1.51458285e+38; -1.99562563e+38
28142,100000,-1.0950118e+38; 2.40518326e+38,2.62085038e+38; 2.18758261e+37
28475,100000,1.88886673e+38; 7.91159957e+37,-1.20637044e+38; 2.10371688e+38
34026,100000,-3.20198522e+38; -2.71683769e+38,-2.84883865e+38; 2.72566049e+37
42727,100000,1.53438508e+38; -1.8350055e+37,-1.39659462e+37; 2.44210109e+38
41127,100000,2.77757154e+38; 8.0922342e+37,-2.30340024e+38; 2.28881252e+38
37068,100000,-1.11177775e+38; -1.29742315e+37,-1.35033955e+38; -6.87241967e+37
39636,100000,-1.41881565e+37; 2.22035412e+38,-1.94798712e+38; 6.3672178e+37
42097,100000,2.71943465e+38; -1.17265956e+38,6.46738755e+37; -1.72923038e+38
41642,100000,-1.14516411e+38; 4.76256026e+37,-1.77139041e+38; 2.72811349e+38
29377,100000,-1.74489955e+38; 3.26854301e+37,2.30323859e+38; -1.11624312e+38
30449,100000,2.960384e+38; -8.34906884e+37,3.22975326e+38; 2.67640613e+38
28410,100000,1.69834828e+38; 1.34166943e+38,-6.8563129e+37; -1.74741275e+38
28172,100000,-3.05491093e+37; 5.05947395e+37,-2.84724182e+38; -1.65968788e+38
27575,100000,1.18243101e+38; -3.23713707e+38,-4.78722672e+37; -3.12637422e+38
29135,100000,-1.70161547e+38; 6.32983631e+37,9.80848506e+37; 3.24178681e+38
36746,100000,4.52561811e+37; 1.24292411e+38,-3.27410237e+38; -2.30105377e+38
28319,100000,2.86195144e+38; -7.65807883e+36,1.72191553e+38; -4.44598684e+37
29175,100000,6.26235825e+37; 2.87788165e+38,-1.02039474e+38; 1.90733589e+38
28237,100000,-3.18288812e+38; -1.19184438e+38,-2.3713238e+38; 1.56831816e+38
41112,100000,8.71896066e+37; 2.9678532e+38,-5.80422933e+37; 1.05675005e+38
42420,100000,3.0061614e+38; -5.66900194e+37,-2.82017373e+38; -1.88290756e+38
41194,100000,2.39698348e+38; -2.74934471e+38,-9.78506394e+37; -3.12999788e+38
35343,100000,-2.59810305e+38; -2.44595861e+38,-2.11706595e+38; 1.48826389e+38
41428,100000,2.52938786e+38; -1.00543393e+38,-1.27052543e+38; 2.91913018e+38
42349,100000,3.16983273e+38; -1.45788429e+38,-2.95696945e+37; -1.15623517e+38
40606,100000,5.16566098e+37; 1.15725618e+38,2.98059086e+37; -1.60546671e+38
38396,100000,5.79071211e+37; 3.26519636e+38,-1.02819079e+38; -7.17356173e+37
41100,100000,2.531854e+38; -4.08847945e+37,5.40375163e+37; -1.40832929e+38
42317,100000,-1.00077749e+38; 1.61743668e+38,9.49890957e+37; 2.27858715e+38
27929,100000,-9.60458396e+37; -7.50274473e+36,2.58659136e+38; 8.45016904e+37
31985,100000,1.12800205e+38; -1.72491813e+38,-2.88620474e+38; 2.61323413e+38
28144,100000,-1.85382897e+37; 7.95117157e+37,-1.55114119e+38; -2.83125279e+38
27811,100000,-2.36365091e+37; 2.8281291e+38,-1.80477323e+38; -2.96173886e+38
28564,100000,5.54776028e+37; 1.9018639e+38,-2.66854304e+38; 1.45956099e+37
28799,100000,-1.46861804e+38; 1.35295324e+38,8.44435762e+37; 7.65685403e+37
27422,100000,-4.35042322e+37; -3.24161609e+37,2.90001848e+38; -8.58506735e+37
28079,100000,3.28585765e+38; 1.49210183e+38,-1.21414155e+37; 1.49584708e+38
28285,100000,1.6024498e+38; -5.28492916e+37,3.68292988e+37; -1.00922137e+38
27428,100000,2.98356943e+38; 1.4876323e+38,1.26051109e+38; -1.7274366e+38
38414,100000,1.0407307e+38; -9.4577454e+37,7.07906142e+37; -3.22016779e+38
40758,100000,-2.16978936e+37; -1.18298006e+38,-5.38872845e+37; -1.58818001e+38
43182,100000,-9.39672577e+37; 3.96970414e+37,-1.85666212e+38; -3.21356506e+38
33486,100000,-1.12629295e+38; -8.81105982e+35,-1.86592631e+38; 2.04619677e+38
41495,100000,5.68506611e+37; -2.92408944e+38,3.38205043e+38; -2.42581493e+38
41147,100000,-3.15410961e+38; 1.78774736e+38,3.20682623e+38; 2.3027368e+38
42299,100000,2.29968958e+38; 3.06215342e+38,-2.04548324e+38; 6.61495882e+37
31650,100000,-2.25437522e+38; 1.17565578e+38,-6.97146324e+37; -1.02586694e+38
42217,100000,1.00434398e+37; -2.43416317e+38,3.00840788e+38; -1.41319646e+38
40914,100000,-3.21518582e+38; 2.97755346e+38,-2.61794228e+38; -2.18024565e+38
29427,100000,-2.6265256e+38; 4.27735533e+37,3.39937789e+38; -9.33290831e+36
28805,100000,2.29121903e+38; -3.39891809e+38,3.0469118e+38; 2.22276022e+38
36226,100000,-1.83884179e+38; -5.83152945e+37,1.59599786e+38; 2.39802438e+38
27608,100000,-2.11862039e+38; -1.56075981e+38,1.20604988e+38; 2.43028152e+38
28448,100000,-1.62713785e+38; -2.2440241e+38,3.33254532e+38; 2.7157327e+38
29323,100000,1.12212827e+38; -7.55915873e+37,-1.84541045e+38; 1.29761198e+38
27692,100000,-4.88327711e+37; 2.70210495e+38,1.29194771e+38; 1.97143845e+38
28240,100000,-7.98017237e+37; -1.87454208e+38,-5.97392958e+36; -1.83446525e+38
28180,100000,-3.2405792e+38; 1.72509844e+38,-1.27645235e+38; -1.16695564e+38
27856,100000,3.33599029e+38; -1.7446444e+38,2.59987329e+38; 2.22829499e+37
29386,100000,3.40313734e+37; -3.07707397e+38,2.40150565e+38; 2.61190401e+38
27873,100000,1.82392631e+38; 1.63286804e+38,2.37963959e+38; -2.49260825e+37
28367,100000,-5.01870681e+37; -3.30511843e+38,3.09096134e+38; -2.32499391e+38
31208,100000,2.54372063e+38; -3.11829757e+38,-1.88576109e+38; -1.20555458e+38
28940,100000,-1.45105044e+38; -2.69423416e+38,-1.39353003e+38; 1.2727352e+38
27992,100000,1.22855473e+38; -9.33908317e+37,-6.60911127e+36; -8.81684864e+37
27102,100000,-1.79292749e+38; 1.15560601e+38,1.75910353e+38; 3.34937769e+38
27220,100000,2.25641198e+38; -2.51819218e+38,1.71432666e+38; -2.4377708e+38
29881,100000,-1.50798691e+38; -9.93876506e+37,-9.4155225e+37; -3.24207016e+38
27850,100000,-2.79406662e+38; -7.51526506e+37,2.04563333e+38; -7.58904385e+37
29135,100000,-2.92362903e+38; 2.73088448e+38,1.73046261e+37; 2.60865497e+38
27746,100000,-7.96169357e+37; -1.10264539e+38,7.77783695e+36; 5.07634283e+37
34338,100000,2.76738146e+38; -1.76332774e+38,-7.03010323e+37; -5.46801847e+37
30821,100000,-2.82657263e+38; -6.80484781e+37,-1.99125213e+38; -2.68494746e+38
28429,100000,2.97776095e+38; 1.57899948e+38,1.7706499e+38; 1.95599563e+38
31374,100000,3.32213497e+37; -8.45149044e+37,-3.02975268e+38; 3.17560369e+38
28478,100000,3.35869807e+38; -7.58336021e+37,-1.30404353e+38; 2.16626864e+38
37425,100000,3.18039972e+37; -1.48140124e+38,2.71563129e+38; -2.73699901e+38
29010,100000,3.01528848e+38; 3.51643437e+37,1.47062316e+38; 2.06866713e+36
28281,100000,-2.99012726e+36; -7.60628339e+37,1.50108917e+38; 3.74811552e+37
29586,100000,1.38539242e+38; 2.68097028e+38,-2.09828707e+38; 2.27544033e+38
27337,100000,2.2821605e+38; 5.1938297e+37,2.22509442e+37; -5.18997199e+37
32882,100000,-2.03858638e+37; 1.35406624e+38,9.3183302e+37; 1.73444478e+38
27597,100000,2.42615101e+38; -9.02616108e+37,-2.05005408e+38; 1.12128371e+38
27570,100000,1.08196261e+38; -1.1364587e+38,1.95401505e+38; -1.31398516e+38
28218,100000,-7.70168525e+37; -2.65684739e+38,-1.89881546e+38; -1.56402845e+37
27816,100000,1.0099276e+38; 4.87827394e+37,-1.06984082e+37; -1.97923014e+38
32083,100000,-1.69768626e+38; -2.67797497e+38,1.52485194e+38; 1.94962796e+38
27345,100000,1.76582471e+38; 2.89830826e+38,-2.14593613e+38; -2.8205305e+38
27397,100000,2.0101452e+38; -2.73990229e+37,-3.30961281e+38; -3.08415436e+38
29846,100000,1.92561919e+37; -1.77183013e+38,-1.31180115e+38; 1.47982651e+38
32026,100000,3.21828984e+38; -2.59387802e+38,-2.00304128e+38; -3.01776517e+38
28499,100000,-1.7889213e+38; 1.78635112e+38,-3.35044414e+38; 3.35505677e+38
30633,100000,-1.84884264e+38; -3.07630263e+38,-1.79409588e+37; 3.18014735e+38
37589,100000,2.86416871e+38; 1.63846325e+38,-8.25213514e+37; 6.71725315e+37
29170,100000,-1.98991309e+38; 2.73019873e+38,-2.04979467e+38; -7.1087858e+37
28654,100000,4.64418046e+37; -1.3411524e+37,-3.3824362e+38; 2.4541168e+38
28521,100000,-2.2055796e+38; -1.09007722e+37,-2.76153505e+38; 3.33170665e+38
35323,100000,-3.2569901e+38; -3.92004494e+37,7.53679281e+37; 3.30507523e+38
28290,100000,2.71727478e+38; -8.86573229e+37,1.61411198e+38; -9.70130266e+37
29531,100000,5.2753023e+36; 2.88739552e+38,2.14402999e+38; -1.03662746e+38
30691,100000,-1.02410754e+38; -4.13082963e+37,-2.87342139e+37; -2.06674326e+38
28152,100000,-2.74269208e+38; -2.68246631e+38,-1.16603958e+38; 1.57446332e+38
27747,100000,-3.38755918e+37; 2.25701457e+38,-3.28529096e+38; 1.56083587e+38
27247,100000,1.59636799e+37; -1.39713036e+38,2.63276041e+38; -3.33461839e+38
32311,100000,-1.13424924e+38; -4.91383154e+37,1.62124561e+38; 9.27006213e+37
28211,100000,2.23152729e+38; 1.05215355e+37,-3.33615823e+37; -1.45095085e+38
28491,100000,-1.29270485e+38; -1.17504102e+38,4.71746486e+37; 3.33172571e+38
28530,100000,-2.30495347e+38; -2.22198766e+38,1.92898759e+37; 6.27115017e+37
28971,100000,-2.76663811e+38; 6.28387586e+37,-3.17489603e+38; -6.99860617e+37
29239,100000,3.32555093e+38; -2.4477033e+38,-1.62487931e+38; -7.13631106e+37
28423,100000,2.77481009e+38; -1.0430216e+38,2.95425749e+38; -2.26893272e+38
27971,100000,2.75365108e+38; 1.50310352e+37,3.01441309e+38; -2.51357428e+38
27915,100000,-1.54830591e+36; 6.75053963e+37,-1.74712027e+38; -6.84284589e+37
27726,100000,-3.08114526e+38; 2.36116698e+38,-7.28366276e+37; -3.19127144e+38
27562,100000,1.69219034e+38; 1.05940633e+38,-2.2514574e+38; -2.96806697e+38
28145,100000,-2.36008856e+38; 3.93502198e+37,-2.7051751e+38; -1.72254834e+38
27580,100000,-9.09306666e+37; -3.39554005e+38,-7.66095133e+36; 1.33098902e+38
28551,100000,5.09374007e+37; 1.22842756e+38,2.54646018e+38; -2.12207733e+38
27530,100000,-1.53566865e+38; 1.46567649e+38,1.62804194e+38; 2.1349958e+38
40038,100000,3.33280514e+38; 2.39683522e+38,-4.20213523e+37; 3.30869017e+38
28432,100000,-2.88700934e+38; 1.64853417e+38,6.01365839e+37; 1.48935077e+37
27363,100000,3.0160799e+38; -6.65870645e+37,6.29611059e+36; 2.4659417e+37
27878,100000,-1.81633034e+38; -2.67599723e+38,-1.11193909e+38; -2.91204006e+38
27504,100000,-3.38298727e+38; -2.75684028e+38,2.45180258e+38; -2.03249073e+38
28101,100000,-3.16244877e+37; -8.14925617e+37,-5.6523227e+37; -6.17304669e+37
30056,100000,-6.14119469e+37; 1.75917127e+38,2.3229412e+36; -1.94986567e+38
43127,100000,-3.23757943e+38; 2.22676772e+37,1.05592516e+38; 2.95779333e+38
41028,100000,-2.21007621e+38; 9.17903163e+37,1.360355e+38; -3.13519809e+38
41382,100000,-2.1268228e+38; -3.10038232e+38,-1.63546424e+37; 3.88704926e+37
31715,100000,-3.16568904e+38; -1.47400346e+37,2.17185218e+38; -2.21654427e+38
28849,100000,-8.93034089e+37; 2.32543221e+38,-1.25191419e+38; -2.4356306e+38
27638,100000,-2.54624823e+38; 2.32695136e+38,2.15069844e+38; -1.48706723e+38
31434,100000,-5.52626549e+37; 1.20256374e+38,2.18652732e+38; -1.72310808e+37
28677,100000,-6.4505638e+37; 7.5014715e+37,2.45569639e+38; -2.82197988e+38
35065,100000,2.13062099e+37; -1.64673097e+38,3.17534955e+38; 2.31703448e+38
28990,100000,-1.86191384e+38; -2.37938094e+37,1.08971687e+38; 5.6897625e+37
32035,100000,2.38731729e+38; -4.61885483e+37,1.77162589e+38; 3.31526572e+38
27946,100000,-1.8643023e+37; -3.16747004e+38,-1.36499083e+37; -7.66423885e+37
28115,100000,2.78133961e+38; -9.81379398e+37,1.85856922e+37; 8.95689462e+37
29427,100000,2.85831419e+38; -1.77225221e+38,-2.10321326e+38; -9.28833861e+37
27264,100000,-1.16185451e+38; -2.96984554e+38,3.24119416e+38; 4.98647654e+37
27348,100000,1.88883327e+38; -1.67435693e+38,-1.19316305e+38; 7.95338996e+37
28565,100000,-1.49907969e+38; 2.25711396e+38,1.29940941e+38; 2.77925863e+38
36457,100000,1.82844077e+38; -1.277138e+38,2.690617e+38; 3.29200971e+38
41936,100000,2.60593814e+38; 1.59360515e+38,-1.27283161e+37; -3.73810437e+37
40651,100000,9.17032236e+37; -3.226589e+38,3.9375588e+37; 3.39579663e+38
34248,100000,-4.16789624e+37; 2.286807e+38,-4.38219866e+37; 8.53604476e+37
28529,100000,-1.15591724e+38; -1.90934243e+38,-7.51118779e+37; -6.72463595e+37
27551,100000,-2.21681666e+38; 1.76755399e+38,-1.312193e+38; -1.34593857e+38
31076,100000,1.89416287e+38; -1.07931413e+38,2.86638294e+38; 7.13021011e+37
28797,100000,-2.22887902e+38; -1.42631381e+38,1.88308343e+37; -4.38960731e+37
28378,100000,2.83404487e+38; -9.14383354e+37,-2.2999358e+38; -2.54793268e+38
29062,100000,1.22643654e+38; 2.2802359e+38,-7.19157517e+36; 1.65724841e+38
28095,100000,-2.29897219e+38; -3.36841821e+38,1.49801801e+38; -2.97707135e+38
28845,100000,2.82084244e+38; -6.99177354e+37,-6.21090026e+37; 1.06389828e+38
27737,100000,1.13904745e+38; -2.26758495e+38,2.58423332e+38; 2.9570516e+38
28560,100000,-2.00234823e+38; -1.55077504e+37,1.20973195e+38; 1.59029699e+38
27639,100000,-4.33082078e+37; 1.05130584e+38,-6.49680364e+37; 2.47992515e+38
28054,100000,-2.75598741e+38; 3.06996864e+38,-2.2400489e+37; -8.56778876e+37
42438,100000,1.20248991e+38; -7.50801714e+37,-8.14569965e+37; -1.06859751e+38
29057,100000,5.29947215e+37; 1.53214377e+38,-9.58058683e+37; -8.98713671e+37
36234,100000,-4.20642496e+37; -2.45271447e+38,-2.17379747e+38; -8.06153462e+36
28259,100000,8.91358965e+37; -1.67682824e+38,1.1278975e+38; -1.0502899e+38
28536,100000,3.10042349e+38; -6.89600608e+37,3.0206976e+38; 1.09252842e+38
27550,100000,6.60756334e+37; -1.86162015e+38,-1.28684851e+38; -2.44972038e+38
33086,100000,-5.34413757e+37; -1.39589121e+37,2.21608893e+38; 2.13252277e+38
42455,100000,-2.22908164e+38; -1.45176468e+38,-1.20862027e+38; -8.89866281e+37
42732,100000,-4.2212192e+37; 2.18349348e+38,-1.5427893e+38; 1.78196626e+38
39440,100000,-5.53083664e+37; -4.31493357e+37,-1.76780691e+38; 3.00647273e+37
28773,100000,-1.34246136e+38; 1.08817896e+38,1.84078221e+38; -7.41323947e+37
28655,100000,9.32009376e+37; -3.14352523e+38,1.2219662e+38; -2.36716489e+38
27875,100000,2.57596094e+38; -3.09998154e+38,1.34756613e+38; 8.09610612e+37
29367,100000,2.32508275e+38; 2.57586947e+38,-1.71315718e+38; -1.97300101e+38
29294,100000,1.91471169e+37; -5.0937066e+37,1.58297646e+38; 2.65150521e+38
29479,100000,1.61519861e+38; -3.06881097e+37,-3.39951419e+38; 3.28298039e+38
27962,100000,1.18945998e+38; -3.15579183e+38,-3.45233663e+37; -7.65582977e+37
28998,100000,1.611276e+38; 6.18758157e+37,-1.77692507e+38; 2.66777454e+38
29136,100000,1.97755278e+38; -6.92150361e+37,-2.18941878e+38; -3.01418633e+38
28805,100000,-1.80672946e+38; 3.2915564e+38,-4.26068116e+37; -1.43264628e+38
28366,100000,-5.54589785e+37; 1.27394494e+38,9.13152921e+37; 4.10638451e+37
34364,100000,1.36297143e+38; -1.56883536e+38,2.28923257e+38; -3.12784247e+38
32595,100000,3.10136338e+38; 2.95502478e+38,8.22001896e+37; -1.19714093e+38
28329,100000,8.86579314e+37; 1.28371741e+38,-2.84897374e+38; 1.80997201e+38
27368,100000,-8.84752883e+37; 6.82652159e+37,-2.28285801e+38; -1.99238896e+38
28477,100000,1.51916576e+38; 2.12307745e+38,-1.00956718e+38; 1.22006746e+38
36504,100000,-1.82515056e+38; -3.19448641e+38,-2.23786514e+38; 2.83369581e+38
28907,100000,2.62035285e+38; -1.52618906e+38,-2.33567919e+37; -2.33305338e+37
27400,100000,-2.58796184e+38; 8.84781684e+37,-3.2339361e+38; 1.64105929e+38
28319,100000,-4.14913019e+37; -2.82267313e+38,-1.99852399e+38; 1.36829678e+38
28677,100000,1.16461849e+37; -1.31675431e+38,-2.49591094e+38; 1.50788337e+38
29816,100000,-1.29832572e+38; -1.85609604e+38,2.32113782e+38; -2.14191129e+38
28008,100000,-4.78124087e+37; 5.98909487e+37,-2.97569336e+38; -7.5391476e+37
28638,100000,5.71055755e+37; -2.58615858e+37,2.65293755e+38; -2.91820206e+38
28244,100000,-2.55637544e+38; -1.82567585e+37,1.20181796e+38; -1.85058875e+38
28390,100000,-3.96511727e+37; 7.26090894e+37,1.52342406e+38; -2.14944032e+38
34774,100000,9.78462889e+37; 1.90150795e+38,4.33235058e+37; 1.0265968e+38
43328,100000,2.08845931e+37; -1.11051334e+38,7.07883629e+37; -1.61081954e+38
44805,100000,1.63017738e+38; -1.67615443e+37,-3.11469739e+36; -1.26572803e+38
43953,100000,-1.44859647e+38; 2.19289518e+38,1.40422515e+38; -2.25374586e+38
29019,100000,2.17922281e+38; -3.17123511e+37,3.36713535e+38; 9.35936253e+37
33170,100000,-1.11890032e+38; 2.60184292e+38,-1.20276595e+38; 4.02724736e+37
41851,100000,1.6522707e+38; 1.67938869e+38,1.16478187e+38; -2.62454355e+37
41455,100000,-3.00648896e+38; 1.79074104e+38,-2.87594569e+38; 1.56176369e+38
39486,100000,-5.48979671e+37; 1.65331393e+38,1.71467085e+38; -2.93175578e+38
38673,100000,3.27600405e+38; -1.3768587e+38,3.38915556e+38; 2.91850001e+38
41380,100000,-1.4680976e+38; 1.0246291e+38,-2.49492257e+38; -2.85756699e+38
42340,100000,-1.25618252e+38; -3.87400843e+37,6.33780932e+37; 2.00300092e+38
33917,100000,-3.31258987e+38; 2.82007881e+38,-9.53809417e+37; -1.38143583e+38
41750,100000,1.63856253e+38; 2.26353638e+38,-1.59974032e+37; 1.73113834e+38
28176,100000,2.80101699e+38; 2.96117177e+38,-6.59382325e+35; 2.93224114e+37
28643,100000,-1.65795992e+38; -9.92895002e+36,1.63466324e+38; -1.48826592e+38
27742,100000,2.87405233e+38; -1.23911964e+38,-2.37883904e+38; 2.08054524e+38
28352,100000,3.40710635e+37; -3.59876752e+37,2.29934924e+38; -1.04098615e+38
27879,100000,-2.83586481e+38; -7.02884522e+37,-1.35033539e+38; -8.15272294e+37
27894,100000,1.50435382e+38; -2.75632267e+38,-9.54986037e+36; -1.82029393e+38
27852,100000,-2.76084464e+38; -2.67496648e+38,2.80910511e+37; 9.65378402e+37
28031,100000,-1.80701768e+38; -1.02588387e+38,-1.98675086e+38; 1.44269408e+38
27728,100000,-2.04113956e+38; -2.3152975e+38,-3.37277244e+38; 3.22142104e+38
28088,100000,5.84691822e+37; 4.82918189e+37,1.95281311e+38; -1.85761438e+38
42060,100000,-2.36835324e+38; -3.61398896e+37,2.99775555e+38; 3.03557393e+38
35284,100000,-2.17515274e+38; 2.92306862e+38,-1.4096439e+38; 1.7996432e+38
28762,100000,-3.72274653e+37; -1.24164693e+38,-1.00916062e+38; -7.9582552e+37
27840,100000,-5.95555131e+37; -2.45471868e+37,2.13520755e+38; -3.46767115e+37
27526,100000,5.96564485e+37; -1.70037368e+38,-3.02602132e+38; 2.3570103e+38
27792,100000,1.34952359e+38; -4.43094654e+36,-8.57010704e+37; -3.39434212e+37
27669,100000,-6.64607862e+37; -1.86299226e+38,1.50749342e+36; 5.63364006e+37
28675,100000,-2.09157725e+38; 1.91949844e+38,4.60015952e+37; 3.12045298e+38
27433,100000,5.53119767e+37; 5.11332578e+37,-2.89100862e+38; 3.1476239e+38
28135,100000,7.0356236e+37; -2.91888396e+38,2.26630108e+38; -1.81865243e+37
28882,100000,1.54013129e+38; -1.03090002e+38,-1.51649477e+38; 1.27765084e+38
28807,100000,-1.71496921e+38; 2.88776486e+38,2.52221398e+38; -1.77906385e+38
34752,100000,-3.12003901e+38; -2.79032005e+38,-8.87161622e+37; 1.76796065e+38
33689,100000,3.75721972e+36; 2.52131161e+38,1.9634916e+38; -7.62339921e+37
28575,100000,5.58701283e+37; 4.09433067e+37,3.02091969e+38; -2.70239702e+38
28147,100000,-1.01477317e+38; 1.36381752e+38,-2.46850616e+38; 9.80788685e+36
28767,100000,-1.32502142e+38; -1.44319445e+38,-2.94369989e+38; 2.92355195e+38
30073,100000,-1.03143912e+38; 2.03000512e+38,3.2875275e+38; 3.12002867e+38
28159,100000,-2.81847751e+38; 2.67732852e+37,-2.71511516e+37; -2.77861568e+38
28698,100000,1.9657322e+38; -1.2775473e+38,-1.78725069e+37; -3.06189619e+37
28400,100000,-1.13793293e+38; -9.51895873e+37,-1.17749935e+37; -1.68999385e+38
37100,100000,1.61324684e+38; -1.87949038e+38,8.74812271e+36; -2.86099309e+38
41299,100000,-3.06176765e+38; 7.23650768e+37,-2.29230536e+38; 3.14467935e+37
41958,100000,-7.67415543e+37; -1.02116994e+38,-8.91152794e+37; -1.6267966e+38
37007,100000,-1.23483356e+38; 2.39282513e+37,6.48704425e+37; -2.55742992e+38
42687,100000,3.03183771e+38; 1.17319248e+38,7.32085918e+37; -1.68785842e+38
41497,100000,4.74543735e+37; 2.25625317e+38,1.77495829e+38; -4.59599959e+37
41897,100000,-2.2130056e+38; -1.98896083e+38,-2.51740664e+38; 2.22477599e+37
34695,100000,2.64140173e+38; -2.07270406e+38,-1.22299259e+38; -1.50946641e+38
42388,100000,8.76686873e+37; 1.19111077e+38,3.31846527e+38; -1.33543005e+38
30964,100000,3.78622591e+37; -3.36058981e+38,-3.08933976e+38; 2.44921961e+38
28883,100000,-3.36192865e+38; 9.98823183e+37,3.27602474e+38; 8.7447538e+37
33978,100000,-1.90930897e+38; 6.21261615e+37,5.63269541e+37; -1.33978479e+38
41852,100000,3.26624213e+38; 1.16381805e+38,2.46503725e+38; 1.06736809e+38
41816,100000,2.85866771e+38; -3.27613183e+38,-2.6994147e+38; 2.52425865e+38
39081,100000,-3.81898352e+37; -2.02344559e+38,7.99051792e+37; 3.20129136e+38
40093,100000,3.18602134e+38; -8.77373027e+37,-6.69460074e+37; 2.84661023e+38
42629,100000,5.50673125e+36; 1.14671711e+37,-1.5346811e+38; -2.72708599e+38
42675,100000,5.74556296e+37; -8.65006841e+37,1.21346239e+38; -1.2610504e+38
31871,100000,1.26002784e+37; 7.81679148e+37,-2.50979364e+38; -3.11402731e+38
28957,100000,2.16898324e+38; -1.21818839e+38,-4.97330578e+36; -2.15141279e+38
27858,100000,-3.87234401e+37; -1.37800851e+38,-2.21105686e+38; 1.22823285e+38
27188,100000,-1.21314406e+38; 1.92081568e+37,-2.48467854e+38; 1.1678581e+38
28678,100000,1.77852393e+38; 2.82239445e+38,6.02231898e+37; -2.69889547e+38
27666,100000,5.04544309e+37; -3.25164386e+38,-1.40519505e+38; -2.48391288e+38
28039,100000,5.90639436e+37; 3.249341e+38,9.07441902e+37; 3.33793051e+38
27716,100000,-2.58867355e+38; 3.21923176e+38,-2.72869966e+38; -1.48986438e+38
27640,100000,-1.05137917e+38; 3.13631666e+38,-3.33666793e+38; 7.87295245e+37
27946,100000,-2.57700001e+38; 2.68325469e+38,-3.91051322e+37; -2.69961995e+38
27338,100000,6.7412082e+37; 1.80977203e+38,-3.28260293e+38; -7.56869235e+36
28681,100000,1.24682422e+38; 3.38332619e+38,4.04166892e+37; 1.62843512e+38
27900,100000,1.88817591e+38; 2.59948691e+38,2.67639761e+38; 2.02041215e+38
28653,100000,-3.12895643e+37; -4.00052326e+37,-1.57487495e+38; 2.47133291e+38
28445,100000,-1.98851583e+38; 2.0419544e+37,-3.29499711e+38; -2.7888658e+38
27972,100000,-1.00669337e+38; 1.62175298e+38,1.76167229e+38; -2.31797457e+38
27759,100000,2.87210461e+38; -1.19443222e+38,-2.34402165e+38; -3.32142833e+38
28044,100000,1.24423811e+38; -1.88631049e+37,2.43044743e+38; 1.43239082e+38
27890,100000,-1.15541981e+38; 1.63498063e+37,4.91667767e+37; -1.07249792e+38
28257,100000,-2.86012582e+38; -1.63536075e+38,-3.26938448e+38; 7.16568455e+37
37566,100000,-1.78711982e+38; 1.50986592e+37,9.4594978e+37; -2.90572067e+38
29800,100000,-1.76220187e+38; 2.05059502e+38,1.68925946e+36; 1.21743298e+38
29809,100000,2.89315653e+38; 1.6084842e+37,2.95759821e+38; -2.99213383e+37
28584,100000,2.96106731e+38; 2.92048875e+37,-2.2445916e+38; -3.2804749e+38
28200,100000,4.42824733e+37; 1.37444266e+38,-1.66679696e+38; -1.9599221e+38
29135,100000,-1.91607746e+37; 2.13760939e+38,-1.8209811e+38; 1.69259821e+38
27383,100000,4.07457459e+37; 2.82824613e+38,-1.04951349e+38; 7.09596427e+37
32843,100000,1.93533586e+37; 8.29213966e+37,2.43402444e+38; 2.24095679e+38
27662,100000,4.77142925e+37; -2.94827337e+38,1.57264946e+38; -1.1978783e+38
27496,100000,-1.93802176e+38; -1.72103973e+38,2.28588192e+38; -2.030312e+38
28453,100000,2.75152426e+38; 2.74701609e+38,-2.35404704e+38; 9.77514382e+37
31972,100000,-8.42536264e+37; -1.13624858e+38,1.04472119e+37; -3.27738716e+37
28438,100000,-2.75073e+38; 2.79699093e+37,-1.56568702e+38; 3.65945781e+37
28615,100000,1.43210788e+38; 2.46285122e+38,2.20395843e+38; -1.54563684e+38
28978,100000,-6.06152842e+37; 2.40631238e+38,-1.97219377e+38; -2.06604818e+38
28736,100000,1.73655577e+38; 1.92567484e+38,7.82733072e+37; -1.73743542e+38
30772,100000,2.56478701e+37; 3.13389555e+38,5.20372885e+36; 1.63914697e+38
28290,100000,3.15531235e+38; -1.87812659e+38,-2.05320698e+38; -2.09134904e+37
28543,100000,2.46130874e+38; -2.74013833e+37,7.02489319e+37; -1.24785933e+38
27421,100000,8.37124512e+37; -1.61869662e+38,-2.79698688e+38; 2.76400281e+38
28629,100000,-2.44232339e+38; -7.37843638e+37,-2.01325267e+38; -3.36571599e+38
28948,100000,1.4702451e+38; 4.6010276e+37,-1.78515159e+37; -3.30085102e+38
28101,100000,-1.30115288e+38; -9.05050099e+37,-3.72589842e+37; 2.33067298e+37
28338,100000,-1.41787156e+38; -1.38369407e+38,7.84669789e+37; 1.51256404e+38
28042,100000,-1.86217204e+38; 1.87403786e+38,8.08975975e+37; -7.30911332e+35
28262,100000,2.73873113e+38; -2.33406704e+38,6.93500054e+37; -7.96126714e+37
29258,100000,5.49779431e+36; -3.921719e+37,1.46015714e+38; 7.19129413e+37
27818,100000,1.60799663e+38; 2.87911279e+38,-2.73734219e+38; 2.16975559e+38
28582,100000,-4.88468978e+37; -2.21228862e+38,-3.3164705e+38; -1.75056605e+38
28083,100000,-2.06556769e+38; -2.8067488e+38,-2.43896564e+38; -3.06124369e+35
27752,100000,-2.80845333e+38; 1.03287978e+38,-2.42483468e+38; 1.55555626e+38
34259,100000,3.65764405e+37; -2.41213399e+37,-3.1099185e+38; 1.4120933e+38
27861,100000,1.26804601e+38; 7.80701231e+37,7.5576198e+37; -2.78680044e+38
27934,100000,-1.39260982e+38; -4.74916329e+36,2.58704994e+38; 9.5601736e+37
28314,100000,2.87623451e+38; 2.47847455e+38,-3.38788116e+37; -2.47112968e+38
29577,100000,3.17736674e+37; 3.1983565e+38,1.17334368e+38; -1.2324663e+38
30651,100000,2.98527477e+38; -1.0639607e+37,-1.24678548e+38; 2.89274885e+38
28624,100000,5.74698324e+37; -2.54319775e+38,-2.83180265e+38; 2.82396329e+38
28500,100000,9.09097251e+37; 3.36193433e+38,-1.28608883e+38; 3.55371572e+37
28735,100000,7.84907296e+37; 6.48276821e+37,1.88847779e+37; -5.97147351e+37
28371,100000,2.93954382e+38; 1.2701574e+38,-1.47911792e+37; -1.07656292e+38
29896,100000,-2.80862391e+38; 1.83335286e+37,1.62856026e+38; 1.47424976e+38
35891,100000,3.20483733e+38; -3.99662194e+37,-3.00092022e+38; -3.1073049e+38
42423,100000,2.22954388e+38; 3.12571175e+37,2.30778712e+38; 1.79169939e+37
42480,100000,-1.74030701e+38; 2.18455201e+38,-8.5325927e+37; 2.79741484e+38
37515,100000,-9.14025673e+37; -2.98961602e+38,7.22218374e+37; -4.05902153e+37
42987,100000,8.78655914e+36; -2.24458896e+38,-3.06816219e+37; -5.71344374e+37
42204,100000,4.18950968e+37; -3.13265893e+38,-1.94165657e+38; 3.02047692e+38
42857,100000,-1.31825704e+38; -3.10065471e+38,4.15535233e+37; -1.98203033e+38
30574,100000,3.14223121e+38; -1.32249596e+38,-3.98910984e+37; 2.15337897e+38
28330,100000,-3.90063366e+37; 1.88675716e+38,-1.14934858e+38; -4.5065567e+37
33139,100000,1.82849452e+38; -1.93761348e+38,1.21505446e+38; -1.87949808e+38
32039,100000,1.58142931e+38; 3.19897612e+38,-1.62095425e+38; -3.08222702e+37
28596,100000,-6.55268523e+37; 1.072863e+38,-2.04592986e+38; 3.31418569e+38
28121,100000,-7.39811386e+37; -2.8568859e+38,-2.26710203e+38; -3.01257672e+38
28574,100000,-1.81522455e+38; 9.6296804e+37,1.22279636e+38; -8.0250472e+37
30720,100000,-1.44274023e+38; 3.36875531e+38,-3.56529064e+37; 1.68080491e+38
29414,100000,-1.0188264e+38; 3.03078282e+38,2.07365518e+37; 1.14373694e+38
29107,100000,-2.58490934e+38; 1.92561684e+38,1.14293721e+38; -8.85935854e+37
29328,100000,2.07876059e+38; -2.39763394e+38,1.06480866e+38; 1.82796596e+38
28242,100000,-4.53008886e+37; -3.20935889e+38,-1.4041716e+38; 1.36863662e+38
30450,100000,-2.8007089e+38; 3.19918179e+38,-1.72218224e+38; 1.71113441e+38
28758,100000,-1.69441339e+38; -2.28982766e+38,-1.33394274e+38; 1.04695385e+38
35322,100000,2.28203637e+38; -2.8566557e+37,-2.48197286e+38; 2.01637981e+38
42400,100000,-2.88183509e+38; -2.73150897e+38,1.12103525e+38; 3.19476631e+38
42560,100000,1.31248385e+38; 2.38097356e+38,-2.2285902e+38; 2.82382294e+38
37574,100000,2.17232416e+38; -3.24023561e+38,2.67233261e+38; -3.35893963e+38
29038,100000,-2.28126656e+37; 1.2731161e+38,1.18389916e+38; -8.97033679e+37
28973,100000,-3.24601326e+38; -1.2490496e+38,-9.63764531e+37; 6.6633349e+37
28031,100000,-7.74552822e+37; 5.41503473e+37,-2.78787095e+37; 1.37143437e+38
29075,100000,-1.40219254e+38; -2.82170951e+38,-1.95744805e+38; 3.27436199e+38
29101,100000,2.52525005e+38; -2.92396429e+38,3.04639805e+38; -1.63359993e+38
28290,100000,1.99228856e+38; 1.85255331e+38,2.12690454e+38; 4.53927071e+37
28468,100000,7.25095433e+37; -1.16644553e+38,-3.77527392e+37; -9.96686329e+37
30021,100000,2.56919311e+38; 2.43602286e+38,4.20244732e+37; -3.09440184e+38
28090,100000,9.68746195e+37; 2.03772856e+37,-2.60528099e+38; -6.19356285e+37
28683,100000,-1.14222205e+38; -3.89172537e+37,-2.64487895e+38; -8.41949038e+37
28883,100000,1.92227592e+38; -4.31732182e+37,1.94009259e+38; 2.78252755e+38
27947,100000,-2.09417603e+38; 2.34848905e+38,1.47759981e+38; 1.5354064e+38
31280,100000,3.07618175e+38; 5.82130458e+37,-6.14702334e+37; 6.37171593e+37
28563,100000,3.26600685e+38; -2.19163909e+38,-8.86631541e+37; -2.87627325e+38
29175,100000,-2.80767246e+38; -2.43220571e+38,-1.09244861e+38; 1.49051331e+38
28288,100000,-7.7933156e+37; 1.83151923e+38,8.97310737e+37; -2.96434738e+38
27866,100000,3.06610443e+38; -1.55693415e+38,2.42099542e+38; -1.56368423e+38
28306,100000,-3.0706047e+37; 2.90282779e+38,-1.64801332e+38; -2.00449533e+38
27200,100000,-2.35422776e+38; 3.22394275e+38,2.25985594e+38; 7.97711226e+37
41595,100000,1.24256907e+38; -5.63696486e+37,-7.69901457e+37; -1.08323391e+38
41778,100000,-2.45076615e+38; 6.43551578e+37,2.73870578e+38; 2.64516696e+37
42629,100000,2.90979439e+38; 5.41213739e+37,-2.87060533e+38; 4.75598471e+37
31774,100000,1.62017054e+38; 7.88595145e+37,-2.66350063e+38; 1.31905343e+38
28500,100000,-1.93474838e+38; 3.39701742e+38,-2.34498892e+38; 1.6960154e+38
27734,100000,-2.63768959e+37; 2.55215974e+38,9.36451325e+37; -2.03633892e+38
30002,100000,-2.44416057e+38; 1.0485663e+38,-1.0200469e+38; -1.96283627e+38
28870,100000,9.71524783e+37; 3.32928371e+38,-1.77549029e+38; -2.27215519e+38
28492,100000,-1.14760267e+38; -1.28025176e+38,-2.34750657e+38; -8.89610317e+37
28483,100000,-2.62918563e+38; 3.25301069e+38,-1.28930268e+38; 3.06970132e+38
31873,100000,2.79634048e+38; 2.79402017e+38,-2.07012109e+38; -2.66956994e+38
28747,100000,-1.18061117e+38; -1.24862367e+38,6.40158939e+37; 1.96466372e+38
27890,100000,-1.99078888e+38; 3.0734128e+38,3.05001927e+38; 5.02076244e+37
28031,100000,1.72656892e+38; -1.18304263e+38,-1.78652271e+38; -1.9809259e+37
28430,100000,2.16673615e+38; -1.13699842e+38,2.46967049e+36; 2.05210646e+38
29488,100000,-6.3207148e+37; -2.49161112e+37,2.95127517e+38; 5.43480957e+37
28189,100000,-6.31102032e+37; 1.90779387e+38,1.03601997e+37; -3.02018993e+38
29534,100000,3.08377122e+38; 1.54688614e+38,-2.24639004e+38; 2.34073123e+38
42065,100000,-1.25646262e+38; -2.59067137e+38,-2.28802618e+38; 2.1569653e+38
41664,100000,-9.3738462e+37; 2.95431935e+38,2.9114683e+38; 3.06175954e+38
42504,100000,-6.23187328e+37; -3.144155e+38,-6.37452809e+37; 3.12343956e+38
34129,100000,2.57982251e+38; -1.8452845e+38,6.96952221e+37; -6.18311336e+37
42297,100000,2.97031974e+38; -5.23909243e+37,-8.51086669e+36; 1.12967728e+38
42560,100000,-1.41703156e+37; -1.10158553e+38,5.807833e+37; 1.01886839e+38
38461,100000,1.51912439e+38; -1.96734323e+38,2.29797957e+38; 2.65653677e+37
43891,100000,9.57790854e+37; 1.94758755e+38,-7.23371378e+37; 2.27407188e+38
43210,100000,3.14520502e+38; -1.44877272e+38,4.04712083e+37; -1.88552013e+38
43376,100000,2.93892926e+37; 2.24494634e+38,3.2193425e+38; -2.0334073e+38
29702,100000,2.30458636e+38; -3.35929904e+38,2.14949346e+38; 2.90331356e+38
28919,100000,-1.39705466e+37; 5.62413674e+37,-8.08799366e+37; -1.14210743e+37
27652,100000,-1.58212023e+38; -1.03879739e+37,2.42169496e+38; -2.493833e+38
28301,100000,5.41318244e+36; -2.57282528e+38,9.54701133e+36; 4.57220883e+37
29655,100000,1.11310969e+38; -2.07934553e+38,1.61956841e+37; 1.00648283e+38
29359,100000,3.15025392e+38; 7.97358566e+37,-2.96044626e+38; -1.00580398e+38
28603,100000,-1.64371162e+38; 8.64638817e+37,2.29690886e+38; 2.61865359e+38
29909,100000,-2.80076427e+38; 2.70907561e+38,-2.53774036e+38; -2.45099311e+38
30624,100000,-1.45762194e+38; 2.26528635e+38,2.10140205e+38; 9.39581205e+37
28961,100000,1.93735934e+38; -1.7697092e+38,2.57684546e+38; -1.1103524e+38
28850,100000,-3.0345732e+38; -1.39939631e+38,-2.25430545e+38; 1.01613533e+38
29359,100000,-3.23696305e+38; 2.6264465e+38,-5.92276885e+37; 2.8682118e+38
29074,100000,-1.76251848e+38; -3.26635469e+38,5.49731197e+36; -2.60526375e+38
28933,100000,-8.06817775e+37; -7.53930061e+36,2.68264601e+38; -2.65452344e+38
28840,100000,-2.22259857e+38; -1.71688488e+38,6.42372764e+37; -1.85245007e+38
28423,100000,-2.58749818e+38; -1.4264495e+38,1.15880353e+38; 1.27778744e+38
28362,100000,-2.06703452e+38; -7.93813099e+37,1.79340774e+36; 1.98337546e+38
35099,100000,-1.83457032e+38; -2.39590405e+38,-2.48219982e+38; -4.86690141e+36
