elapsed.ps,repeats.n,param.a.color3,param.b.color3,param.alpha.float
53735,100000,0.105882; 0.14902; 0.592157,0.866667; 0.576471; 0.894118,0.33368845393216107
49839,100000,0.0705882; 0.588235; 0.572549,0.623529; 0.266667; 0.819608,0.29025158809165025
52812,100000,0.45098; 0.286275; 0.388235,0.215686; 0.341176; 0.435294,0.07208415236171489
51795,100000,0.298039; 0.305882; 0.52549,0.854902; 0.996078; 0.819608,0.8576065235118582
51998,100000,0.498039; 0.878431; 0.0117647,0; 0.690196; 0.678431,0.7334257320212624
52312,100000,0.67451; 0.698039; 0.309804,0.568627; 0.45098; 0.760784,0.6074551865169074
49561,100000,0.152941; 0.0823529; 0.0235294,0.113725; 0.0313726; 0.192157,0.55825402595231
48134,100000,0.286275; 0.341176; 0.215686,0.0470588; 0.34902; 0.305882,0.7649078192716006
52915,100000,0.909804; 0.729412; 0.572549,0.117647; 0.054902; 0.403922,0.8056660628559148
55398,100000,0.113725; 0.976471; 0.0470588,0.282353; 0.0117647; 0.835294,0.7795898605845695
51774,100000,0.611765; 0.745098; 0.552941,0.843137; 0.741176; 0.286275,0.1275390697229414
55206,100000,0.584314; 0.419608; 0.478431,0.952941; 0.694118; 0.596078,0.973486604878174
51351,100000,0.643137; 0.701961; 0.952941,0.0156863; 0.843137; 0.835294,0.9702643607818492
51676,100000,0.811765; 0.996078; 0.866667,0.478431; 0.890196; 0.517647,0.0696998997634186
48801,100000,0.854902; 0.439216; 0.517647,0.580392; 0.462745; 0.933333,0.47635846796654596
56750,100000,0.180392; 0.439216; 0.054902,0.490196; 0.0627451; 0.721569,0.525335052506114
59482,100000,0.0196078; 0.607843; 0.32549,0.556863; 0.694118; 0.494118,0.49261116110719594
49548,100000,0.886275; 0.980392; 0.505882,0.541176; 0.952941; 0.521569,0.24644473235822428
48966,100000,0.815686; 0.14902; 0.0666667,0.909804; 0.0117647; 0.796078,0.11817924698581427
49902,100000,0.854902; 0.741176; 0.94902,0.4; 0.282353; 0.780392,0.12117621072778698
50523,100000,0.27451; 0.768627; 0.0823529,0.164706; 0.788235; 0.317647,0.12187607279427908
48925,100000,0.611765; 0.0705882; 0.223529,0.94902; 0.717647; 0.619608,0.3038694889396509
48775,100000,0.415686; 0.160784; 0.196078,0.266667; 0.733333; 0.364706,0.7473840511896161
57636,100000,0.0156863; 0.0941176; 0.682353,0.729412; 0.317647; 0.615686,0.14876465477395143
48825,100000,0.27451; 0.643137; 0.709804,0.878431; 0.858824; 0.682353,0.7453964711622759
55343,100000,0.45098; 0.741176; 0.32549,0.698039; 0.945098; 0.101961,0.07882554876014972
50934,100000,0.811765; 0.176471; 0.698039,0.537255; 0.423529; 0.254902,0.6005431243798361
49061,100000,0.858824; 0.627451; 0.156863,0.454902; 0.764706; 0.435294,0.030351341180289974
55867,100000,0.682353; 0.388235; 0.333333,0.329412; 0.219608; 0.121569,0.673564476057263
52946,100000,0.945098; 0.682353; 0.517647,0.294118; 0.0156863; 0.356863,0.29041687925113946
47819,100000,0.529412; 0.52549; 0.317647,0.341176; 0.811765; 0.564706,0.624791178931845
49052,100000,0.133333; 0.243137; 0.709804,0.662745; 0.917647; 0.901961,0.41055536769546425
53389,100000,0.0745098; 0.490196; 0.921569,0.905882; 0.176471; 0.219608,0.7207506872189409
47153,100000,0.32549; 0.101961; 0.458824,0.760784; 0.878431; 0.964706,0.4456098710488592
48218,100000,0.741176; 0.498039; 0.0313726,0.00392157; 0.443137; 0.752941,0.9445595421658586
52259,100000,0.141176; 0.423529; 0.321569,0.313726; 0.145098; 0.352941,0.35596763636279827
47116,100000,0.0392157; 0.121569; 0.239216,0.113725; 0.439216; 0.458824,0.7316804470040839
47271,100000,0; 0.623529; 0.027451,0.890196; 0.180392; 0.0745098,0.31043849039847754
55099,100000,0.643137; 0.862745; 0.937255,0.278431; 0.541176; 0.270588,0.15490028493328728
49923,100000,0.258824; 0.0313726; 0.211765,0.968627; 0.164706; 0.788235,0.7091980399754801
54345,100000,0.141176; 0.721569; 0.341176,0.752941; 0.0352941; 0.27451,0.4136196835513111
49778,100000,0.529412; 0.0901961; 0.941176,0.815686; 0.407843; 0.898039,0.3145955223666195
49915,100000,0.0941176; 0.576471; 0.564706,0.301961; 0.27451; 0.192157,0.03934807530541005
52526,100000,0.603922; 0.376471; 0,0.227451; 0; 0.384314,0.8389212923054316
46615,100000,0.0941176; 0.0352941; 0.0901961,0.890196; 0.396078; 0.878431,0.024967844865075892
48372,100000,0.835294; 0.176471; 0.74902,0.87451; 0.133333; 0.666667,0.4224033213775971
51564,100000,0.34902; 0.121569; 0.2,0.219608; 0.92549; 0.196078,0.0164783615165937
48900,100000,0.443137; 0.168627; 0.0666667,0.392157; 0.466667; 0.701961,0.9083573802614924
49634,100000,0.4; 0.94902; 0.345098,1; 0.490196; 0.509804,0.41443412727630374
51865,100000,0.835294; 0.505882; 0.584314,0.815686; 0.313726; 0.909804,0.5960142169747712
63376,100000,0.137255; 0.176471; 0.352941,0.0235294; 0; 0.12549,0.1901498381406821
50981,100000,0.737255; 0.380392; 0.109804,0.294118; 0.145098; 0.780392,0.5598075058387165
47255,100000,0.0431373; 0.392157; 0.0431373,0.141176; 0.0431373; 0.301961,0.18053849075125897
51053,100000,0.266667; 0.415686; 0.172549,0.847059; 0.647059; 0.866667,0.2077141312461526
50331,100000,0.627451; 0.968627; 0.807843,0.592157; 0.4; 0.831373,0.5525072651024587
54090,100000,0.992157; 0.168627; 0.431373,0.533333; 0.933333; 0.0470588,0.2905337352783891
49851,100000,0.372549; 0.776471; 0.807843,0.952941; 0.435294; 0.27451,0.9715381810479982
49190,100000,0.0352941; 0.694118; 0.815686,0.788235; 0.878431; 0.105882,0.31821675900245144
49547,100000,0.164706; 0.0470588; 0.772549,0.756863; 0.505882; 0.74902,0.9319386329805959
55331,100000,0.380392; 0.564706; 0.639216,0.54902; 0.596078; 0.341176,0.39132502646431083
48540,100000,0.866667; 0.54902; 0.2,0.243137; 0.298039; 0.415686,0.024950092365283807
49536,100000,0.576471; 0.52549; 0.509804,0.368627; 0.666667; 0.909804,0.07725181052067616
49618,100000,0.533333; 0.882353; 0.564706,1; 0.6; 0.317647,0.0404043749592121
50757,100000,0.0745098; 0.752941; 0.266667,0.815686; 0.156863; 0.996078,0.3122704612180023
52763,100000,0.345098; 0.490196; 0.611765,0.0352941; 0.74902; 0.219608,0.32132822251873655
58544,100000,0.572549; 0.470588; 0.196078,0.533333; 0.956863; 0.388235,0.3924257736203888
52793,100000,0.0156863; 0.980392; 0.529412,0.180392; 0.223529; 0.407843,0.998688731315285
49064,100000,0.356863; 0.141176; 0.670588,0.211765; 0.137255; 0.839216,0.6676098070481006
53958,100000,0.796078; 0.364706; 0.545098,0.670588; 0.258824; 0.239216,0.7564359751011113
56119,100000,0.188235; 0.0196078; 0.556863,0.831373; 0.796078; 0.819608,0.38319400771187495
47252,100000,0.00784314; 0.623529; 0.411765,0.839216; 0.984314; 0.188235,0.16487362673483943
46185,100000,0.172549; 0.823529; 0.854902,0.537255; 0.34902; 0.52549,0.9245242859856537
53593,100000,0.490196; 0.0196078; 0.203922,0.835294; 0.333333; 0.858824,0.03785370247318168
47106,100000,0.160784; 0.317647; 0.854902,0.807843; 0.266667; 0.286275,0.16503157097124369
46243,100000,0.67451; 0.490196; 0.431373,0.92549; 0.701961; 0.686275,0.28437501174452867
54765,100000,0.870588; 0.427451; 0.811765,0.266667; 0.345098; 0.898039,0.875529424699298
47339,100000,0.0745098; 0.647059; 0.419608,0.607843; 0.792157; 0.529412,0.7151157450394585
46528,100000,0.34902; 0.537255; 0.494118,0.6; 0.596078; 0.74902,0.7864382352515324
52183,100000,0.231373; 0.513726; 0.835294,0.827451; 0.92549; 0.580392,0.15549712689144002
52875,100000,0.807843; 0.72549; 0.0235294,0.858824; 0.0823529; 0.854902,0.44816045343570166
50735,100000,0.698039; 0.192157; 0.992157,0.741176; 0.568627; 0.909804,0.2741596486927324
49743,100000,0.898039; 0.74902; 0.364706,0.423529; 0.478431; 0.584314,0.5817340428267673
51451,100000,0.176471; 0.411765; 0.431373,0.929412; 0.0784314; 0.286275,0.2527361610241869
51734,100000,0.215686; 0.345098; 1,0.827451; 0.313726; 0.0823529,0.483951177984591
50320,100000,0.239216; 0.313726; 0.32549,0.345098; 0.411765; 0.180392,0.58636709490925
51678,100000,0.556863; 0.92549; 0.854902,0.552941; 0.698039; 0.368627,0.7469047584449395
48238,100000,0.47451; 0.360784; 0.0627451,0.211765; 0.466667; 0.505882,0.8951565533223725
48915,100000,0.776471; 0.0235294; 0.529412,0.121569; 0.905882; 0.219608,0.4034057441555794
54962,100000,0.364706; 0.423529; 0.737255,0.509804; 0.188235; 0.431373,0.5389220900356541
49872,100000,0.254902; 0.717647; 0.215686,0.184314; 0.737255; 0.356863,0.5495069828262286
49785,100000,0.909804; 0.176471; 0.176471,0.819608; 0.396078; 0.988235,0.49458027618929923
47197,100000,0.027451; 0.0666667; 0.439216,0.266667; 0.67451; 0.52549,0.7566279863839679
48263,100000,0.258824; 0.580392; 0.286275,0.223529; 0.423529; 0.192157,0.7213714053018498
53716,100000,0.729412; 0.282353; 0.482353,0.466667; 0.686275; 0.160784,0.6908919347545345
46325,100000,0.482353; 0.894118; 0.27451,0.435294; 0.921569; 0.635294,0.5502846344259813
47620,100000,0.619608; 0.721569; 0.392157,0.309804; 0.878431; 0.0705882,0.5627628194891713
47380,100000,0.768627; 0.337255; 0.0588235,0.541176; 0.615686; 0.713726,0.9360525173080455
47018,100000,0.376471; 0.0980392; 0.0705882,0.941176; 0.105882; 0.890196,0.8405297873094252
47819,100000,0.482353; 0.94902; 0.701961,0.623529; 0.27451; 0.243137,0.5548381711933119
49252,100000,0.239216; 0.32549; 0.345098,0.486275; 0.682353; 0.611765,0.2371769473551982
56869,100000,0.627451; 0.819608; 0.745098,0.913725; 0.509804; 0.458824,0.3442917072085034
48153,100000,0.054902; 0.0196078; 0.705882,0.254902; 0.529412; 0.254902,0.4278592490156581
47293,100000,0.780392; 0.819608; 0.541176,0.568627; 0.0235294; 0.564706,0.3506617147164527
56253,100000,0.615686; 0.0784314; 0.901961,0.145098; 0.415686; 0.0117647,0.14752179919555225
49433,100000,0.964706; 0.682353; 0.858824,0.988235; 0.392157; 0.203922,0.5561374766325858
49950,100000,0.831373; 0.564706; 0.890196,0.94902; 0.945098; 0.32549,0.9810488131741633
56991,100000,0.309804; 0.67451; 0.411765,0.329412; 0.541176; 0.854902,0.21006303913004606
49918,100000,0.34902; 0.45098; 0.419608,0.192157; 0.894118; 0.431373,0.280697030929698
47557,100000,0.886275; 0.85098; 0.427451,0.290196; 0.117647; 0.196078,0.0901177512406163
48582,100000,0.858824; 0.27451; 0.27451,0.85098; 0.501961; 0.0431373,0.2942658790523114
51143,100000,0.588235; 0.541176; 0.921569,0.317647; 0.384314; 0.470588,0.013889846593767049
50451,100000,0.129412; 0.376471; 0.133333,0.309804; 0.0509804; 0.176471,0.2969256137189759
47185,100000,0.0196078; 0.101961; 0.239216,0.278431; 0.435294; 0.980392,0.00853193181055445
51167,100000,0.960784; 0.945098; 0.729412,0.964706; 0.176471; 0.00784314,0.760191608946855
47287,100000,0.631373; 0.0431373; 0.670588,0.262745; 0.294118; 0.294118,0.32340265256513157
46734,100000,0.305882; 0.333333; 0.592157,0.321569; 0.843137; 0.176471,0.4191755329375249
49806,100000,0.745098; 0.909804; 0.235294,0.662745; 0.384314; 0.352941,0.544245920396719
46751,100000,0.752941; 0.65098; 0.2,0.443137; 0.619608; 0.00392157,0.2938447179178019
46007,100000,0.498039; 0.243137; 0.705882,0.419608; 0.423529; 0.760784,0.22776329759527447
57437,100000,0.654902; 0.294118; 0.556863,0.337255; 0.188235; 0.988235,0.649302949655848
49359,100000,0.278431; 0.643137; 0.137255,0.819608; 0; 0.65098,0.1275731775539876
50244,100000,0.678431; 0.384314; 0.419608,0.301961; 0.0784314; 0.282353,0.41075708877164385
55716,100000,0.301961; 0.866667; 0.643137,0.862745; 0.341176; 0.521569,0.6279260181963493
47852,100000,0.568627; 0.34902; 0.341176,0.854902; 0.6; 0.952941,0.39938724608681797
51548,100000,0.282353; 0.678431; 0.109804,0.827451; 0.270588; 0.929412,0.40131482790350337
53864,100000,0.0588235; 0.388235; 0.180392,0.670588; 0.67451; 0.0784314,0.9087625359198646
49269,100000,0.92549; 0.0705882; 0.0784314,0.129412; 0.8; 0.772549,0.7350383774100395
50950,100000,0.168627; 0.372549; 0.741176,0.415686; 0.443137; 0.270588,0.7118733295071727
51887,100000,0.411765; 0.290196; 0.760784,0.211765; 0.0392157; 0.960784,0.4933528544392118
52205,100000,0.156863; 0.168627; 0.952941,0.494118; 0.988235; 0.980392,0.5904092426923511
56608,100000,0.905882; 0.764706; 0.917647,0.831373; 0.764706; 0.180392,0.18245973254660158
59281,100000,0.372549; 0.690196; 0.529412,0.501961; 0.109804; 0.0117647,0.9306760802004432
52396,100000,0.172549; 0.203922; 0.545098,0.415686; 0.172549; 0.905882,0.2653442208462511
51712,100000,0.741176; 0.270588; 0.176471,0.305882; 0.611765; 0.0313726,0.4046976942380113
48164,100000,0.180392; 0.431373; 0.109804,0.784314; 0.513726; 0.976471,0.7540515121744074
50879,100000,0.513726; 0.72549; 0.223529,0.956863; 0.603922; 0.94902,0.21472065464699694
59606,100000,0.25098; 0.266667; 0.705882,0.478431; 0.0745098; 0.482353,0.23652980388275963
55362,100000,0.356863; 0.298039; 0.815686,0.34902; 0.803922; 0.960784,0.12830830494743142
48500,100000,0.709804; 0.156863; 0.423529,0.211765; 0.74902; 0.968627,0.14556675860878449
53690,100000,0.482353; 0.0509804; 0.615686,0.65098; 0.32549; 0.764706,0.2928688211322542
48164,100000,0.121569; 0.694118; 0.270588,0.0431373; 0.760784; 0.0980392,0.9536841680720095
49928,100000,0.811765; 0.196078; 0.294118,0.498039; 0.839216; 0.882353,0.07069087452735609
50084,100000,0.180392; 0.87451; 0.6,0.709804; 0.713726; 0.713726,0.523061182253958
48063,100000,0.0431373; 0.603922; 0.513726,0.262745; 0.835294; 0.901961,0.7788201970175548
48576,100000,0.0392157; 0.529412; 0.392157,0.721569; 0.772549; 0.168627,0.3779886773024419
49512,100000,0.0313726; 0.741176; 0.368627,0.74902; 0.0901961; 0.67451,0.23707727074992815
47606,100000,0.94902; 0.27451; 0.203922,0.54902; 0.564706; 0.0588235,0.854247256813631
49141,100000,0.0980392; 0.247059; 0.878431,0.921569; 0.517647; 0.0156863,0.4061117222493995
54058,100000,0.509804; 0.533333; 0.517647,0.980392; 0.603922; 0.74902,0.5634344475909547
53892,100000,0.541176; 0.109804; 0.580392,0.00784314; 0.988235; 0.662745,0.6423320357002235
70587,100000,0.2; 0.168627; 0.941176,0.188235; 0.211765; 0.854902,0.9946703530717967
50041,100000,0.4; 0.270588; 0.443137,0.360784; 0.709804; 0.0627451,0.7892128115594209
61965,100000,0.207843; 0.729412; 0.380392,0.176471; 0.945098; 0.682353,0.8809160649142902
55333,100000,0.87451; 0.560784; 0,0.00784314; 0.0352941; 0.227451,0.5604212937505672
52683,100000,0.6; 0.196078; 0.917647,0.235294; 0.282353; 0.996078,0.3704261960768815
59580,100000,0.254902; 0.32549; 0.678431,0.964706; 0.521569; 0.878431,0.6572809687100074
51104,100000,0; 0.0666667; 0.788235,0.333333; 0.415686; 0.101961,0.0845929300312616
56608,100000,0.752941; 0.235294; 0.92549,0.286275; 0.0901961; 0.6,0.10375683397632303
54685,100000,0.227451; 0.0784314; 0.192157,0.0313726; 0.168627; 0.854902,0.14517212055212145
52405,100000,0.717647; 0.858824; 0.905882,0.407843; 0.639216; 0.913725,0.2775512672401042
50389,100000,0.419608; 0.45098; 0.976471,0.0352941; 0.32549; 0.192157,0.20063654807130632
58547,100000,0.278431; 0.282353; 0.223529,0.556863; 0.623529; 0.2,0.9986777046604149
49853,100000,0.52549; 0.784314; 0.94902,0.0352941; 0.25098; 0.537255,0.9857353945190215
48371,100000,0.294118; 0.87451; 0.462745,0.0509804; 0.878431; 0.486275,0.9293940368476634
54146,100000,0.796078; 0.603922; 0.270588,0.415686; 0.784314; 0.517647,0.40183686514345146
49177,100000,0.45098; 0.627451; 0.576471,0.027451; 0.388235; 0.560784,0.7062433541775249
56543,100000,0.32549; 0.12549; 0.317647,0.729412; 0.54902; 0.258824,0.4470826740275005
48501,100000,0.686275; 0.929412; 0.815686,0.423529; 0.137255; 0.968627,0.5082980588220041
53633,100000,0.376471; 0.847059; 0.305882,0.54902; 0.207843; 0.137255,0.012976139314577593
70454,100000,0.14902; 0.254902; 0.176471,0.0745098; 0.52549; 0.298039,0.43886906964280165
47223,100000,0.592157; 0.596078; 0.94902,0.337255; 0.333333; 0.0156863,0.9059604409890357
60230,100000,0.890196; 0.509804; 0.533333,0.572549; 0.313726; 0.243137,0.5187774009121753
54750,100000,0.219608; 0.831373; 0.501961,0.337255; 0.607843; 0.52549,0.06902304620419764
50826,100000,0.117647; 0.792157; 0.909804,0.0901961; 0.752941; 0.423529,0.36009610905637474
66246,100000,0.439216; 0.305882; 0.713726,0.227451; 0.560784; 0.682353,0.7114238957229235
48868,100000,0.509804; 0.443137; 0.792157,0.764706; 0.941176; 0.698039,0.5442826023908428
55438,100000,0.796078; 0.356863; 0.45098,0.85098; 0.0352941; 0.784314,0.8424099803016069
51952,100000,0.141176; 0.854902; 0.780392,0.466667; 0.960784; 0.501961,0.1263657670264182
47860,100000,0.964706; 0.839216; 0.658824,0.623529; 0.419608; 0.760784,0.8494819451772025
55864,100000,0.301961; 0.784314; 0.321569,0.776471; 0.0431373; 0.768627,0.9015618444793162
53903,100000,0.890196; 0.341176; 0.815686,0.360784; 0.0392157; 0.207843,0.9675166636860969
50291,100000,0.588235; 0.027451; 0.643137,0.913725; 0.984314; 0.0666667,0.45680525333068717
52611,100000,0.45098; 0.694118; 0.403922,0.670588; 0.94902; 0.027451,0.43926254121890457
56835,100000,0.235294; 0.141176; 0.54902,0.85098; 0.572549; 0.686275,0.13290256367847456
56932,100000,0.309804; 0.788235; 0.180392,0.988235; 0.258824; 0.290196,0.4726757161473464
52438,100000,0.643137; 0.356863; 0.466667,0.176471; 0.760784; 0.25098,0.9224724079004258
48902,100000,0.0392157; 0.619608; 0.0235294,0.298039; 0.415686; 0.686275,0.4145131951204036
56957,100000,0.443137; 0.333333; 0.219608,0.619608; 0.164706; 0.882353,0.14427471133690292
47826,100000,0.517647; 0.478431; 0.882353,0.372549; 0.592157; 0.12549,0.13583382553270038
51048,100000,0.627451; 0.980392; 0.0862745,0.278431; 0.956863; 0.678431,0.6252809053597109
51359,100000,0.156863; 0.164706; 0.494118,0.764706; 0.756863; 0.054902,0.5903612216880789
55571,100000,0.870588; 0.176471; 0.552941,0.376471; 0.654902; 0.588235,0.9090794709734767
50353,100000,0.737255; 0.545098; 0.113725,0.556863; 0.447059; 0.188235,0.7098806338106802
50631,100000,0.886275; 0.32549; 0.215686,0.109804; 0.611765; 0.266667,0.08689934009440231
56088,100000,0.207843; 0.705882; 0.627451,0.780392; 0.756863; 0.32549,0.6379567801916943
48328,100000,0.717647; 0.384314; 0.94902,0.596078; 0.356863; 0.952941,0.683206191451585
48313,100000,0.94902; 0.364706; 0.945098,0.25098; 0.231373; 0.282353,0.3062707601918952
53746,100000,0.505882; 0.513726; 0.662745,0.811765; 0.698039; 0.886275,0.4777463164427294
46661,100000,0.423529; 0.65098; 0.611765,0.643137; 0.454902; 0.572549,0.38230283634790574
53675,100000,0.478431; 0.215686; 0.811765,0.65098; 0.356863; 0.258824,0.9814524099248156
51018,100000,0.776471; 0.054902; 0.254902,0.678431; 0.435294; 0.823529,0.5856267172893821
51137,100000,0.854902; 0.945098; 0.960784,0.360784; 0.968627; 0.627451,0.42472096717867364
51265,100000,0.0784314; 0.168627; 0.364706,0.788235; 0.721569; 0.478431,0.45822993195593065
49327,100000,0.701961; 0.886275; 0.384314,0.52549; 0.0901961; 0.588235,0.22901916692186178
50560,100000,0.705882; 0.788235; 0.309804,0.984314; 0.662745; 0.301961,0.19611815085360898
51026,100000,0.270588; 0.356863; 0.690196,0.254902; 0.796078; 0.243137,0.4000879399884483
50192,100000,0.329412; 0.156863; 0.0980392,0.184314; 0.658824; 0.364706,0.22854560382118208
50585,100000,0.0980392; 0.870588; 0.184314,0.784314; 0.00392157; 0.682353,0.7615491136605206
51014,100000,0.760784; 0.847059; 0.00392157,0.658824; 0.87451; 0.619608,0.08336683355811399
51428,100000,0.419608; 0.823529; 0.403922,0.47451; 0.396078; 0.909804,0.6825034310627031
49923,100000,0.760784; 0.976471; 0.788235,0.101961; 0.482353; 0.403922,0.07349148995723338
67409,100000,0.160784; 0.976471; 0.635294,0.32549; 0.517647; 0.85098,0.6055960246182457
50329,100000,0.545098; 0.00392157; 0.815686,0.780392; 0.419608; 0.6,0.09652721243278087
56175,100000,1; 0.152941; 0.443137,0.396078; 0.333333; 0.321569,0.2516058485239661
49541,100000,0.392157; 0.054902; 0.266667,0.0431373; 0.403922; 0.603922,0.4745563660356893
50767,100000,0.113725; 0.380392; 0.733333,0.027451; 0.776471; 0.713726,0.7232908999202493
65961,100000,0.258824; 0.717647; 0.0117647,0.431373; 0.4; 0.698039,0.9999976298592019
47650,100000,0.713726; 0.615686; 0.192157,0.682353; 0.196078; 0.72549,0.1521068575103429
58437,100000,0.568627; 0.92549; 0.815686,0.623529; 0.772549; 0.72549,0.3354122833613845
51124,100000,0.345098; 0.654902; 0.396078,0.133333; 0.745098; 0.823529,0.7368994184947688
48553,100000,0.239216; 0.658824; 0.458824,0.694118; 0.403922; 0.796078,0.056552760412972955
52580,100000,0.913725; 0.658824; 0.52549,0.243137; 0.772549; 0.564706,0.9369870921848934
55460,100000,0.521569; 0.886275; 0.411765,0.568627; 0.580392; 0.976471,0.6494083031787872
52463,100000,0.760784; 0.788235; 0,0.25098; 0.407843; 0.682353,0.22640003866167857
55676,100000,0.505882; 0.290196; 0.0823529,0.709804; 0.592157; 0.537255,0.6469057695270242
49125,100000,0.462745; 0.87451; 0.341176,0.803922; 0.141176; 0.0666667,0.8401079398508826
48232,100000,0.831373; 0.447059; 0.2,0.356863; 0.223529; 0.45098,0.3824884643549471
49583,100000,0.352941; 0.0627451; 0.709804,0.796078; 0.894118; 0.407843,0.13676493075214827
49583,100000,0.0117647; 0.435294; 0.533333,0.94902; 0.556863; 0.32549,0.17292061669941328
49781,100000,0.890196; 0.0431373; 0.270588,0.0235294; 0.721569; 0.662745,0.9869797830701666
51997,100000,0.352941; 0.215686; 0.309804,0.588235; 0.211765; 0.690196,0.3052751146220691
54289,100000,0.0588235; 0.478431; 0.443137,0.384314; 0.780392; 0.34902,0.7371510280595648
48143,100000,0.552941; 0.976471; 0.164706,0.211765; 0.721569; 0.882353,0.36913670224029144
50532,100000,0.054902; 0.392157; 0.729412,0.796078; 0.00392157; 0.698039,0.1368120074011574
54314,100000,0.972549; 0.623529; 0.898039,0.67451; 0.635294; 0.203922,0.9418245951162565
53897,100000,0.0588235; 0.768627; 0.788235,0.168627; 0.34902; 0.831373,0.745082515177891
70065,100000,0.254902; 0.854902; 0.470588,0.305882; 0.792157; 0.00392157,0.19706630172391848
67465,100000,0.901961; 0.0196078; 0.592157,0.517647; 0.0627451; 0.129412,0.3180545750408523
61214,100000,0.952941; 0.0901961; 0.0156863,0.0627451; 0.423529; 0.972549,0.5062108516639111
65138,100000,0.890196; 0.0470588; 0.0745098,0.996078; 0.823529; 0.603922,0.12443880086848116
48187,100000,0.14902; 0.313726; 0.670588,0.270588; 0.0784314; 0.901961,0.3919031895148458
54395,100000,0.45098; 0.133333; 0.537255,0.729412; 0.0313726; 0.85098,0.8864666229547223
46845,100000,0.396078; 0.32549; 0.541176,0.439216; 0.466667; 0.278431,0.7954785362427489
50250,100000,0.807843; 0.933333; 1,0.152941; 0.839216; 0.243137,0.35813607636833894
52398,100000,0.92549; 0.835294; 0.152941,0.105882; 0.345098; 0.870588,0.23693923620293586
47893,100000,0.521569; 0.180392; 0.356863,0.431373; 0.0588235; 0.592157,0.9674376228811915
49630,100000,0.835294; 0.698039; 0.913725,0.905882; 0.188235; 0.619608,0.40815885260650164
49924,100000,0.576471; 0.772549; 0.34902,0.0509804; 0.235294; 0.215686,0.48867741518426494
47527,100000,0.352941; 0.588235; 0.529412,0.235294; 0.0705882; 0.0705882,0.29920001650674466
59754,100000,0.239216; 0.52549; 0.67451,0.47451; 1; 0.0392157,0.5904232990622549
47721,100000,0.243137; 0.372549; 0.74902,0.054902; 0.819608; 0.607843,0.6209062230312394
55024,100000,0.407843; 0.623529; 0.976471,0.756863; 0.94902; 0.956863,0.3722453105849045
66693,100000,0.403922; 0.705882; 0.737255,0.6; 0.741176; 0.219608,0.34875321036121226
48971,100000,0.713726; 0.105882; 0,0.109804; 0.603922; 0.490196,0.6729436134588687
63367,100000,0.533333; 0.0196078; 0.721569,0.105882; 0.156863; 0.6,0.32385705224292916
50082,100000,0.717647; 0.721569; 0.188235,0.364706; 0.160784; 0.45098,0.4022701941591315
50615,100000,0.776471; 0.960784; 0.890196,0.427451; 0.788235; 0.313726,0.2622897999734408
62196,100000,0.752941; 0.25098; 0.568627,0.509804; 0.145098; 0.878431,0.13900829269501813
50356,100000,0.364706; 0.509804; 0.45098,0.301961; 0.866667; 0.603922,0.6780545152131687
59540,100000,0.34902; 0.952941; 0.329412,0.882353; 0.270588; 0.537255,0.6577055668980409
62054,100000,0; 0.690196; 0.152941,0.764706; 0.788235; 0.454902,0.2887025781856703
71586,100000,0.372549; 0.721569; 0.533333,0.678431; 0.756863; 0.556863,0.402309065115477
49615,100000,0.678431; 0.141176; 0.443137,0.819608; 0.611765; 0.305882,0.1143504413158087
48293,100000,1; 0.682353; 0.760784,0.0784314; 0.188235; 0.231373,0.05845224095342599
51274,100000,0.905882; 0.266667; 0.760784,0.188235; 0.470588; 0.427451,0.7501033487509313
50553,100000,0.968627; 0.0666667; 0.866667,0.152941; 0.462745; 0.905882,0.15526940396829542
48262,100000,0.0392157; 0.227451; 0.847059,0.933333; 0.956863; 0.411765,0.9087716212855919
73755,100000,0.537255; 0.764706; 0.411765,0.0901961; 0.972549; 0.239216,0.0068058413947358004
55950,100000,0.286275; 0.87451; 0.121569,0.376471; 0.835294; 0.0862745,0.6701313297039727
49279,100000,0.278431; 0.027451; 0.129412,0.341176; 0.168627; 0.27451,0.680875910729073
57493,100000,0.764706; 0.592157; 0.85098,0.0509804; 0.933333; 0.384314,0.09436543650068395
49241,100000,0.580392; 0.909804; 0.666667,0.85098; 0.352941; 0.207843,0.13392005771178844
53111,100000,0.603922; 0.27451; 0.827451,0.752941; 0.901961; 0.984314,0.3653828626272703
57224,100000,0.407843; 0.8; 0.588235,0.231373; 0.647059; 0.109804,0.7318829939276599
49055,100000,0.192157; 0.560784; 0.184314,0.47451; 0.639216; 0.00784314,0.5585842418055291
49669,100000,0.878431; 0.435294; 0.890196,0.384314; 0.721569; 0.0941176,0.3934434792562252
50621,100000,0.772549; 0.0235294; 0.192157,0.952941; 0.784314; 0.380392,0.8238075298860368
50667,100000,0.137255; 0.498039; 0.376471,0.996078; 0.392157; 0.0941176,0.025045743051337138
50143,100000,0.827451; 0.34902; 0.741176,0.815686; 0.0196078; 0.792157,0.760872251664959
51549,100000,0.384314; 0.188235; 0.462745,0.756863; 0.552941; 0.0509804,0.2574633389739369
58031,100000,0.603922; 0.239216; 0.94902,0.862745; 0.258824; 0.333333,0.033744334255843805
68247,100000,0.792157; 0.811765; 0.0627451,0.32549; 0.976471; 0.976471,0.2142753508614431
46982,100000,0.952941; 0.596078; 0.639216,0.988235; 0.552941; 0.203922,0.7845023231818604
49163,100000,0.0352941; 0.913725; 0.45098,0.811765; 0.670588; 0.0392157,0.14663575019965933
47649,100000,0.466667; 0.662745; 0.682353,0.984314; 0.858824; 0.898039,0.6457555399419919
49507,100000,0.223529; 0.866667; 0.188235,0.34902; 0.917647; 0.572549,0.3858841661967154
49036,100000,0.631373; 0.74902; 0.882353,0.933333; 0.509804; 0.94902,0.4364638992004178
49553,100000,0.054902; 0.545098; 0.0313726,0.47451; 0.890196; 0.501961,0.14431667395258282
52031,100000,0.517647; 0.376471; 0.560784,0.968627; 0.780392; 0.705882,0.42638509897873383
52736,100000,0.960784; 0.509804; 0.705882,0.054902; 0.192157; 0.635294,0.5514676189051063
53618,100000,0.298039; 0.54902; 0.4,0.298039; 0.294118; 0.913725,0.9379887086927855
49003,100000,0.470588; 0.705882; 0.4,0.0431373; 0.552941; 0.8,0.548135659574154
47564,100000,0.886275; 0.623529; 0.698039,0.654902; 0.564706; 0.615686,0.9771065753155211
51454,100000,0.352941; 0.894118; 0.423529,0.027451; 0.72549; 0.6,0.753218498666824
48472,100000,0.392157; 0.521569; 0.4,0.611765; 0.776471; 0.847059,0.7621261693416255
48586,100000,0.745098; 0.698039; 0.654902,0.72549; 0.65098; 0.364706,0.8565897505048257
52223,100000,0.509804; 0.0705882; 0.345098,0.356863; 0.835294; 0.901961,0.5923870758818728
48830,100000,0.67451; 0.878431; 0.454902,0.741176; 0.494118; 0.541176,0.5861252061302376
49079,100000,0.388235; 0.0901961; 0.0313726,0.419608; 0.380392; 0.933333,0.3964358272933719
55039,100000,0.713726; 0.309804; 0.356863,0.286275; 0.776471; 0.431373,0.6458454689416715
48642,100000,0.0705882; 0.227451; 0.12549,0.301961; 0.482353; 0.388235,0.11648393753303671
56342,100000,0.364706; 0.211765; 0.776471,0.607843; 0.0745098; 0.823529,0.9100434538747099
52943,100000,0.0705882; 0.294118; 0.505882,0.686275; 0.980392; 0.752941,0.7480686828428762
51118,100000,0.184314; 0.298039; 0.192157,0.654902; 0.356863; 0.796078,0.18443929205403015
58389,100000,0.866667; 0.564706; 0.886275,0.121569; 0.505882; 0.843137,0.3384693180424699
48372,100000,0.996078; 0.0980392; 0.478431,0.196078; 0.670588; 0.87451,0.6700485785624841
57183,100000,0.909804; 0.45098; 0.941176,0.65098; 0.305882; 0.239216,0.132673881530882
54130,100000,0.976471; 0.956863; 0.0117647,0.0980392; 0.360784; 0.12549,0.7668400487713424
48763,100000,0.537255; 0.827451; 0.654902,0.752941; 0.14902; 0.94902,0.8588231943656194
54448,100000,0.886275; 0.87451; 0.890196,0.85098; 0.223529; 0.968627,0.6121543710811728
51479,100000,0.87451; 0.94902; 0.0431373,0.12549; 0.34902; 0.435294,0.8037695063792227
54008,100000,0.317647; 0.27451; 0.109804,0.454902; 0.92549; 0.784314,0.03260768982900722
49015,100000,0.913725; 0.654902; 0.576471,0.462745; 0.188235; 0.0352941,0.8867652324563242
51909,100000,0.564706; 0.266667; 0.486275,0.00392157; 0.909804; 0.439216,0.3383787584299165
54893,100000,0.607843; 0.956863; 0.360784,0.0235294; 0.898039; 0.152941,0.6984741371692362
51472,100000,0.345098; 0.764706; 0.380392,0.384314; 0.894118; 0.258824,0.3181225327018836
50284,100000,0.878431; 0.486275; 0.462745,0.4; 0.392157; 0.176471,0.4736645840970782
52375,100000,0.215686; 0.901961; 0.533333,0.454902; 0.270588; 0.6,0.4933838451464913
55036,100000,0.247059; 0.0862745; 0.00784314,0.254902; 0.909804; 0.847059,0.48635782004647204
60479,100000,0.298039; 0.219608; 0.0705882,0.188235; 0.819608; 0.92549,0.15352935996547054
55495,100000,0.901961; 0.956863; 0.737255,0.439216; 0.564706; 0.443137,0.16624419031845966
54436,100000,0.623529; 0.980392; 0.596078,0.654902; 0.545098; 0.933333,0.49028004642268097
49607,100000,0.568627; 0.137255; 0.533333,0.403922; 0.541176; 0.584314,0.1254431671216309
50142,100000,0.537255; 0.137255; 0.827451,0.458824; 0.45098; 0.415686,0.6720442843648052
50582,100000,0.698039; 0.207843; 0.505882,0; 0.133333; 0,0.3985683207991249
47723,100000,0.666667; 0.917647; 0.878431,0.113725; 0.458824; 0.45098,0.16330552116743788
50379,100000,0.0627451; 0.152941; 0.933333,0.666667; 0.435294; 0.866667,0.5561793041389761
57802,100000,0.411765; 0.717647; 0.847059,0.72549; 0.607843; 0.627451,0.2562472856842715
62331,100000,0.0901961; 0.713726; 0.533333,0.133333; 0.576471; 0.305882,0.5509943217332829
52530,100000,0.298039; 0.647059; 0.552941,0.117647; 0.709804; 0.47451,0.40966053122005597
60760,100000,0.0627451; 0.901961; 0.8,0.811765; 0.470588; 0.352941,0.7253856886748693
50555,100000,0.352941; 0.207843; 0.101961,0.470588; 0.0392157; 0.627451,0.716637552124752
48624,100000,0.572549; 0.654902; 0.698039,0.203922; 0.517647; 0.619608,0.8501578075832157
48282,100000,0.752941; 0.054902; 0.639216,0.92549; 0.360784; 0.101961,0.8259031908174507
53555,100000,0.176471; 0.6; 0.823529,0.286275; 0.101961; 0.403922,0.6749232857316076
52127,100000,0.282353; 0.396078; 0.564706,0.0196078; 0.52549; 0.0470588,0.24343857203230304
48168,100000,0.364706; 0.356863; 0.992157,0.364706; 0.929412; 0.705882,0.044948738868200895
49521,100000,0.486275; 0.996078; 0.133333,0.184314; 0.0941176; 0.556863,0.723512837093659
50755,100000,0.623529; 0.137255; 0.160784,0.513726; 0.862745; 0.729412,0.9279221550621494
57801,100000,0.996078; 0.737255; 0.94902,0.0196078; 0.0352941; 0.588235,0.8078609549461572
50971,100000,0.847059; 0.176471; 0.121569,0.647059; 0.87451; 0.898039,0.6906305734900234
57803,100000,0.0588235; 0.635294; 0.372549,0.854902; 0.631373; 0.482353,0.14806806553700616
48969,100000,0.129412; 0.792157; 0.847059,0.0156863; 0.647059; 0.564706,0.3945433632661312
50044,100000,0.0156863; 0.964706; 0.662745,0.176471; 0.454902; 0.72549,0.8028799935610543
50555,100000,0.729412; 0.792157; 0.835294,0.776471; 0.545098; 0.309804,0.6143530833892962
48162,100000,0.713726; 0.584314; 0.0392157,0.298039; 0.780392; 0.968627,0.18365132226078507
49407,100000,0.956863; 0.156863; 0.486275,0.215686; 0.701961; 0.478431,0.017991329718204545
49658,100000,0.454902; 0.678431; 0.321569,0.164706; 0.231373; 0.101961,0.8613182567907363
47822,100000,0.996078; 0.890196; 0.482353,0.811765; 0.321569; 0.341176,0.6826514064387937
52783,100000,0.823529; 0.270588; 0.945098,0.4; 0.34902; 0.784314,0.8921259864164262
56217,100000,0.447059; 0.576471; 0.290196,0.215686; 0.207843; 0.427451,0.3603260962575086
51030,100000,0.678431; 0.886275; 0.701961,0.458824; 0.411765; 0.839216,0.9993403763778249
51130,100000,0.478431; 0.780392; 0.419608,0.835294; 0.0784314; 0.592157,0.4674430306799098
57508,100000,0.698039; 0.654902; 0.321569,0.113725; 0.482353; 0.721569,0.15028235652488117
55149,100000,0.517647; 0.054902; 0.494118,0.286275; 0.301961; 0.333333,0.206139537304961
55535,100000,0.866667; 0.701961; 0.627451,0.290196; 0.305882; 0.635294,0.4275332721593014
58760,100000,0.807843; 0.937255; 0.792157,0.737255; 0.494118; 0.541176,0.4218881341791622
50337,100000,0.580392; 0.686275; 0.160784,0.411765; 0.752941; 0,0.37408609583282826
52237,100000,0.572549; 0.596078; 0.0980392,0.92549; 0.458824; 0.647059,0.14398764354460256
51552,100000,0.396078; 0.376471; 0.623529,0.380392; 0.509804; 0.772549,0.7790526588576218
60923,100000,0.592157; 0.184314; 0.505882,0.705882; 0.372549; 0.376471,0.4783703544903432
58901,100000,0.478431; 0.141176; 0.745098,0.854902; 0.47451; 0.960784,0.4541940245802151
56578,100000,0.345098; 0.192157; 0.0784314,0.439216; 0.470588; 0.647059,0.2524399111184715
57322,100000,0.443137; 0.494118; 0.580392,0.917647; 0.0313726; 0.14902,0.5489086852976682
54215,100000,0.643137; 0.576471; 0.32549,0.172549; 0.968627; 0.372549,0.8989034594750495
58548,100000,0.329412; 0.584314; 0.964706,0.317647; 0.121569; 0.294118,0.29241765735372915
57992,100000,0.545098; 0.627451; 0.164706,0.980392; 0.560784; 0.0509804,0.11512645581198047
58348,100000,0.72549; 0.541176; 0.870588,0.694118; 0.105882; 0.305882,0.9503647836770036
57797,100000,0.643137; 0.639216; 0.380392,0.462745; 0.423529; 0.737255,0.36508839153872286
52289,100000,0.827451; 0.027451; 0.486275,0.843137; 0.760784; 0.517647,0.5114296684741944
48194,100000,0.815686; 0.34902; 0.545098,0.439216; 0.745098; 0.882353,0.2311706254693024
53490,100000,0.219608; 0.27451; 0.419608,0.67451; 0.917647; 0,0.1339171920052827
58217,100000,0.101961; 0.882353; 0.901961,0.278431; 0.0901961; 0.380392,0.4546849055479986
51538,100000,0.160784; 0.243137; 0.180392,0.294118; 0.623529; 0.792157,0.30660192715575785
48837,100000,0.168627; 0.423529; 0.941176,0.207843; 0.760784; 0.847059,0.26587541160827977
53134,100000,0.243137; 0.486275; 0.894118,0.258824; 0.662745; 0.752941,0.7067038680148029
53034,100000,0.32549; 0.803922; 0.317647,0.980392; 0.0313726; 0.235294,0.13059298681044107
48097,100000,0.611765; 0.341176; 0.4,0.0980392; 0.419608; 0.737255,0.28310166208387977
51546,100000,0.890196; 0.956863; 0.0784314,0.576471; 0.588235; 0.988235,0.479040932197491
50893,100000,0.0901961; 0.65098; 0.411765,0.117647; 0.45098; 0.956863,0.5669235827951846
48038,100000,0.517647; 0.556863; 0.596078,0.537255; 0.941176; 0.239216,0.6658605901120521
51071,100000,0.2; 0.454902; 0.67451,0.054902; 0.662745; 0.427451,0.8630262685081407
49564,100000,0.603922; 0.27451; 0.109804,0.219608; 0.65098; 0.666667,0.11098266464001368
48144,100000,0.643137; 0.215686; 0.121569,0.909804; 0.333333; 0.372549,0.5756745869028219
48877,100000,0.517647; 0.807843; 0.768627,0.854902; 0.133333; 0.160784,0.5156204097247395
67634,100000,0.419608; 0.47451; 0.647059,0.254902; 0.952941; 0.211765,0.03419364276953792
67544,100000,0.952941; 0.631373; 0.258824,0.184314; 0.290196; 0.984314,0.8791731662696715
68203,100000,0.917647; 0.988235; 0.356863,0.0980392; 0.678431; 0.180392,0.8761199851004488
53587,100000,0.815686; 0.435294; 0.858824,0.835294; 0.0901961; 0.0431373,0.15927782190464027
53763,100000,0.541176; 0.0784314; 0.0705882,0.952941; 0.105882; 0.333333,0.4889939492020364
50407,100000,0.396078; 0.721569; 0.141176,0.0470588; 0.564706; 0.788235,0.3768775748228835
48825,100000,0.545098; 0.0431373; 0.388235,0.0980392; 0.329412; 0.54902,0.4447108910761725
51819,100000,0.0705882; 0.984314; 0.101961,0.545098; 0.6; 0.509804,0.028662877404776427
49243,100000,0.713726; 0.0901961; 0.501961,0.780392; 0.0745098; 0.235294,0.530669546809677
47950,100000,0.498039; 0.0313726; 0.258824,0.317647; 0.498039; 0.760784,0.9946848861754162
54929,100000,0.870588; 0; 0.713726,0.254902; 0.227451; 0.498039,0.31022354180402617
52761,100000,0.807843; 0.964706; 0.168627,0.00784314; 0.501961; 0.227451,0.345692702148909
49625,100000,0.266667; 0.380392; 0.301961,0.0784314; 0.996078; 0.733333,0.7432471338121038
47602,100000,0.870588; 0.960784; 0.87451,0.32549; 0.792157; 0.564706,0.3456787595641401
47462,100000,0.639216; 0.968627; 0.823529,0.231373; 0.517647; 0,0.14344055946403342
48507,100000,0.501961; 0.847059; 0.0941176,0.286275; 0.737255; 0.545098,0.12722225775003337
51653,100000,0.203922; 0.262745; 0.807843,0.258824; 0.419608; 0.054902,0.006169479405306374
49083,100000,0.741176; 1; 0.870588,0.0784314; 0.0823529; 0.980392,0.045602608251332166
52727,100000,0.32549; 0.160784; 0.184314,0.254902; 0.956863; 0.701961,0.15992007549493684
49357,100000,0.737255; 0.890196; 0.717647,0.403922; 0.172549; 0.498039,0.15090064035031156
48369,100000,0.647059; 0.537255; 0.0980392,0.141176; 0.980392; 0.666667,0.2918576840816884
51520,100000,0.588235; 0.164706; 0.8,0.0862745; 0.137255; 0.972549,0.9121633308597672
52328,100000,0.74902; 0.462745; 0.72549,0.054902; 0.878431; 0.568627,0.43123685849950566
47749,100000,0.960784; 0.835294; 0.466667,0.623529; 0.466667; 0.164706,0.18237035219068745
49828,100000,0.117647; 0.482353; 0.521569,0.490196; 0.117647; 0.00784314,0.1447445561718616
50165,100000,0.239216; 0.0431373; 0.321569,0.945098; 0.858824; 0.388235,0.059282070724734924
49524,100000,0.498039; 0.360784; 0.223529,0.152941; 0.592157; 0.780392,0.19055471361108514
48503,100000,0.364706; 0.372549; 0.694118,0.501961; 0.972549; 0.556863,0.9783612852456975
48469,100000,0.52549; 0.458824; 0.784314,0.462745; 0.631373; 0.0196078,0.17893503497109675
48840,100000,0.392157; 0; 0.776471,0.870588; 0.784314; 0.247059,0.6992182299999435
49438,100000,0.541176; 0.290196; 0.603922,0.537255; 0.266667; 0.411765,0.6752507331195347
49122,100000,0.513726; 0.372549; 0.552941,0.176471; 0.643137; 0.694118,0.7286236181578217
48466,100000,0.32549; 0.529412; 0.262745,0.054902; 0.486275; 0.670588,0.19345388781690742
51357,100000,0.717647; 0.498039; 0.0627451,0.611765; 0.498039; 0.764706,0.7603658107535632
60038,100000,0.439216; 0.223529; 0.0627451,0.411765; 0.815686; 0.996078,0.5708583274882548
50907,100000,0.278431; 0.0666667; 0.501961,0.172549; 0.803922; 0.94902,0.29061543008407537
59030,100000,0.54902; 0.27451; 0.588235,0.541176; 0.823529; 0.0588235,0.25136506051135743
54089,100000,0.482353; 0.572549; 0.627451,0.823529; 0.470588; 0.0901961,0.1991648264734855
49273,100000,0.219608; 0.941176; 0.423529,0.733333; 0.619608; 0.0392157,0.06838785496938896
61063,100000,0.356863; 0.556863; 0.87451,0.913725; 0.866667; 0.286275,0.5958118212571405
48750,100000,0.137255; 0.803922; 0.0862745,0.333333; 0.65098; 0.85098,0.7784697313147236
50346,100000,0.14902; 0.396078; 0.764706,0.356863; 0.509804; 0.458824,0.2390972917594312
57715,100000,0.521569; 0.784314; 0.219608,0.329412; 0.105882; 0.623529,0.3674483282709969
47934,100000,0.396078; 0.137255; 0.286275,0.741176; 0.694118; 0.494118,0.3535874437946533
52190,100000,0.0235294; 0.941176; 0.454902,0.027451; 0.8; 0.686275,0.7934229704559266
51604,100000,0.788235; 0.34902; 0.0313726,0.341176; 0.819608; 0.482353,0.001281201370561995
47591,100000,0.670588; 0.235294; 0.341176,0.407843; 0.831373; 1,0.05577717915851182
63188,100000,0.909804; 0.32549; 0.498039,0.258824; 0.207843; 0.643137,0.2033746788633792
50262,100000,0.431373; 0.839216; 0.0705882,0.431373; 0.0901961; 0.184314,0.902707889512822
55326,100000,0.133333; 0.807843; 0.615686,0.380392; 0.470588; 0.368627,0.7303985882593024
55187,100000,0.415686; 0.74902; 0.756863,0.737255; 0.286275; 0.607843,0.909872361775234
47668,100000,0.666667; 0.705882; 0.556863,0.0392157; 0.552941; 0.192157,0.7831173937487473
55215,100000,0.105882; 0.996078; 0.435294,0.329412; 0.952941; 0.705882,0.38136747395136106
68340,100000,0.847059; 0.0392157; 0.117647,0.184314; 0.0784314; 0.933333,0.15383866749390873
50576,100000,0.529412; 0.839216; 0.00784314,0.980392; 0.572549; 0.941176,0.7011132874548879
50160,100000,0.0156863; 0.121569; 0.454902,0.796078; 0.243137; 0.396078,0.6596133929019625
53874,100000,0.2; 0.654902; 0.407843,0.396078; 0.858824; 0.705882,0.2644990354592587
48301,100000,0; 0.580392; 0.388235,0.133333; 0.172549; 0.176471,0.46499683042172296
52715,100000,0.92549; 0.756863; 0.231373,0.737255; 0.141176; 0.231373,0.3537775827414493
50206,100000,0.772549; 0.603922; 0.694118,0.152941; 0.921569; 0.992157,0.815600433998984
47893,100000,0.0980392; 0.52549; 0.686275,0.576471; 0.862745; 0.988235,0.537565793388188
54933,100000,0.729412; 0.552941; 0.827451,0.74902; 0.54902; 0.552941,0.883121691983902
50333,100000,0.313726; 0.513726; 0.713726,0.533333; 0.184314; 0.807843,0.6909356230067316
49519,100000,0.823529; 0.223529; 0.552941,0.8; 0.835294; 0.321569,0.6999248424419245
53977,100000,0.423529; 0.556863; 0.396078,0.278431; 0.2; 0.682353,0.29999416398338724
58051,100000,0.505882; 0.431373; 0.788235,0.580392; 0.827451; 0.886275,0.39915207913606393
55540,100000,0.847059; 0.729412; 0.262745,0.560784; 0.105882; 0.501961,0.5213695263275304
49330,100000,0.619608; 0.0313726; 0.0901961,0.101961; 0.92549; 0.470588,0.6182543456567074
48829,100000,0.160784; 0.372549; 0.901961,0.443137; 0.788235; 0.0823529,0.9630473169227062
67773,100000,0.576471; 0.772549; 0.427451,0.584314; 0.396078; 0.941176,0.8515627452412956
69555,100000,0.729412; 0.882353; 0.207843,0.0901961; 0.980392; 0.494118,0.1926109409387731
58826,100000,0.301961; 0.886275; 0.513726,0.647059; 0.0392157; 0.121569,0.863142808196506
63093,100000,0.137255; 0.227451; 0.392157,0.564706; 0.788235; 0.796078,0.7225841890149687
49808,100000,0.105882; 0.12549; 0.121569,0.65098; 0.396078; 0.286275,0.3471131932462134
52300,100000,0.458824; 0.207843; 0.694118,0.0117647; 0.301961; 0.976471,0.5568563980690009
54782,100000,0.733333; 0.576471; 0.164706,0.470588; 0.878431; 0.392157,0.13000651907388233
54947,100000,0.513726; 0.345098; 0.101961,0.34902; 0.823529; 0.333333,0.48490658464251996
50603,100000,0.219608; 0.337255; 0.262745,0.627451; 0.34902; 0.556863,0.08666949090595658
52021,100000,0.133333; 0.92549; 0.886275,0.290196; 0.290196; 0.368627,0.442577337060517
55404,100000,0.482353; 0.996078; 0.87451,0.282353; 0.329412; 0.74902,0.8209820537877103
57177,100000,0.960784; 0.713726; 0.956863,0.0156863; 0.741176; 0.45098,0.1161812869607317
54645,100000,0.235294; 0.796078; 0.203922,0.913725; 0.207843; 0.576471,0.06569740464452166
61964,100000,0.545098; 0.223529; 0.564706,0.733333; 0.552941; 0.32549,0.10750158340138968
51992,100000,0.972549; 0.713726; 0.0901961,0.992157; 0.52549; 0.776471,0.2804900327157105
55831,100000,0.254902; 0.568627; 0.180392,0.556863; 0.356863; 0.333333,0.8631418363795772
49113,100000,0.54902; 0.941176; 0.0470588,0.796078; 0.164706; 0.619608,0.02799371980721364
47742,100000,0.313726; 0.329412; 0.0235294,0.317647; 0.105882; 0.427451,0.5574209870915201
54998,100000,0.443137; 0.827451; 0.568627,0.431373; 0.384314; 0.32549,0.8439499479809578
49675,100000,0.921569; 0.34902; 0.25098,0.105882; 0.133333; 0.145098,0.5780408836724266
49221,100000,0.0666667; 0.509804; 0.0784314,0.431373; 0.0117647; 0.121569,0.6995662768994978
54115,100000,0.635294; 0.968627; 0.709804,0.623529; 0.360784; 0.47451,0.4366432515140523
49325,100000,0.568627; 0.286275; 0.94902,0.160784; 0.52549; 0.882353,0.3044166362822139
48926,100000,0.192157; 0.643137; 0.666667,0.109804; 0.443137; 0.32549,0.156659074771642
52034,100000,0.294118; 0.0666667; 0.168627,0.513726; 0.407843; 0.560784,0.634562774071638
55465,100000,0.290196; 0.764706; 0.541176,0.619608; 0.101961; 0.517647,0.5007965726952855
57079,100000,0.0588235; 0.784314; 0.388235,0.886275; 0.176471; 0.423529,0.4202716288821376
51583,100000,0.466667; 0.0352941; 0.25098,0.101961; 0.882353; 0.133333,0.32368856371108545
49794,100000,0.67451; 0.694118; 0.568627,0.505882; 0.517647; 0.847059,0.9899069823847483
49800,100000,0.941176; 0.823529; 0.364706,0.67451; 0.980392; 0.266667,0.8217766221159692
49063,100000,0.717647; 0.270588; 0.670588,0.117647; 0.988235; 0.823529,0.5356381280772117
62418,100000,0.129412; 0.815686; 0.517647,0.564706; 0.341176; 0.364706,0.11281618464766432
52772,100000,0.423529; 0.227451; 0.52549,0.643137; 0.494118; 0.909804,0.18055670720613443
50945,100000,0.941176; 0.321569; 0.101961,0.101961; 0.917647; 0.392157,0.1562693665084359
50578,100000,0.305882; 0.839216; 0.6,0.654902; 0.886275; 0.6,0.854828861209012
60290,100000,0.360784; 0.890196; 0.992157,0.517647; 0.376471; 0.709804,0.3441393295518135
50132,100000,0.8; 0.0117647; 0.701961,0.85098; 0.384314; 0.533333,0.6168569304258993
52518,100000,0.34902; 0.376471; 0.690196,0.976471; 0.301961; 0.0392157,0.9347962500264623
70427,100000,0.133333; 0.12549; 0.2,0.647059; 0.00392157; 0.321569,0.4274711345318429
50998,100000,0.847059; 0.403922; 0.662745,0.631373; 0.0196078; 0.988235,0.4464982134188943
49535,100000,0.913725; 0.513726; 0.768627,0.45098; 0.752941; 0.34902,0.33307965566361575
49779,100000,0.301961; 0.992157; 0.219608,0.356863; 0.00784314; 0.145098,0.27499483989348744
48623,100000,0.32549; 0.227451; 0.745098,0.443137; 0.196078; 0.423529,0.5266894207864418
51671,100000,0.117647; 0.741176; 0.776471,0.282353; 0.235294; 0.792157,0.6149616954279206
62356,100000,0.529412; 0.0431373; 0.47451,0.980392; 0.623529; 0.439216,0.5291954417871244
56174,100000,0.698039; 0.929412; 0.027451,0.0745098; 0.196078; 0.0784314,0.47502102265832186
52751,100000,0.423529; 0.396078; 0.45098,0.611765; 0.647059; 0.156863,0.5376071278555687
48295,100000,0.898039; 0.0392157; 0.466667,0.882353; 0.258824; 0.847059,0.1597263231562069
51107,100000,0.533333; 0.380392; 0.827451,0.501961; 0.929412; 0.352941,0.8728480920625447
49775,100000,0.768627; 0.635294; 0.0156863,0.188235; 0.72549; 0.0941176,0.28624078391001256
49889,100000,0.313726; 0.431373; 0.352941,0.298039; 0.866667; 0.533333,0.0029357463280552634
50454,100000,0.156863; 0.168627; 0.505882,0.305882; 0.25098; 0.988235,0.17961846222269656
51868,100000,0.0705882; 0.627451; 0.788235,0.254902; 0.780392; 0.698039,0.11138807246439747
49602,100000,0.564706; 0.309804; 0.85098,0.882353; 0.572549; 0.466667,0.5424337126737124
49199,100000,0.831373; 0.372549; 0.952941,0.945098; 0.690196; 0.768627,0.6300137254322521
68240,100000,0.329412; 0.772549; 0.631373,0.470588; 0.607843; 0.25098,0.5650286895300215
46700,100000,0.729412; 0.529412; 0.0156863,0.164706; 0.498039; 0.894118,0.9761279050393695
63336,100000,0.47451; 0.764706; 0.380392,0.423529; 0.298039; 0.431373,0.4557080455005919
64292,100000,0.909804; 0.552941; 0.4,0.556863; 0.164706; 0.541176,0.8361390851712586
49795,100000,0.117647; 0.0705882; 0.498039,0.607843; 0.858824; 0.709804,0.07619934659089103
56343,100000,0.541176; 0.843137; 0.14902,0.647059; 0.682353; 0.556863,0.8483221547785976
47640,100000,0.356863; 0.764706; 0.0823529,0.14902; 0.360784; 0.0784314,0.5268273505611899
57023,100000,0.482353; 0.176471; 0.270588,0.352941; 0.627451; 0.0313726,0.06647762288051737
48281,100000,0.729412; 0.952941; 0.027451,0.423529; 0.0470588; 0.0862745,0.5327665871258477
47373,100000,0.698039; 0.917647; 0.105882,0.670588; 0.45098; 0.921569,0.46224782993509034
51390,100000,0.00784314; 0.266667; 0.619608,0.501961; 0.788235; 0.435294,0.8983522444277963
58645,100000,0.137255; 0.780392; 0.564706,0.564706; 0.6; 0.133333,0.28726827529033544
47066,100000,0.427451; 0.890196; 0.603922,0.52549; 0.0823529; 0.658824,0.169061568830828
53379,100000,0.133333; 0.313726; 0.458824,0.756863; 0.376471; 0.952941,0.15776484393798806
53487,100000,0.0431373; 0.701961; 0.356863,0.172549; 0.317647; 0.0705882,0.3027935459619061
47313,100000,0.533333; 0.54902; 0.447059,0.384314; 0.0470588; 0.411765,0.7332662635198013
48033,100000,0.67451; 0.396078; 0.298039,0.380392; 0.968627; 0.741176,0.42545444000735827
48592,100000,0.34902; 0.8; 0.0117647,0.0784314; 0.0470588; 0.992157,0.4145158160221355
55053,100000,0.623529; 0.0352941; 0.505882,0.396078; 0.231373; 0.533333,0.3385906883853358
48141,100000,0.843137; 0.0156863; 0.627451,0.211765; 0.733333; 0.223529,0.5880636575122322
51861,100000,0.643137; 0.0705882; 0.878431,0.941176; 0.388235; 0.941176,0.028475294910687465
49417,100000,0.607843; 0.835294; 0.27451,0.741176; 0.0509804; 0.184314,0.0006320571376811604
49799,100000,0.447059; 0.219608; 0.878431,0.419608; 0.12549; 0.929412,0.2229153483574494
52590,100000,0.313726; 0.458824; 0.141176,0.996078; 0.309804; 0.0431373,0.5626344693423209
49742,100000,0.0980392; 0.0235294; 0.0745098,0.72549; 0.898039; 0.713726,0.26686355832888714
51743,100000,0.113725; 0.290196; 0.0901961,0.184314; 0.219608; 0.960784,0.8005292416548551
49007,100000,0.733333; 0.713726; 0.545098,0.819608; 0.760784; 0.745098,0.42002732621430766
48452,100000,0.396078; 0.27451; 0.827451,0.247059; 0.301961; 0.819608,0.13122475600993075
58103,100000,0.643137; 0.160784; 0.568627,0.34902; 0.988235; 0.462745,0.647152952425294
48173,100000,0.282353; 0.333333; 0.282353,0.603922; 0.737255; 0.207843,0.6927996769162199
51951,100000,0.227451; 0.407843; 0.364706,0.113725; 0.133333; 0.239216,0.16507188403712875
49193,100000,0.439216; 0.129412; 0.823529,0.870588; 0.976471; 0.960784,0.8337607716848454
47891,100000,0.164706; 0.619608; 0.0745098,0.286275; 0.0235294; 0.235294,0.4014761891318778
50969,100000,0.647059; 0.686275; 0.0313726,0.0941176; 1; 0.701961,0.3188946214625694
50121,100000,0.301961; 0.192157; 0.87451,0.360784; 0.411765; 0.619608,0.3695600034532046
52872,100000,0.180392; 0.290196; 0.588235,0.745098; 0.223529; 0.152941,0.5025660164757917
50345,100000,0.541176; 0.321569; 0.0156863,0.282353; 0.27451; 0.658824,0.3976990236815507
50051,100000,0.309804; 0.282353; 0.788235,0.12549; 0.905882; 0.576471,0.730237484794638
48221,100000,0.839216; 0.490196; 0.00392157,0.976471; 0.176471; 0.529412,0.9380890784604646
51484,100000,0.505882; 0.0627451; 0.984314,0.729412; 0.905882; 0.752941,0.6909283510316159
55475,100000,0.545098; 0.556863; 0.12549,0.662745; 0.643137; 0.0627451,0.7044958230917523
48037,100000,0.870588; 0.882353; 0.0431373,0.403922; 0.258824; 0.172549,0.47469612996734384
49950,100000,0.847059; 0.643137; 0.360784,0.909804; 0.254902; 0.137255,0.555612278287597
53578,100000,0.556863; 0.254902; 0.772549,0.133333; 0.807843; 0.733333,0.9904906597849708
48452,100000,0.403922; 0.184314; 0.996078,0.164706; 0.831373; 0.533333,0.44342160849943457
50247,100000,0.85098; 0.203922; 0.537255,0.207843; 0.411765; 0.964706,0.2478819192337426
52226,100000,0.87451; 0.258824; 0.784314,0.388235; 0.439216; 0.0352941,0.913037091964388
48480,100000,0.0901961; 0.784314; 0.4,0.0352941; 0.529412; 0.32549,0.9450637735346739
51255,100000,0.635294; 0.756863; 0.639216,0.752941; 0.866667; 0.101961,0.848036800833609
52012,100000,0.305882; 0.596078; 0.94902,0.286275; 0.278431; 0.556863,0.7534077090259543
54559,100000,0.0588235; 0.831373; 0.901961,0.686275; 0.247059; 0.0980392,0.9321619053979555
52750,100000,0.152941; 0.0784314; 0.52549,0; 0.423529; 0.0117647,0.35207184293876964
48665,100000,0.360784; 0.882353; 0.498039,0.796078; 0.517647; 0.0980392,0.2179063121125233
50828,100000,0.917647; 0.713726; 0.588235,0.666667; 0.341176; 0.00392157,0.8902818077555072
51506,100000,0.0313726; 0.890196; 0.941176,0.682353; 0.858824; 0.788235,0.8228137696951255
48849,100000,0.313726; 0.662745; 0.611765,0.380392; 0.443137; 0.215686,0.2544070631723124
50444,100000,0.772549; 0.945098; 0.290196,0.752941; 0.0392157; 0.639216,0.37641804993199873
64222,100000,0.694118; 0.917647; 0.156863,0.0392157; 0.164706; 0.537255,0.33426483937707996
48076,100000,0.862745; 0.305882; 0.498039,0.937255; 0.760784; 0.611765,0.3230018874751058
51161,100000,0.807843; 0.0196078; 0.129412,0.258824; 0.8; 0.0196078,0.12736262005610008
54032,100000,0.0509804; 0.4; 0.427451,0.952941; 0.2; 0.270588,0.8879731827260242
50698,100000,0.0745098; 0.486275; 0.0392157,0.0666667; 0.737255; 0.458824,0.5781964629043449
50483,100000,0.670588; 0.00784314; 0.509804,0.831373; 0.376471; 0.592157,0.13336329185314663
48997,100000,0.65098; 0.992157; 0.721569,0.694118; 0.905882; 0.490196,0.9392346861691226
48256,100000,0.733333; 0.737255; 0.847059,0.447059; 0.572549; 0.141176,0.23521771044686454
49271,100000,0.317647; 0.733333; 0.643137,0.701961; 0.694118; 0.682353,0.11357733339941285
50831,100000,0.211765; 0.733333; 0.788235,0.909804; 0.741176; 0.0588235,0.8726302347789109
49536,100000,0.462745; 0.639216; 0.87451,0.592157; 0.388235; 0.686275,0.2675843725401092
48496,100000,0.611765; 0.509804; 0.807843,0.211765; 0.552941; 0.996078,0.9847118785415441
48484,100000,0.219608; 0.227451; 0.380392,0.607843; 0.717647; 0.745098,0.4829432318078697
54601,100000,0.447059; 0.254902; 0.509804,0.501961; 0.933333; 0.458824,0.8025408488249894
48300,100000,0.211765; 0.768627; 0.996078,0.0784314; 0.537255; 0.623529,0.35737020290820115
51786,100000,0.32549; 0.972549; 0.792157,0.792157; 0.427451; 0.164706,0.9701544797888696
51472,100000,0.666667; 0.368627; 0.592157,0.462745; 0.431373; 0.662745,0.05078854487855421
49956,100000,0.913725; 0.635294; 0.0509804,0.980392; 0.698039; 0.784314,0.04196755351066757
51019,100000,0.494118; 0.235294; 0.0941176,0.0745098; 0.87451; 0.203922,0.11034226309435743
50930,100000,0.219608; 0.235294; 0.631373,0.113725; 0.0862745; 0.286275,0.7394454401662356
47972,100000,0.647059; 0.0509804; 0.0509804,0.501961; 0.831373; 0.0784314,0.07726963369551261
47918,100000,0.952941; 0.482353; 0.294118,0.0627451; 0.580392; 0.0470588,0.19799803936144791
49421,100000,0.898039; 0.168627; 0.227451,0.929412; 0.607843; 0.0313726,0.31411298059215953
56686,100000,0.0235294; 0.611765; 0.494118,0.894118; 0.835294; 0.435294,0.6303381741231439
49225,100000,0.615686; 0.301961; 0.054902,0.168627; 0.054902; 0.172549,0.12115416003635367
54317,100000,0.360784; 0.772549; 0.576471,0.619608; 0.87451; 0.101961,0.0027803015418891254
55554,100000,0.396078; 0.537255; 0.407843,0.615686; 0.27451; 0.427451,0.9768284608596542
47879,100000,0.486275; 0.34902; 0.482353,0.262745; 0.984314; 0.980392,0.37380106107579886
54485,100000,0.658824; 0.639216; 0.270588,0.152941; 0.560784; 0.533333,0.6446715450808391
50599,100000,0.537255; 0.894118; 0.513726,0.356863; 0.517647; 0.94902,0.4787424482119661
47058,100000,0.0901961; 0.666667; 0.490196,0.482353; 0.729412; 0.886275,0.2952645114782605
52321,100000,0.4; 0.196078; 0.0745098,0.823529; 0.811765; 0.211765,0.5977611772005733
49582,100000,0.364706; 0.235294; 0.0156863,0.85098; 0.0666667; 0.133333,0.6003500714150147
50860,100000,0.364706; 0.619608; 0.643137,0.901961; 0.596078; 0.866667,0.31483027883162573
50942,100000,0.623529; 0.341176; 0.603922,0.411765; 0.980392; 0,0.5930952954011274
66128,100000,0.47451; 0.619608; 0.517647,0.435294; 0.12549; 0.141176,0.8454426847761691
56035,100000,0.133333; 0.603922; 0.533333,0.956863; 0.796078; 0.054902,0.14197422740521273
53008,100000,0.898039; 0.329412; 0.270588,0.494118; 0.00784314; 0.901961,0.6034700653262292
48933,100000,0.329412; 0.184314; 0.607843,0.819608; 0.768627; 0.592157,0.8911540138345917
47784,100000,0.352941; 0.235294; 0.321569,0.305882; 0.34902; 0.74902,0.3515836808333858
49867,100000,0.8; 0.403922; 0.054902,0.905882; 0.219608; 0.286275,0.7602711580430599
48683,100000,0.596078; 0.176471; 0.12549,0.713726; 0.282353; 0.831373,0.871922535727857
48301,100000,0.501961; 0.458824; 0.133333,0.592157; 0.823529; 0.643137,0.9632685415710456
51583,100000,0.309804; 0.858824; 0.027451,0.027451; 0.705882; 0.87451,0.5619354041786322
48191,100000,0.00392157; 0.772549; 0.235294,0.454902; 0.160784; 0.647059,0.9862788532317104
56889,100000,0.184314; 0.219608; 0.121569,0.976471; 0.447059; 0.47451,0.5597202952624281
48328,100000,0.254902; 0.788235; 0.705882,0.160784; 0.258824; 0.203922,0.11037226748918398
46621,100000,0.14902; 0.0117647; 0.137255,0.607843; 0.403922; 0.227451,0.017455782152578817
56948,100000,0.392157; 0.917647; 0.537255,0.654902; 0.121569; 0.898039,0.9208872481731096
49563,100000,0.239216; 0.564706; 0.231373,0.607843; 0.909804; 0.305882,0.061510500564694905
50457,100000,0.427451; 0.623529; 0.266667,0.364706; 0.545098; 0.172549,0.8461258699628624
52137,100000,0.862745; 0.74902; 0.898039,0.717647; 0.780392; 0.67451,0.6885215383515899
51481,100000,0.815686; 0.403922; 0.0745098,0.270588; 0.137255; 0.541176,0.3077165643661726
55548,100000,0.72549; 0.839216; 0.976471,0.478431; 0.0196078; 0.196078,0.005146903246968955
48549,100000,0.486275; 0.372549; 0.576471,0.411765; 0.564706; 0.960784,0.8268358325145985
50712,100000,0.980392; 0.0313726; 0.945098,0.352941; 0.301961; 0.607843,0.6409617353590543
52914,100000,0.00392157; 0.447059; 0.243137,0.329412; 0.443137; 0.862745,0.9666076620389709
50702,100000,0.709804; 0.996078; 0.341176,0.568627; 0.666667; 0.635294,0.9057999803428142
51328,100000,0.313726; 0.0666667; 0.666667,0.862745; 0.101961; 0.494118,0.5737793278458176
52407,100000,0.490196; 0.152941; 0.760784,0.803922; 0.501961; 0.858824,0.3352070709843298
50945,100000,0.443137; 0.141176; 0.854902,0.74902; 0.737255; 0.227451,0.16425081678241576
47546,100000,0.619608; 0.0901961; 0.745098,0.286275; 0.866667; 0.141176,0.02573226048947724
53353,100000,0.470588; 0.321569; 0.12549,0.807843; 0.411765; 0.686275,0.23546697387019636
50485,100000,0.6; 0.847059; 0.521569,0.00784314; 0.972549; 0.65098,0.7422149779308708
49296,100000,0.27451; 0.235294; 0.607843,0.478431; 0.294118; 0.968627,0.9157082813269497
53557,100000,0.745098; 0.482353; 0.376471,0.345098; 0.811765; 0.854902,0.9684914498232091
53216,100000,0.627451; 0.270588; 0.533333,0.635294; 0.427451; 0.521569,0.6773010892016201
50499,100000,0.47451; 0.847059; 0.843137,0.6; 0.12549; 0.12549,0.2872669498997629
56077,100000,0.34902; 0.545098; 0.0470588,0.545098; 0.807843; 0.752941,0.17279783590598877
53807,100000,0.686275; 0.968627; 0.137255,0.435294; 0.188235; 0.611765,0.6929826447232965
55455,100000,0.423529; 0.886275; 0.482353,0.823529; 0.231373; 0.156863,0.6847252668407091
53422,100000,0.219608; 0.827451; 0.831373,0.6; 0.168627; 0.403922,0.24978233470652003
50434,100000,0.878431; 0.0470588; 0.607843,0.654902; 0.839216; 0.984314,0.6915638505825583
54207,100000,0.796078; 0.564706; 0.964706,0.0666667; 0.643137; 0.25098,0.1799740646702609
50854,100000,0.411765; 0.87451; 0.0352941,0.266667; 0.611765; 0.0509804,0.6833595597792081
51560,100000,0.105882; 0.988235; 0.0588235,0.137255; 0.784314; 0.784314,0.2717761090040394
48768,100000,0.188235; 0.0156863; 0.882353,0.631373; 0.572549; 0.419608,0.12531746849878767
51790,100000,0.227451; 0.776471; 0.843137,0.933333; 0.678431; 0.00392157,0.5581210836424
51420,100000,0.254902; 0.878431; 0.494118,0.85098; 0.141176; 0.537255,0.20457878123294704
50495,100000,0.705882; 0.976471; 0.898039,0.356863; 0.701961; 0.631373,0.43895382754845347
51342,100000,0.596078; 0.2; 0.87451,0.537255; 0.247059; 0.74902,0.49458421571796213
53689,100000,0.341176; 0.505882; 0.858824,0.0117647; 0.901961; 0.478431,0.12331732559160168
50720,100000,0.560784; 0.415686; 0.545098,0.321569; 0.878431; 0.0392157,0.5761915999294805
55453,100000,0.796078; 0.823529; 0.815686,0.666667; 0.12549; 0.635294,0.8840913560085443
49272,100000,0.882353; 0.72549; 0.482353,0.976471; 0.0666667; 0.160784,0.5651354395075582
53730,100000,0.72549; 0.262745; 0.6,0.745098; 0.32549; 0.054902,0.24923243820189214
50233,100000,0.4; 0.262745; 0.666667,0.423529; 0.129412; 0.196078,0.020255127178927714
60254,100000,0.52549; 0.333333; 0.572549,0.890196; 0.27451; 0.262745,0.6243962725183599
50202,100000,0.027451; 0.176471; 0.254902,0.419608; 0.321569; 0.494118,0.24154132059373573
47352,100000,0.545098; 0.203922; 0.870588,0.94902; 0.952941; 0.313726,0.4926896334435741
56410,100000,0.392157; 0.239216; 0.643137,0.356863; 0.458824; 0.184314,0.8917536304240915
49128,100000,0.317647; 0.341176; 0.976471,0.784314; 0.960784; 0.537255,0.5960913029171911
47229,100000,0.647059; 0.717647; 0.666667,0.172549; 0.0196078; 0.564706,0.09458917712243806
55540,100000,0.0117647; 0.0705882; 0.501961,0.811765; 0.0666667; 0.0352941,0.6087050740326043
51845,100000,0.913725; 0.937255; 0.843137,0.239216; 0.470588; 0.815686,0.6745172764862991
50212,100000,0.835294; 0.0431373; 0.211765,0.658824; 0.133333; 0.760784,0.18409495792847322
49075,100000,0.529412; 0.00784314; 0.533333,0.647059; 0.184314; 0.611765,0.8257925201338331
53172,100000,0.866667; 1; 0.513726,0.886275; 0.533333; 0.0196078,0.8333294168387645
51426,100000,0.909804; 0.313726; 0.52549,0.0784314; 0.372549; 0.290196,0.2311266593798409
50000,100000,0.619608; 0.4; 0.105882,0.992157; 0.537255; 0.819608,0.50968932021206
48395,100000,0.87451; 0.168627; 0.854902,0.258824; 0.160784; 0.568627,0.7776818535794053
53051,100000,0.552941; 0.941176; 0.811765,0.901961; 0.984314; 0.27451,0.5362761043554026
51876,100000,0.141176; 0.054902; 0.321569,0.784314; 0.439216; 0.0784314,0.3455278817435491
51714,100000,0.196078; 0.52549; 0.698039,0.211765; 0.396078; 0.423529,0.8069411293980514
58678,100000,0.454902; 0.607843; 0.886275,0.847059; 0.137255; 0.0156863,0.5369903618336617
52792,100000,0.67451; 0.737255; 0.270588,0.705882; 0.333333; 0.764706,0.2423661774894313
48611,100000,0.784314; 0.705882; 0.929412,0.647059; 0.0823529; 0.772549,0.2509990659500442
63213,100000,0.839216; 0.227451; 0.392157,0.666667; 0.694118; 0.733333,0.7279925569398987
49494,100000,0.654902; 0.0470588; 0.196078,0.278431; 0.0352941; 0.607843,0.8401531886735016
48121,100000,0.129412; 0.286275; 0.905882,0.909804; 0.752941; 0.784314,0.07445529021767738
55215,100000,0.921569; 0.431373; 0.411765,0.168627; 0.219608; 0.678431,0.8417149309693875
49721,100000,0.65098; 0.988235; 0.462745,0.858824; 0.470588; 0.737255,0.021345674868282972
55266,100000,0.964706; 1; 0.968627,0.137255; 0.133333; 0.854902,0.34040607065282197
57536,100000,0.219608; 0.882353; 0.054902,0.333333; 0.552941; 0.541176,0.14384217335841828
48438,100000,0.643137; 0.690196; 0.168627,0.698039; 0.105882; 0.117647,0.5959224817424011
51278,100000,0.282353; 0.760784; 0.27451,0.458824; 0.45098; 0.211765,0.5096054956345396
56500,100000,0.427451; 0.529412; 0.0823529,0.0313726; 0.701961; 0.807843,0.7492765301862518
49344,100000,0.745098; 0.631373; 0.501961,0.0235294; 0.184314; 0.0313726,0.10263670780005509
52719,100000,0.180392; 0.121569; 0.298039,0.811765; 0.227451; 0.290196,0.2616380766526297
60060,100000,0.905882; 0.788235; 0.447059,0.568627; 0.121569; 0.0156863,0.5044485134407644
49777,100000,0.0117647; 0.490196; 0.690196,0.0588235; 0.988235; 0.501961,0.4307322233232939
56155,100000,0.819608; 0.803922; 0.254902,0.0705882; 0.231373; 0.341176,0.33001436708109794
52043,100000,0.180392; 0.176471; 0.396078,0.223529; 0.494118; 0.819608,0.10134751127945969
49198,100000,0.984314; 0.74902; 0.733333,0.980392; 0.764706; 0.623529,0.9384432958938892
52584,100000,0.458824; 0.941176; 0.313726,0.223529; 0.8; 0.729412,0.3104245277594573
51651,100000,0.686275; 0.992157; 0.960784,0.168627; 0.286275; 0.529412,0.5277906938777717
54908,100000,0.403922; 0.796078; 0.596078,0.623529; 0.980392; 0.32549,0.009515168193316563
49619,100000,0.682353; 0.984314; 0.627451,0.654902; 0.211765; 0.505882,0.5202489412842842
49768,100000,0.298039; 0.737255; 0.34902,0.027451; 0.188235; 0.00392157,0.007206485263890652
53816,100000,0.54902; 0.658824; 0.164706,0.92549; 0.65098; 0.623529,0.08145777913388531
47925,100000,0.529412; 0.376471; 0.305882,0.992157; 0.258824; 0.952941,0.5715408329055351
46961,100000,0.32549; 0.85098; 0.941176,0.988235; 0.792157; 0.54902,0.4558475781425548
54789,100000,0.380392; 0.0392157; 0.756863,0.203922; 0.607843; 0.870588,0.45734762544548335
55874,100000,0.12549; 0.756863; 0.901961,0.333333; 0.333333; 0.482353,0.9073712343385837
50403,100000,0.286275; 0.662745; 0.741176,0.803922; 0.113725; 0.176471,0.1437870573717064
49315,100000,0.945098; 0.733333; 0.45098,0.847059; 0.2; 0.607843,0.4520465712289867
55496,100000,0.396078; 0.415686; 0.921569,0.141176; 0.0196078; 0.505882,0.4948075173981145
50238,100000,0.333333; 0.894118; 0.52549,0.501961; 0.784314; 0.152941,0.8867314591023964
47925,100000,0.192157; 0.658824; 0.501961,0.811765; 0.584314; 0.807843,0.35826542990184995
48849,100000,0.478431; 0.529412; 0.639216,0.713726; 0.580392; 0.113725,0.48826101897503477
49000,100000,0.0901961; 0.137255; 0.47451,0.494118; 0.737255; 0.729412,0.24618982000155623
47657,100000,0.905882; 0.556863; 0.733333,0.54902; 0.356863; 0.756863,0.549899488813618
55373,100000,0.568627; 0.87451; 0.729412,0.313726; 0.564706; 0.239216,0.899446164973384
52684,100000,0.0666667; 0.811765; 0.47451,0.909804; 0.0588235; 0.784314,0.11738826817908556
52846,100000,0.372549; 0.454902; 0.00392157,0.952941; 0.384314; 0.72549,0.42755197291717484
49836,100000,0.0235294; 0.568627; 0.882353,0.521569; 0.498039; 0.431373,0.21051388978660596
51727,100000,0.0235294; 0.933333; 0.623529,0.321569; 0.709804; 0.411765,0.7181358286701054
49829,100000,0.921569; 0.415686; 0.435294,0.670588; 0.639216; 0.309804,0.3945853592567941
48509,100000,0.364706; 0.027451; 0.803922,0.623529; 0.117647; 0.658824,0.2913262155584948
52461,100000,0.968627; 0.854902; 0.309804,0.556863; 0.521569; 0.141176,0.27860585874356913
48997,100000,0.27451; 0.603922; 0.0392157,0; 0; 0.329412,0.9300112025933286
47135,100000,0.823529; 0.968627; 0.0352941,0.00784314; 0.666667; 0.0980392,0.21167838998715294
53975,100000,0.988235; 0.258824; 0.917647,0.415686; 0.945098; 0.866667,0.3720717263793445
57250,100000,0.658824; 0.384314; 0.647059,0.564706; 0.929412; 0.886275,0.1952656220162213
47770,100000,0.854902; 0.168627; 0.956863,0.101961; 0.858824; 0.0392157,0.15310472834146066
48712,100000,0.0235294; 0.521569; 0.478431,0.4; 0.298039; 0.988235,0.8100346564178228
50285,100000,0.184314; 0.372549; 0.560784,0.882353; 0.992157; 0.639216,0.38583737814764785
48386,100000,0.34902; 0.145098; 0.670588,0.458824; 0.556863; 0.160784,0.47031662422398035
48333,100000,0.686275; 0.737255; 0.47451,0.788235; 0.282353; 0.513726,0.5021160066922266
50710,100000,0.894118; 0.0705882; 0.662745,0.635294; 0.372549; 0.12549,0.32117480831200274
47846,100000,0.913725; 0.909804; 0.270588,0.564706; 0.8; 0.639216,0.4687946329583431
47498,100000,0.968627; 0.572549; 0.956863,0.717647; 0.027451; 0.105882,0.6748924385370321
55903,100000,0.372549; 0.0392157; 0.207843,0.435294; 0.403922; 0.164706,0.0976532913732625
51124,100000,0.235294; 0.341176; 0.129412,0.898039; 0.231373; 0.494118,0.9397554318890264
53886,100000,0.529412; 0.694118; 0.235294,0.141176; 0.0117647; 0.341176,0.6508608727220898
51443,100000,0.623529; 0.941176; 0.713726,0.396078; 0.572549; 0.945098,0.7680623066771082
48549,100000,0.8; 0.682353; 0.921569,0.572549; 0.721569; 0.937255,0.19223450687699853
51688,100000,0.180392; 0.827451; 0.913725,0.831373; 0.682353; 0.0352941,0.19648045349731724
48739,100000,0.780392; 0.823529; 0.843137,0.121569; 0.72549; 0.968627,0.0982999177079208
50761,100000,0; 0.615686; 0.192157,0.427451; 0.509804; 0.976471,0.27486714147209623
50698,100000,0.596078; 0.760784; 0.0392157,0.494118; 0.992157; 0.509804,0.734107304596404
48588,100000,0.458824; 0.666667; 0.54902,0.898039; 0.784314; 0.568627,0.08205473123171127
53219,100000,0.0313726; 0.854902; 0.403922,0.568627; 0.513726; 0.309804,0.9134276169365908
54897,100000,0.701961; 0.615686; 0.0470588,0.788235; 0.572549; 0.121569,0.5921450741334503
52804,100000,0.65098; 0.12549; 0.247059,0.0588235; 0.415686; 0.47451,0.9600146568084968
54377,100000,0.207843; 0.129412; 0.784314,0.054902; 0.419608; 0.423529,0.3851148356941628
50593,100000,0.94902; 0.937255; 0.572549,0.0470588; 0.843137; 0.996078,0.2781615739034096
52599,100000,0.113725; 0.560784; 0.568627,0.854902; 0.686275; 0.0705882,0.536495033099634
48925,100000,0.756863; 0.0470588; 0.537255,0.392157; 0.172549; 0.741176,0.6193796532444044
52742,100000,0.0156863; 0.533333; 0.101961,0.266667; 0.498039; 0.486275,0.5890122422893369
55893,100000,0.137255; 0.788235; 0.215686,0.505882; 0.807843; 0.0784314,0.6228693205149262
48982,100000,0.980392; 0.956863; 0.631373,0.27451; 0.286275; 0.141176,0.11295715208188234
47534,100000,0.0509804; 0.572549; 0.392157,0.345098; 0.32549; 0.313726,0.852006769793735
51745,100000,0.529412; 0.792157; 0.984314,0.227451; 0.631373; 0.384314,0.9418763803752539
54911,100000,0.584314; 0.278431; 0.219608,0.0666667; 0.156863; 0.878431,0.7577087737730497
49843,100000,0.560784; 0.803922; 0.443137,0.435294; 0.12549; 0.839216,0.18028075673539476
49898,100000,0.917647; 0.992157; 0.937255,0.529412; 0.882353; 0.890196,0.6008241595538554
53973,100000,0.541176; 0.803922; 0.513726,0.164706; 0.862745; 0.0823529,0.9344682318243233
49789,100000,0.231373; 0.45098; 0.301961,0.341176; 0.372549; 0.501961,0.5524984933760805
50691,100000,0.0745098; 0.74902; 0.0235294,0.843137; 0.376471; 0.329412,0.5214795262755857
50340,100000,0.188235; 0.968627; 0.627451,0.0627451; 0.494118; 0.505882,0.23831878681387123
46487,100000,0.0980392; 0.92549; 0.968627,0.427451; 0.752941; 0.2,0.940975645681754
49835,100000,0.521569; 0.909804; 0.768627,0.917647; 0.572549; 0.596078,0.28561509698052817
52007,100000,0.721569; 0.172549; 0.0823529,0.352941; 0.560784; 0.564706,0.8812609944339798
53797,100000,0.698039; 0.541176; 0.976471,0.113725; 0.592157; 0.8,0.6949463294682106
53330,100000,0.443137; 0.0352941; 0.901961,0.972549; 0.752941; 0.498039,0.9855678253760747
48783,100000,0.729412; 0.792157; 0.960784,0.945098; 0.588235; 0.945098,0.10858961152590016
53750,100000,0.0862745; 0.752941; 0.980392,0.956863; 0.890196; 0.192157,0.036172230979028254
53003,100000,0.290196; 0.133333; 0.733333,0.368627; 0.160784; 0.505882,0.2519118657565905
49838,100000,0.964706; 0.223529; 0.784314,0.109804; 1; 0.384314,0.02859642054340166
56641,100000,0.486275; 0.160784; 0.568627,0.92549; 0.756863; 0.0627451,0.3605221907402717
48407,100000,0.670588; 0.443137; 0.0509804,0.65098; 0.152941; 0.92549,0.3034856986569879
48453,100000,0.454902; 0.388235; 0.00784314,0.333333; 0.760784; 1,0.2903901818201898
62618,100000,0.466667; 0.0509804; 0.964706,0.152941; 0.560784; 0.537255,0.9426119135999158
59179,100000,0.541176; 0.368627; 0.631373,0.192157; 0.643137; 0.298039,0.046347234212752345
57180,100000,0.486275; 0.270588; 0.552941,0.141176; 0.941176; 0.552941,0.6665377463104964
53635,100000,0.827451; 0.321569; 0.329412,0.976471; 0.0392157; 0.843137,0.6592389841788041
49709,100000,0.462745; 0.403922; 0.670588,0.14902; 0.00784314; 0.929412,0.002845937678843111
50803,100000,0.521569; 0.545098; 0.92549,0.247059; 0.737255; 0.858824,0.6228937253454944
53355,100000,0.87451; 0.941176; 0.439216,0.258824; 0.639216; 0.843137,0.5577907735556283
49885,100000,0.611765; 0.223529; 0.2,0.615686; 0.811765; 0.913725,0.2701430073227298
53226,100000,0.160784; 0.984314; 0.439216,0.698039; 0.34902; 0.141176,0.22372693534672528
61589,100000,0.396078; 0.666667; 0.262745,0.337255; 0.890196; 0.811765,0.2831602929048315
47470,100000,0.615686; 0.552941; 0.188235,0.101961; 0.784314; 0.364706,0.15643601615678318
48564,100000,0.792157; 0.505882; 0.972549,0.607843; 0.396078; 0.756863,0.048157030882246106
62231,100000,0.572549; 0.0196078; 0.145098,0.215686; 0.933333; 0.219608,0.5474977409163518
49132,100000,0.666667; 0.435294; 0.521569,0.862745; 0.141176; 0.486275,0.30758997768550245
53469,100000,0.529412; 0.639216; 0.0784314,0.439216; 0.231373; 0.321569,0.22221523879219512
56159,100000,0.862745; 0.639216; 0.309804,0.356863; 0.933333; 0.792157,0.8914901788545047
48261,100000,0.368627; 0.509804; 0.12549,0.4; 0.54902; 0.494118,0.8356417523438421
57161,100000,0.239216; 0.960784; 0.780392,0.0588235; 0.576471; 0.886275,0.07471426075163536
53374,100000,0.396078; 0.396078; 0.466667,0.298039; 0.603922; 0.0352941,0.84780529677454
51946,100000,0.807843; 0.756863; 0.454902,0.541176; 0.4; 0.45098,0.16873516184864448
54754,100000,0.192157; 0.243137; 0.584314,0.756863; 0.435294; 0.592157,0.28334562517864076
49573,100000,0.101961; 0.811765; 0.160784,0.337255; 0.588235; 0.133333,0.6383978148360507
51300,100000,0.509804; 0.584314; 0.760784,0.729412; 0.243137; 0.623529,0.5695638799871403
49641,100000,0.305882; 0.803922; 0.486275,0.105882; 0.298039; 0.133333,0.6224867616038025
52812,100000,0.686275; 0.627451; 0.113725,0.133333; 0.164706; 0.631373,0.8559247525924978
49224,100000,0.65098; 0.298039; 0.67451,0.054902; 0.937255; 0.0235294,0.21253542838047654
48856,100000,0.882353; 0.392157; 0.972549,0.905882; 0.784314; 0.717647,0.4087301114121978
53328,100000,0.854902; 0.768627; 0.239216,0.580392; 0.635294; 0.831373,0.30591503171151596
49131,100000,0.2; 0.788235; 0.647059,0.243137; 0.258824; 0.462745,0.38443725751197166
58401,100000,0.517647; 0.917647; 0.447059,0.72549; 0.964706; 0.890196,0.3064397143576359
59847,100000,0.921569; 0.843137; 0.54902,0.431373; 0.870588; 0.815686,0.5498138931996278
48007,100000,0.592157; 0.776471; 0.698039,0.619608; 0.854902; 0.505882,0.9901522351907536
48594,100000,0.12549; 0.52549; 0.858824,0.976471; 0.235294; 0.160784,0.6967794334768386
54335,100000,0.803922; 0.490196; 0.835294,0.207843; 0.380392; 0.870588,0.20592714360665035
48327,100000,0.0235294; 0.666667; 0.533333,0.235294; 0.992157; 0.0470588,0.41915284001227004
52901,100000,0.647059; 0.388235; 0.156863,0.356863; 0.231373; 1,0.9061318514344512
59644,100000,0.0784314; 0.545098; 0.517647,0.470588; 0.447059; 0.654902,0.3278208324818337
48131,100000,0.968627; 0.576471; 0.00784314,0.788235; 0.631373; 0.87451,0.5730110233469398
51086,100000,0.933333; 0.615686; 0.0313726,0.709804; 0.498039; 0.0470588,0.6785345015949626
51439,100000,0.14902; 0.729412; 0.670588,0.152941; 0.6; 0.0392157,0.7939900498509624
56650,100000,0.756863; 0.435294; 0.0313726,0.0392157; 0.596078; 0.8,0.7161147240115942
48019,100000,0.329412; 0.027451; 0.203922,0.521569; 0.752941; 0.631373,0.06530857234552717
52273,100000,0.223529; 0.580392; 0.694118,0.431373; 0.968627; 0.317647,0.4021549118456644
52791,100000,0.988235; 0.717647; 0.0117647,0.321569; 0.862745; 0.592157,0.6160133113330464
49984,100000,0.372549; 0.294118; 0.0117647,0.211765; 0.0313726; 0.239216,0.07727572088292962
50998,100000,0.85098; 0.262745; 0.784314,0.2; 0.760784; 0.345098,0.06906033754285636
54430,100000,0.572549; 0.454902; 0.972549,0.447059; 0.65098; 0.529412,0.7882122126766494
51314,100000,0.568627; 0.34902; 0.47451,0.529412; 0.0431373; 0.454902,0.3803284905948271
51935,100000,0.352941; 0.105882; 0,0.321569; 0.505882; 0.486275,0.20402491428650638
49365,100000,0.439216; 0.356863; 0.45098,0.560784; 0.901961; 0.898039,0.32938397921622464
56192,100000,0.152941; 0.266667; 0.282353,0.831373; 0.0666667; 0.0941176,0.3773296653824268
49805,100000,0.105882; 0.290196; 0.607843,0.964706; 0.917647; 0.639216,0.9352374923505158
54365,100000,0.705882; 0.580392; 0.152941,0.117647; 0.00392157; 0.980392,0.15122991246767017
49367,100000,0.184314; 0.905882; 0.407843,0.94902; 0.407843; 0.835294,0.3859393460293564
48890,100000,0.796078; 0.321569; 0.760784,0.737255; 0.937255; 0.337255,0.19256631257088808
50187,100000,0.219608; 0.380392; 0.670588,0.388235; 0.152941; 0.0313726,0.3975889627996365
48280,100000,0.207843; 0.827451; 0.478431,0.760784; 0.87451; 0.0627451,0.9136289997017585
49393,100000,0.898039; 0.996078; 0.298039,0.203922; 0.0784314; 0.862745,0.3304567004544721
52247,100000,0.976471; 0.470588; 0.682353,0.894118; 0.141176; 0.729412,0.23702443768976422
50103,100000,0.854902; 0.729412; 0.203922,0.337255; 0.113725; 0.227451,0.24710692838940998
59255,100000,0.113725; 0.517647; 0.32549,0.203922; 0.494118; 0.172549,0.7977078668947807
48395,100000,0.576471; 0.807843; 0.0666667,0.85098; 0.784314; 0.290196,0.955139104296787
51601,100000,0.737255; 0.992157; 0.160784,0.85098; 0.188235; 0.458824,0.394643806393875
49467,100000,0.0666667; 0.572549; 0.133333,0.905882; 0.294118; 0.470588,0.9132307630617422
47669,100000,0.976471; 0.878431; 0.203922,0.984314; 0.623529; 0.823529,0.4387256865904617
52373,100000,0.329412; 0.909804; 0.352941,0.647059; 0.133333; 0.878431,0.4915063010321665
49347,100000,0.894118; 0.364706; 0.027451,0.756863; 0.239216; 0.788235,0.6804907437060932
46938,100000,0.658824; 0.164706; 0.796078,0.831373; 0.560784; 0.588235,0.44405787559465115
50934,100000,0.713726; 0.00784314; 0.513726,0.47451; 0.815686; 0.34902,0.4007201451596821
50611,100000,0.635294; 0.658824; 0.333333,0.317647; 0.737255; 0.172549,0.9036362151356171
49284,100000,0.92549; 0.364706; 0.662745,0.462745; 0.341176; 0.713726,0.895248914503812
57045,100000,1; 0.819608; 0.407843,0.101961; 0.580392; 0.54902,0.7936514994941503
52613,100000,0.184314; 0.933333; 0.313726,0.909804; 0.482353; 0.54902,0.3167105246993465
48715,100000,0.392157; 0.0235294; 0.67451,0.337255; 0.615686; 0.45098,0.8856868592414309
51491,100000,0.32549; 0.239216; 0.815686,0; 0.745098; 0.513726,0.2369913659680223
51000,100000,0.835294; 0.8; 0.501961,0.509804; 0.921569; 0.694118,0.3561781156810207
50317,100000,0.988235; 0.2; 0.552941,0.47451; 0.690196; 0.811765,0.6499735722103928
60468,100000,0.627451; 0.360784; 0.372549,0.0823529; 0.235294; 0.839216,0.33464946632698506
51126,100000,0.235294; 0.584314; 0.207843,0.0627451; 0.364706; 0.0666667,0.9042995587222418
55460,100000,0.188235; 0.615686; 0.560784,0.47451; 0.882353; 0.0823529,0.25987881513391276
67081,100000,0.231373; 0.968627; 0.180392,0.992157; 0.219608; 0.643137,0.3065453840461661
48970,100000,0.509804; 0.682353; 0.121569,0.960784; 1; 0.388235,0.5298902694358547
59263,100000,0.380392; 0.85098; 0.0588235,0.203922; 0.211765; 0.258824,0.09135503560817489
53466,100000,0.12549; 0.831373; 0.054902,0.384314; 0.65098; 0.333333,0.3775809366158158
51880,100000,0.341176; 0.584314; 0.384314,0.941176; 0.384314; 0.870588,0.3523645006237964
56403,100000,0.447059; 0.639216; 0.776471,0.760784; 0.529412; 0.596078,0.1852956986304904
48942,100000,0.976471; 0.486275; 0.984314,0.380392; 0.807843; 0.788235,0.40608320337679576
49612,100000,0.752941; 0.72549; 0.113725,0.588235; 0.709804; 0.262745,0.07944914603170065
57993,100000,0.854902; 0.827451; 0.278431,0.545098; 0.752941; 0.305882,0.846659105093353
50875,100000,0.470588; 0.294118; 0.0941176,0.847059; 0.611765; 0.780392,0.3877855352029008
57183,100000,0.376471; 0.454902; 0.67451,0.701961; 0.121569; 0.121569,0.8523036902175933
50491,100000,0.6; 0.105882; 0.258824,0.670588; 0.0196078; 0.576471,0.6138177413786589
48463,100000,0.909804; 0.290196; 0.992157,0.521569; 0.0862745; 0.772549,0.0758267563052436
54306,100000,0.717647; 0.0784314; 0.545098,0.490196; 0.0509804; 0.294118,0.7196875178002464
48161,100000,0.00392157; 0.537255; 0.584314,0.462745; 0.92549; 0.552941,0.5222925636150958
48044,100000,0.0431373; 0.478431; 0.858824,0.556863; 0.4; 0.94902,0.31741035823902536
51695,100000,0.615686; 0.137255; 0.34902,0.980392; 0.776471; 0.0784314,0.5119871614193494
49134,100000,0.772549; 0.552941; 0.168627,0.901961; 0.47451; 0.427451,0.7546142764245516
47719,100000,0.356863; 0.152941; 0.603922,0.784314; 0.560784; 0.321569,0.731402325245408
53929,100000,0.74902; 0.345098; 0.752941,0.305882; 0.109804; 0.682353,0.16791702303232744
51000,100000,0.505882; 0.227451; 0.945098,0.254902; 0.905882; 0.054902,0.849045209827926
47364,100000,0.882353; 0.32549; 0.466667,0.67451; 0.101961; 0.00392157,0.9626414519337226
60300,100000,0.666667; 0.0862745; 0.819608,0.643137; 0.6; 0.984314,0.27064352497397515
48780,100000,0.262745; 0.356863; 0.2,0.509804; 0.796078; 0.478431,0.9177281716221295
47600,100000,0.0156863; 0.431373; 0.25098,0.984314; 0.333333; 0.556863,0.4804726379048341
59896,100000,0.431373; 0.0862745; 0.0117647,0.294118; 0.705882; 0.94902,0.3451789064692898
48359,100000,0.243137; 0.827451; 0.141176,0.117647; 0.113725; 0.0196078,0.8439758973732364
48139,100000,0.0588235; 0.992157; 0.419608,0.298039; 0.317647; 0.0901961,0.4305273805700202
58171,100000,0.768627; 0.996078; 0.137255,0.109804; 0.454902; 0.909804,0.9588620659483755
47521,100000,0.796078; 0.619608; 0.721569,0.470588; 0.0117647; 0.694118,0.4365988663435339
58409,100000,0.239216; 0.301961; 0.490196,0.968627; 0.00392157; 0.239216,0.9999821396534333
48151,100000,0.933333; 0.807843; 0.411765,0.713726; 0.458824; 0.223529,0.021698241935129935
47560,100000,0.403922; 0.207843; 0.662745,0.0588235; 0.929412; 0.105882,0.8516464400887563
54223,100000,0.0705882; 0.407843; 0.85098,0.254902; 0.278431; 0.27451,0.193104888874922
48912,100000,0.984314; 0.662745; 0.196078,0.462745; 0.0235294; 0.113725,0.7729411812672576
47374,100000,0.658824; 0.498039; 0.627451,0.780392; 0.0235294; 0.956863,0.6681473098029288
51031,100000,0.541176; 0.956863; 0.341176,0.0470588; 0.835294; 0.572549,0.3966985899926551
49960,100000,0.6; 0.0313726; 0.752941,0.764706; 0.0313726; 0.819608,0.1671527800853578
46822,100000,0.654902; 1; 0.796078,0.454902; 0.6; 0.435294,0.5484054899158801
52972,100000,0.988235; 0.188235; 0.717647,0.482353; 0.160784; 0.345098,0.7619002703036106
57147,100000,0.54902; 0.2; 0.752941,0.301961; 0.94902; 0.0509804,0.099355261500792
51046,100000,0.823529; 0.298039; 0.890196,0.886275; 0.152941; 0.411765,0.49677534872104034
54129,100000,0.0156863; 0.772549; 0.341176,0.466667; 0.27451; 0.584314,0.7220789699144059
52589,100000,0.113725; 0.72549; 0.0392157,0.643137; 0.0941176; 0.0823529,0.526364602764085
49864,100000,0.607843; 0.556863; 0.678431,0.988235; 0.521569; 0.701961,0.7922311617851227
55151,100000,0.788235; 0.533333; 0.843137,0.498039; 0.733333; 0.929412,0.3048707533402354
54854,100000,0.482353; 0.219608; 0.552941,0.556863; 0.117647; 0.490196,0.9478900390251856
48679,100000,0.984314; 0.847059; 0.803922,0.843137; 0.796078; 0.878431,0.11445362222389709
60312,100000,0.686275; 0.843137; 0.329412,0.733333; 0.576471; 0.0941176,0.4096034338082728
50311,100000,0.368627; 0.74902; 0.466667,0.0823529; 0.890196; 0.337255,0.2745400827888627
54337,100000,0.105882; 0.988235; 0.423529,0.129412; 0.929412; 0.588235,0.16251781490130546
47844,100000,0.498039; 0.0823529; 0.0705882,0.901961; 0.113725; 0.0313726,0.7329218578941802
46316,100000,0.192157; 0.337255; 0.247059,0.619608; 0.596078; 0.235294,0.12324165676556478
52182,100000,0.878431; 0.258824; 0.921569,0.0470588; 0.376471; 0.431373,0.4262671230586961
47567,100000,0.337255; 0.811765; 0.647059,0.407843; 0.611765; 0.0235294,0.6561277786907272
47738,100000,0.129412; 0.631373; 0.0666667,0.623529; 0.478431; 0.533333,0.5402169249863726
53663,100000,0.0862745; 0.384314; 0.337255,0.0980392; 0.584314; 0.788235,0.8080695270443452
48520,100000,0.941176; 0.137255; 0.117647,0.215686; 0.686275; 0.45098,0.9785924833506022
50183,100000,0.756863; 0.882353; 0.756863,0.211765; 0.466667; 0.101961,0.215454988564277
53927,100000,0.694118; 0.411765; 0.431373,0.564706; 0.239216; 0.168627,0.11338192407072421
55578,100000,0.662745; 0.741176; 0.772549,0.164706; 0.905882; 0.00784314,0.366060750441938
48915,100000,0.803922; 0.470588; 0.145098,0.917647; 0.34902; 0.858824,0.8930899676546854
49551,100000,0.345098; 0.737255; 0.701961,1; 0.580392; 0.454902,0.557257015197141
56703,100000,0.0156863; 0.192157; 0.286275,0.0352941; 0.921569; 0.109804,0.3665132408656147
49588,100000,0.94902; 0.607843; 0.560784,0.968627; 0.737255; 0.631373,0.23742137524320459
49887,100000,0.254902; 0.141176; 0.152941,0.0196078; 0.290196; 0.941176,0.4366293522549676
51066,100000,0.141176; 0.184314; 0.0980392,0.223529; 0.988235; 0.290196,0.7788661728071535
50262,100000,0.780392; 0.811765; 0.901961,0.482353; 0.352941; 0.215686,0.7386463024544165
57450,100000,0.886275; 0.27451; 0.286275,0.45098; 0.25098; 0.592157,0.5333166898009736
47582,100000,0.490196; 0.517647; 0.658824,0.4; 0.0784314; 0.301961,0.8785813550543258
51838,100000,0.141176; 0.698039; 0.113725,0.392157; 0.592157; 0.129412,0.7292194538314234
53007,100000,0.584314; 0.905882; 0.00392157,0.760784; 0.756863; 0.0823529,0.294163190550519
48723,100000,0.239216; 0.0470588; 0.976471,0.933333; 0.243137; 0.584314,0.7096233630219606
50907,100000,0.0470588; 0.227451; 0.843137,0.933333; 0.4; 0.447059,0.5049598680156611
52452,100000,0.0313726; 0.466667; 0.929412,0.431373; 0.423529; 0.439216,0.3331159480761454
50225,100000,0.517647; 0.129412; 0.0980392,0.219608; 0.635294; 0.137255,0.6158949930044908
53491,100000,0.870588; 0.117647; 0.341176,0.0941176; 0.929412; 0.854902,0.7447166010547529
51226,100000,0.72549; 0.176471; 0.929412,0.054902; 0.972549; 0.701961,0.7491237780743834
49937,100000,0.223529; 0.341176; 0.384314,1; 0.258824; 0.494118,0.33881115674201845
51841,100000,0.14902; 0.403922; 0.14902,0.882353; 0.227451; 0.996078,0.6433867029215364
56344,100000,0.298039; 0.988235; 0.960784,0.996078; 0.121569; 0.811765,0.6097433152063185
51139,100000,0.454902; 0.180392; 0.313726,0.411765; 0.00392157; 0.184314,0.47594456427001086
61200,100000,0.0588235; 0.4; 0.239216,0.976471; 0.505882; 0.145098,0.23286361257058985
48496,100000,0.831373; 0.164706; 0.521569,0.117647; 0.12549; 0.745098,0.651873074063482
52476,100000,0.501961; 0.694118; 0.819608,0.752941; 0.0784314; 0.470588,0.2651009156481309
59268,100000,0.32549; 0.501961; 0.533333,0.694118; 0.152941; 0.305882,0.2588880580510247
47284,100000,0.533333; 0.372549; 0.74902,0.682353; 0.121569; 0.431373,0.2904017022776118
57812,100000,0.572549; 0.0509804; 0.964706,0.996078; 0.611765; 0.866667,0.7389309416810639
53025,100000,0.972549; 0.627451; 0.619608,0.560784; 0.372549; 0.882353,0.6888388663714876
48866,100000,0.372549; 0.411765; 0.811765,0.054902; 0.580392; 0.733333,0.48140637561934424
54072,100000,0.376471; 0.207843; 0.203922,0.298039; 0.184314; 0.380392,0.858098105366479
48559,100000,0.992157; 0.0862745; 0.533333,0.909804; 0.27451; 0.172549,0.09872228138265075
52545,100000,0.305882; 0.592157; 0.580392,0.803922; 0.172549; 0.568627,0.9296192744031482
51498,100000,0.180392; 0.694118; 0.768627,0.85098; 0.301961; 0.737255,0.6097023202945899
47985,100000,0.996078; 0.913725; 0.45098,0.219608; 0.403922; 0.639216,0.46052667355919324
56353,100000,0.0705882; 0.678431; 0.137255,0.305882; 0.0588235; 0.537255,0.14022710999036936
52633,100000,0.815686; 0.54902; 0.345098,0.14902; 0.803922; 0.870588,0.9557468712700395
47682,100000,0.976471; 0.290196; 0.74902,0.309804; 0.0156863; 0.431373,0.2945348245566369
52258,100000,0.0392157; 0.537255; 0.682353,0.705882; 0.635294; 0.984314,0.6393474355092275
52256,100000,0.215686; 0.627451; 0.537255,0.607843; 0.666667; 0.415686,0.22245664158446776
52665,100000,0.305882; 0.517647; 0.560784,0.658824; 0.823529; 0.411765,0.6190772927849902
51200,100000,0.690196; 0.337255; 0.901961,0.792157; 0.34902; 0.521569,0.43652083067322556
52466,100000,0.956863; 0.584314; 0.207843,0.552941; 0.168627; 1,0.7112344216927708
47516,100000,0.678431; 0.705882; 0.529412,0.776471; 0.717647; 0.164706,0.7963869217540582
51854,100000,0.254902; 0.776471; 0.266667,0.25098; 0.101961; 0.384314,0.6123566879752602
51751,100000,0.929412; 0.976471; 0.356863,0.788235; 0.941176; 0.176471,0.3860268982145391
48508,100000,0.686275; 0.137255; 0.266667,0.980392; 0.32549; 0.858824,0.17909571763723126
49631,100000,0.776471; 0.898039; 0.964706,0.054902; 0.878431; 0.686275,0.22836975171680424
48721,100000,0.54902; 0.337255; 0.784314,0.282353; 0.462745; 0.815686,0.031296773947282544
48736,100000,0.972549; 0.176471; 0.980392,0.129412; 0.356863; 0.815686,0.6763828798967987
62539,100000,0.941176; 0.262745; 0.0196078,0.835294; 0.101961; 0.188235,0.7820282784338889
48606,100000,0.807843; 0.619608; 0.454902,0.768627; 0.466667; 0.776471,0.2361827508894444
52627,100000,0.266667; 0.384314; 0.360784,0.666667; 0.0392157; 0.286275,0.9954898120524832
50504,100000,0.964706; 0.282353; 0.913725,0.501961; 0.639216; 0.0392157,0.4808505607594292
49486,100000,0.435294; 0.678431; 0.690196,0.890196; 0.34902; 0.682353,0.253587268466206
49824,100000,0.662745; 0.913725; 0.529412,0.956863; 0.027451; 0.0117647,0.5080356199029211
51320,100000,0.67451; 0.839216; 0.113725,0.129412; 0.403922; 0.847059,0.004031155694770035
48151,100000,0.423529; 0.219608; 0.815686,0.819608; 0.164706; 0.313726,0.22417699628471505
48515,100000,0.560784; 0.219608; 0.0745098,1; 0.992157; 0.560784,0.11960137093645416
51545,100000,0.168627; 0.133333; 0.0941176,0.376471; 0.776471; 0.772549,0.41292524464269126
51826,100000,0.694118; 0.258824; 0.882353,0.2; 0.866667; 0.0980392,0.7024288697116644
50146,100000,0.27451; 0.666667; 0.760784,0.168627; 0.513726; 0.290196,0.8597192739483495
51365,100000,0.203922; 0.411765; 0.741176,0.705882; 0.788235; 0.0196078,0.6388990346349275
47665,100000,0.992157; 0.682353; 0.482353,0.611765; 0.286275; 0.27451,0.7765375247516226
50535,100000,0.65098; 0.411765; 0.45098,0.0352941; 0.341176; 0.670588,0.5600670275989615
50306,100000,0.960784; 0.176471; 0.309804,0.964706; 0.407843; 0.913725,0.7911781368346295
48243,100000,0.301961; 0.729412; 0.984314,0.976471; 0.819608; 0.913725,0.12468846859277126
50991,100000,0.360784; 0.00784314; 0.494118,0.8; 0.984314; 0.478431,0.10002349776419724
50413,100000,0.27451; 0.192157; 0.662745,0.133333; 0.133333; 0.952941,0.8927760075735826
47142,100000,0.670588; 0.94902; 0.87451,0.627451; 0.870588; 0.94902,0.7816387352658334
57682,100000,0.945098; 0.435294; 0.560784,0.980392; 0.0980392; 0.807843,0.4939508552847374
52642,100000,0.658824; 0.396078; 0.294118,0.768627; 0.137255; 0.247059,0.5136947463429241
49107,100000,0.415686; 0.396078; 0.0509804,0.105882; 0.666667; 0.45098,0.22671249234323979
52315,100000,0.0431373; 0.635294; 0.290196,1; 0.278431; 0.517647,0.06765218968410842
49044,100000,0.611765; 0.337255; 0.345098,0.933333; 0.545098; 0.905882,0.8467029885779996
51201,100000,0.933333; 0.0705882; 0.0980392,0.764706; 0.145098; 0.172549,0.08847594771202909
51061,100000,0.568627; 0.266667; 0.388235,0.494118; 0.411765; 0.490196,0.9676993879341289
48556,100000,0.0431373; 0.913725; 0.658824,0.027451; 0.894118; 0.94902,0.20502263601132995
47543,100000,0.160784; 0.247059; 0.552941,0.682353; 0.482353; 0.164706,0.5258316801706601
51516,100000,0.929412; 0.309804; 0.470588,0.180392; 0.72549; 0.470588,0.3151564241884417
50202,100000,0.0588235; 0.4; 0.282353,0.8; 0.854902; 0.0901961,0.6461025131392046
51459,100000,0.866667; 0.815686; 0.705882,0.356863; 0.0862745; 0.447059,0.46346652452316317
50172,100000,0.835294; 0.560784; 0.0431373,0.623529; 0.290196; 0.490196,0.9619233363161868
48829,100000,0.866667; 0.537255; 0.498039,0.709804; 0.133333; 0.239216,0.3182167964045169
52055,100000,0.682353; 0.227451; 0.317647,0.196078; 0.913725; 0.584314,0.4479252265427209
53758,100000,0.490196; 0.117647; 0.447059,0.917647; 0.647059; 0.415686,0.15751694884972206
49385,100000,0.956863; 0.592157; 0.937255,0.160784; 0.341176; 0.121569,0.45023779167378014
48550,100000,0.858824; 0.658824; 0.686275,0.85098; 0.341176; 0.0862745,0.9672986896577822
50723,100000,0.0745098; 0.494118; 0.396078,0.372549; 0.211765; 0.133333,0.33484761669042484
48155,100000,0.0705882; 0.635294; 0.427451,0.584314; 0.239216; 0.898039,0.645393761684467
65373,100000,0.294118; 0.631373; 0.776471,0.647059; 0.462745; 0.384314,0.723976208469891
