elapsed.ps,repeats.n,param.a.vector2,param.b.vector2,param.issigned.boolean
30874,100000,-2.07527059e+38; 2.2114615e+38,2.49303793e+38; -1.18875253e+37,true
32947,100000,-1.14360957e+38; 3.48902599e+37,-1.03251064e+38; 3.1335544e+38,false
35881,100000,-2.31040599e+38; -2.65042112e+37,3.3626899e+37; 2.2241662e+38,true
32567,100000,1.67273646e+38; -8.14277848e+37,-3.25359909e+38; 2.04653488e+38,true
29589,100000,1.7928281e+38; -1.16337011e+38,-1.15943583e+38; -1.37906167e+38,true
29968,100000,1.00501094e+38; 1.20199117e+38,3.38409063e+38; -6.49274564e+37,false
35589,100000,1.70339383e+38; -2.69450797e+38,4.77044911e+37; -8.97739e+37,true
30847,100000,-1.95786181e+38; 2.80679444e+38,8.43234435e+37; -6.92514785e+37,true
30288,100000,-2.58085204e+38; 1.34097138e+37,2.66617649e+38; -2.99218661e+38,false
30832,100000,1.82005987e+38; 9.17853167e+37,2.82265569e+38; -1.38562962e+38,false
29453,100000,2.24992668e+38; -1.31406882e+38,2.71463129e+36; -1.19163761e+38,false
30792,100000,-1.12526981e+38; -2.1785466e+38,-4.69335262e+37; 1.17214185e+38,false
32904,100000,-1.4896293e+38; -2.54769517e+38,1.16868755e+38; -2.72762165e+38,true
29095,100000,-9.46202296e+37; 1.28568744e+38,-2.16740466e+38; -3.08407607e+38,true
30163,100000,-2.16333519e+38; -3.05826265e+38,1.37280627e+38; -1.69664669e+38,true
30771,100000,-1.11431021e+38; -1.59765991e+38,3.67697674e+37; 2.56025688e+38,true
33861,100000,-9.4212178e+37; 2.39373972e+38,1.56679221e+38; 2.16696595e+38,false
29795,100000,3.28796803e+38; 2.71133791e+38,-1.12051967e+38; 3.15479191e+38,false
31207,100000,-2.32833179e+38; -3.32060121e+38,1.87615978e+37; 2.98211275e+38,false
35065,100000,2.77345867e+38; -1.6833615e+38,-2.47984686e+38; 1.03093044e+38,false
43514,100000,-1.87602411e+38; 6.27111975e+37,-2.2139682e+38; 8.09604375e+37,true
36388,100000,-1.75285512e+38; 8.6522437e+37,-2.58079688e+38; 2.58081898e+37,false
29222,100000,-2.2140613e+38; 1.22390134e+38,2.60686748e+38; 4.08803476e+37,true
36782,100000,1.64235113e+37; -1.00610842e+38,-6.82159702e+37; 4.99387455e+37,true
33997,100000,-1.91087335e+38; 1.82718792e+38,2.52721927e+38; -2.64298482e+37,true
29687,100000,1.99893186e+38; -2.49217613e+38,-4.19391122e+37; 2.36820031e+38,true
30065,100000,-1.32021956e+38; -1.28738478e+38,-2.9774987e+38; -3.18378683e+38,false
29653,100000,-1.52782067e+38; -2.02358539e+37,7.19371281e+37; 4.55179104e+37,true
36576,100000,-1.74049056e+38; -3.87934575e+37,-1.23670765e+38; -4.90279639e+37,false
40340,100000,1.13539266e+38; 2.41760664e+38,-1.873359e+38; -1.51021078e+38,false
29467,100000,3.34035466e+38; 5.06529906e+37,1.54399863e+38; 2.00455273e+38,false
29638,100000,-3.37272417e+38; -1.81357721e+38,1.78830776e+38; 2.92875378e+38,true
31529,100000,2.61037066e+38; -1.49279873e+38,-7.42349679e+37; -2.93909051e+38,false
37679,100000,4.24775189e+37; -5.16543281e+37,-2.41695293e+38; -2.81960379e+38,false
30947,100000,-5.21415065e+37; -1.08404378e+38,1.02797413e+37; -2.74893582e+38,true
30976,100000,-1.11552076e+38; 2.02684807e+37,1.97217227e+38; -2.55282723e+38,false
30581,100000,-2.42344817e+38; 2.60222362e+38,-1.94199224e+38; -3.0558105e+38,false
40461,100000,1.58673935e+38; 2.1229659e+38,5.89478471e+37; -4.27525915e+37,false
30076,100000,-1.96880559e+38; -3.30984687e+38,-2.11280766e+38; -1.02748831e+38,true
29882,100000,2.75260714e+38; 2.71245466e+38,-1.20752664e+38; 1.4391903e+38,true
29666,100000,3.34263886e+38; -1.88168141e+37,-3.05672849e+38; -1.40587461e+38,true
30450,100000,-1.81535496e+38; -5.87866374e+37,2.63150574e+38; -2.79000283e+38,true
30928,100000,3.21279493e+38; 1.48769218e+37,-2.62921646e+38; -1.10624308e+38,true
30554,100000,-2.6934973e+38; -1.23041301e+38,1.20810621e+38; 4.49044486e+37,true
29483,100000,-4.44637423e+37; -1.50989072e+38,-2.16416454e+38; 2.9564415e+38,true
30317,100000,-8.43309328e+37; 1.53749095e+37,1.88299619e+38; -9.13781067e+37,true
31077,100000,-7.89221872e+37; 2.97003386e+37,2.07389991e+38; 2.35396632e+37,true
29338,100000,-1.01823112e+38; -6.11161533e+37,5.93181684e+37; -1.59752665e+38,true
30675,100000,-1.79998191e+38; 8.74574257e+37,1.01096768e+38; 2.65799376e+38,true
30683,100000,-1.95427568e+38; -2.1372435e+38,5.17969489e+37; 2.45290148e+38,true
30763,100000,-2.91216845e+38; -2.71366958e+38,1.49368163e+38; -3.33513336e+38,true
31480,100000,9.24359647e+35; 2.63480488e+38,-3.28314062e+38; -2.19593268e+38,false
30710,100000,5.22203341e+37; 2.3672302e+38,1.77047993e+38; -1.12179807e+38,true
30730,100000,-2.3161449e+38; -1.36896773e+38,8.61139087e+37; 3.76258676e+37,false
30157,100000,1.6817812e+38; -1.75179577e+38,2.34684516e+38; -1.08985804e+38,true
32365,100000,-2.69003286e+38; -1.27922057e+37,-2.44394558e+38; 1.15070172e+38,true
29248,100000,1.91544176e+38; 1.01699419e+38,-1.17190708e+38; 9.15813973e+37,true
30785,100000,-7.29781279e+37; -1.68920689e+38,3.23756665e+38; -3.10045249e+38,true
30220,100000,-2.42335224e+38; 2.1884469e+37,3.02078785e+38; -1.57271995e+38,true
31312,100000,-2.62732817e+38; 3.34866355e+38,2.66612964e+38; -2.55463318e+38,false
40899,100000,1.30099032e+38; 2.99725722e+38,9.72692746e+37; 1.53790985e+38,false
29534,100000,-1.04800985e+38; 2.44530693e+38,1.93071989e+38; -2.74045676e+38,true
34057,100000,-3.37854481e+38; -3.24369072e+38,5.07367113e+37; -1.48580445e+38,true
30711,100000,-3.16326995e+38; 1.82928188e+38,-2.14611888e+38; 2.79584214e+38,false
31470,100000,2.40207234e+38; -1.58069519e+38,-9.64374131e+36; -6.64333746e+37,false
29857,100000,-1.239742e+38; 1.13868317e+38,1.16133538e+38; -1.96311495e+38,false
29340,100000,2.68600214e+38; -1.29490762e+38,-3.77495016e+37; -2.72188923e+38,true
35959,100000,-2.59364396e+38; 7.06790255e+37,2.68110292e+38; -1.63254403e+38,true
33210,100000,-2.18807548e+38; -1.39146984e+38,-1.10228446e+38; -2.05683328e+38,false
29328,100000,2.48666246e+37; 4.11225411e+36,1.91602244e+38; 5.81481319e+37,false
30484,100000,-2.74979397e+38; -2.82346394e+38,-1.67740081e+38; 1.82030651e+38,true
29708,100000,-1.41350027e+37; 8.33512823e+37,1.10642897e+38; -6.32678989e+37,false
36410,100000,-1.55324812e+38; -8.51139048e+37,2.56855421e+37; 2.12686113e+38,true
29755,100000,1.82734532e+38; 7.05422358e+37,6.03500562e+37; 1.88239867e+38,true
29230,100000,-1.83036172e+38; 1.5453822e+38,-2.24949386e+38; -2.09730581e+38,false
28583,100000,2.69123703e+38; 8.24045298e+37,-1.46676403e+38; 2.23826531e+38,true
30721,100000,2.42113213e+38; -2.52026808e+38,1.86025231e+38; 3.65168939e+37,true
29646,100000,-2.07149746e+38; -9.852291e+37,2.88248636e+37; 2.062473e+38,false
29284,100000,8.36970746e+35; 7.50795021e+37,-2.65877544e+38; -1.27909749e+38,true
30748,100000,-4.08999049e+37; 1.04326316e+38,-7.87931048e+36; 9.11608492e+36,false
35452,100000,-3.22634845e+38; 8.3209493e+37,-1.9232302e+38; 2.44488952e+38,false
32558,100000,-1.83215955e+38; 2.109816e+38,2.22550484e+38; -2.74442116e+38,true
39195,100000,-4.59924022e+37; 2.16546424e+38,1.64234023e+37; 3.24899538e+38,false
30641,100000,2.37444161e+38; -2.47139031e+38,-2.78681586e+38; -7.15477718e+37,true
29919,100000,4.98865538e+37; -3.08401015e+38,5.69295394e+37; 2.06914389e+38,false
29699,100000,2.01371997e+38; 1.88364097e+38,-2.27677066e+38; 9.77817908e+37,true
30218,100000,-1.15829718e+38; 1.34539926e+38,6.19586896e+37; -3.29742309e+38,true
30531,100000,2.33725929e+38; 5.48133577e+36,-2.6992283e+38; -2.95221374e+37,false
30497,100000,1.07395369e+38; -7.08327661e+37,6.12663293e+37; 1.00831306e+37,false
30004,100000,-1.69407396e+38; 1.14971295e+38,1.12303012e+38; -3.3143521e+37,true
30556,100000,1.62264013e+38; -2.9554e+38,-3.30928505e+38; 2.54393319e+38,false
29818,100000,9.19055102e+37; 1.93819923e+38,3.09678138e+38; 2.0924289e+38,true
29545,100000,-6.80148194e+37; 6.27806343e+37,-1.47678192e+38; -6.22658515e+37,false
29658,100000,-2.71399349e+38; 2.54068902e+38,1.96189456e+38; -2.85191266e+38,false
30377,100000,-1.64654863e+38; 3.06274242e+38,1.77290043e+38; -3.04433411e+38,true
30229,100000,-2.79113885e+38; -6.87911337e+37,1.19852916e+38; 7.1317105e+37,false
29784,100000,-1.00157916e+38; 2.94572286e+38,-6.54417118e+37; 1.86227588e+38,false
30545,100000,-7.03094191e+37; 2.98735007e+38,3.05958242e+38; 2.76925677e+38,false
30589,100000,2.76677136e+38; -1.01721051e+38,2.23767814e+37; -1.92959827e+38,false
31735,100000,1.09381159e+37; 2.52483081e+38,-3.18695819e+38; -4.79084681e+36,false
30623,100000,2.4693568e+38; 3.29508919e+38,1.38555275e+38; 2.87259666e+38,false
29643,100000,-1.64611935e+38; 1.49049242e+38,-1.82402346e+38; 1.82459015e+38,true
37666,100000,1.48943936e+38; -2.35617426e+38,1.92409565e+38; 2.61116208e+38,true
32523,100000,1.65125962e+38; 1.99056981e+37,-2.02736415e+38; 1.36772005e+38,false
32181,100000,-4.28525888e+37; -2.51414584e+38,1.51185751e+38; -1.83245243e+38,false
30182,100000,2.56288913e+38; 1.2679956e+38,1.35927466e+38; 2.93007133e+38,true
36189,100000,1.87600363e+38; -7.53874398e+37,-6.42312728e+37; 1.16265029e+38,true
34614,100000,1.56393168e+38; 3.12632392e+38,2.9637598e+38; 3.37549738e+38,true
30922,100000,3.97599143e+37; 2.6767562e+38,1.27175251e+38; -2.81635131e+38,true
29862,100000,-2.07004889e+38; 2.71197093e+38,9.78961025e+37; -2.4003528e+38,false
36954,100000,1.75720306e+38; -2.39402813e+38,2.93144871e+38; -2.44212051e+37,true
31262,100000,1.98023615e+38; -5.42109866e+37,-2.3163966e+38; -2.81539174e+38,true
33160,100000,-1.93833391e+38; -2.40140566e+38,3.06543349e+38; -7.63399525e+37,false
33065,100000,-3.26393115e+38; -1.84720159e+38,-8.81106106e+37; 2.48785395e+38,true
34255,100000,-1.86188869e+38; 6.61006061e+37,-8.05894874e+37; 2.38165525e+38,true
30887,100000,-2.156387e+37; -4.01633238e+37,2.48676823e+38; 7.61408958e+37,true
31547,100000,3.13029765e+38; -1.45333074e+37,1.34429316e+38; 3.3366014e+38,true
30304,100000,6.51440167e+37; 3.17546354e+38,1.17200271e+38; -2.08542519e+38,true
30729,100000,-2.13909447e+37; -1.34504128e+38,-2.06911671e+38; 1.34511004e+38,true
31180,100000,-2.28788298e+38; -2.71637951e+38,-1.3010678e+38; -9.24721906e+37,false
45705,100000,-1.43978782e+38; -6.03894295e+37,1.02390411e+38; -8.99208258e+37,false
46367,100000,-2.05427566e+38; -2.16242999e+38,-2.01328674e+38; 1.37892791e+38,false
47375,100000,-1.52779694e+38; -1.06499404e+38,1.92514466e+38; 1.52342466e+38,true
49349,100000,1.48227886e+38; 2.65571153e+37,-1.75661974e+38; -1.63668055e+37,true
46876,100000,-1.71007141e+38; 9.5041404e+37,-3.2816022e+38; 1.73475672e+38,true
46512,100000,2.50400199e+38; 2.84998745e+38,1.68608655e+38; 4.93665382e+37,true
43226,100000,3.23129589e+37; 2.90637255e+38,3.26098878e+38; 1.12477096e+38,false
29368,100000,2.83076175e+38; 2.81734068e+38,2.0868407e+38; 1.84055464e+38,true
29207,100000,2.80352349e+38; 6.50812528e+37,-2.26262144e+38; 1.3392109e+38,false
33263,100000,1.11881645e+38; -3.07171435e+38,3.477015e+37; -1.23306078e+38,false
30032,100000,1.60627734e+37; 3.11833712e+38,-2.33830667e+38; -8.02036146e+37,false
31039,100000,2.68906762e+38; 2.9338688e+37,2.50371236e+38; -1.76541805e+38,true
29238,100000,2.31246141e+38; -1.90201562e+38,2.39413218e+38; -9.15032289e+37,false
30800,100000,-2.47588814e+38; -2.39336977e+38,1.911322e+38; -1.93745246e+37,false
33071,100000,-2.85833853e+38; -2.04389411e+38,-1.68775234e+38; 3.19869136e+38,false
31716,100000,-3.22192263e+38; 1.62058897e+38,3.21928429e+38; 1.71653055e+38,false
29455,100000,2.91873792e+38; 7.94440624e+36,7.46612636e+37; 8.59632409e+37,false
30167,100000,5.36822749e+37; 3.89739329e+37,1.97261889e+38; 1.50299054e+38,true
33857,100000,9.9734064e+37; 3.70789781e+35,-5.40905548e+37; 1.81575838e+38,false
33141,100000,-1.86379194e+37; -9.50198818e+36,5.95403216e+37; -2.91489015e+38,true
30320,100000,7.18249753e+36; -1.72680359e+38,-3.91933829e+36; -3.36133985e+38,true
29774,100000,-9.02833535e+37; 3.37007529e+38,-1.78508428e+38; -5.07314277e+37,false
29350,100000,-2.48956132e+38; -5.60011932e+37,7.38533037e+37; -3.04717268e+37,false
30036,100000,1.33222908e+38; -1.66788755e+38,1.693976e+38; -5.22255923e+37,false
32392,100000,-1.8058774e+38; -2.97217234e+38,-1.53376413e+38; -6.77828546e+37,false
29476,100000,-2.81169746e+37; -1.11126785e+38,3.0668632e+38; -1.06790406e+38,true
29370,100000,2.58439092e+38; -2.80257245e+38,1.78628987e+38; 2.37184688e+38,false
29658,100000,3.12303554e+38; 6.60822201e+37,2.10058791e+38; -3.09740689e+38,true
37919,100000,-5.65183998e+37; 8.22978646e+37,-1.4080424e+38; -2.09640659e+37,true
30142,100000,2.13379447e+38; 1.34420169e+38,-4.67908192e+37; -2.19082496e+38,true
30088,100000,2.78490931e+38; -2.88463832e+38,8.90674332e+37; -1.78923244e+38,false
32398,100000,6.35492818e+37; 3.23840208e+38,-1.90791671e+37; -1.68421539e+38,true
29975,100000,2.12785842e+38; 2.15485147e+38,2.76522584e+38; -2.26693328e+38,true
32639,100000,-8.18664831e+37; -1.69903068e+38,1.02349146e+38; 2.13084384e+37,false
29480,100000,1.43184249e+38; -5.80698114e+37,-3.01346955e+38; 1.17977777e+36,true
30736,100000,1.23785554e+38; 3.12950177e+38,2.15230136e+38; 9.08085665e+37,true
32990,100000,-2.87749161e+38; 4.70203907e+37,-7.42238735e+37; 3.90472919e+37,true
30035,100000,-5.50843675e+37; 2.31961015e+38,-3.24579746e+38; -3.23606352e+38,true
29448,100000,-1.13697012e+38; -2.35143467e+38,-1.99572359e+38; -4.65169864e+37,true
29662,100000,-2.44231872e+38; -2.93978295e+38,2.73300845e+38; 1.46460649e+38,true
29493,100000,-3.0552643e+38; 1.03359616e+38,2.70300529e+37; -3.15517139e+38,false
32847,100000,1.14307736e+38; 2.67913715e+38,2.43454351e+37; -1.75759451e+38,false
31810,100000,-3.12137684e+38; -2.23927091e+38,-2.72682678e+38; -2.78250077e+38,false
30530,100000,-2.19117645e+38; -2.73534721e+38,3.06494164e+38; -2.25887609e+38,true
29544,100000,6.53017327e+37; 3.14201723e+38,2.02148045e+37; 1.90656362e+37,true
29826,100000,-8.02794252e+37; 2.36698103e+37,9.84783496e+37; 2.13238951e+38,true
33627,100000,2.89841693e+37; 3.19223486e+38,2.87453931e+38; -2.504135e+37,true
29773,100000,1.73441557e+38; 2.63520272e+37,-8.31432203e+37; 6.700347e+34,false
28991,100000,-7.46094877e+37; 8.0469953e+37,-1.59027772e+38; -2.89735316e+38,true
29159,100000,-2.45581545e+38; -1.34658649e+38,-2.47300155e+38; -1.30682739e+38,false
29822,100000,2.21299667e+38; -1.46053763e+38,-2.79027705e+38; -3.39912294e+38,false
34546,100000,-1.94005162e+38; 1.94047411e+38,8.38027839e+37; -1.52281325e+38,true
29155,100000,1.76951773e+38; 2.09547208e+38,-5.63750741e+37; -1.43684656e+38,true
29702,100000,-2.88168642e+38; 1.72852108e+37,-2.10587939e+38; -1.47977631e+38,false
30109,100000,4.33933888e+37; -2.77343048e+38,-2.11953979e+38; 1.42563019e+38,false
32464,100000,1.22317229e+38; 6.89519377e+37,-1.83973949e+38; 5.25240074e+37,false
33974,100000,1.43619854e+38; -1.9415348e+37,-1.53278824e+38; -1.75078206e+38,true
28852,100000,2.53492598e+38; -3.04723388e+38,3.22780595e+38; -2.16789022e+38,false
42941,100000,-3.02346756e+38; 3.04627655e+38,2.56545323e+38; 5.18052799e+37,true
31608,100000,4.74379701e+37; -2.48331191e+38,3.17135331e+38; -2.16678376e+37,true
30919,100000,1.80239207e+38; -1.07953188e+37,1.19589823e+38; -3.34883214e+36,true
29959,100000,-2.80736174e+38; -3.57540903e+37,-2.34917318e+38; 1.11065775e+38,false
29377,100000,-1.56845821e+38; 6.70460301e+37,1.96210895e+38; 3.082405e+38,true
29692,100000,-2.30701507e+37; 2.32045795e+38,3.40653185e+37; 2.69195097e+38,false
34187,100000,-8.33803216e+37; 9.01445813e+37,-1.44001092e+38; -3.04555247e+38,true
30147,100000,-3.37054381e+38; 3.77434315e+36,6.58844058e+37; -6.97363396e+37,false
29126,100000,2.82650143e+38; -3.07420198e+38,-3.3638423e+38; 6.95189122e+37,false
41022,100000,-2.19921457e+38; -1.65695888e+38,-7.56475756e+36; 1.13812723e+38,false
33888,100000,-1.82363039e+38; -7.30826735e+37,-1.08128923e+38; -1.19567309e+38,false
29753,100000,2.60121944e+38; -1.25422588e+38,2.59638695e+38; -1.05681739e+38,true
28906,100000,-2.02257831e+38; 1.24126166e+38,-3.10370782e+38; -1.82257489e+38,false
29954,100000,3.16252478e+38; -1.66093595e+38,2.87019968e+38; 3.11067625e+38,true
29821,100000,2.44576531e+38; 1.42853536e+37,8.84739192e+37; -5.10714116e+37,false
32493,100000,-1.96543607e+38; 7.26820199e+37,-2.04995936e+38; 2.10676776e+38,false
29551,100000,-1.65026497e+38; 2.48132403e+38,-2.37705845e+38; 1.02054017e+38,true
30737,100000,2.60806151e+38; 1.31561647e+38,-2.850386e+38; 2.83746469e+38,true
29937,100000,-2.39875799e+38; 1.16678324e+38,-2.32911489e+38; -1.57504958e+38,false
34949,100000,1.32155998e+37; -3.24994643e+38,2.69864031e+38; -6.20155869e+37,false
29971,100000,-1.62201137e+38; 7.1910477e+37,3.42683099e+37; 1.4626176e+38,true
30363,100000,-3.3747015e+38; -4.80616592e+37,-2.80540144e+38; -3.30342668e+38,false
29610,100000,2.87869152e+38; -2.14507312e+38,6.83155733e+36; 2.95228057e+38,false
33746,100000,2.34391659e+38; -3.50024394e+37,-1.07074947e+37; -6.20203837e+37,true
31573,100000,-1.91234017e+38; -2.337224e+38,-1.0352871e+38; -3.39633127e+38,true
28909,100000,-2.14858502e+38; -3.02140424e+38,-8.77644101e+37; 2.23405691e+38,true
29674,100000,-3.25810178e+38; 1.44966545e+38,4.78204659e+37; 2.69857663e+38,true
33039,100000,6.12624604e+37; 9.06291788e+37,2.57150084e+38; 1.65827876e+38,true
36594,100000,-2.63947734e+38; -1.91680007e+38,2.20970606e+38; -6.69817704e+37,true
29747,100000,8.50471808e+37; 1.11594538e+38,1.65731676e+38; -1.42488258e+38,true
29179,100000,1.29229951e+38; 4.34198168e+37,2.59460048e+38; -2.20042259e+38,false
35095,100000,-6.75663043e+37; 2.72731011e+38,2.37145239e+38; 1.81230997e+38,false
31808,100000,2.18405631e+38; 2.30429632e+38,-5.18025316e+37; 2.03354623e+38,true
31371,100000,-7.74722078e+37; 2.94814417e+38,-5.60197719e+37; -3.27967653e+37,true
30483,100000,1.82823673e+38; 1.00923435e+38,-1.90349542e+38; -3.09943553e+38,false
33831,100000,6.37940297e+37; -2.01069627e+38,2.15712553e+38; 1.70240364e+38,true
31926,100000,2.1577693e+38; 3.2372395e+38,-8.62204624e+37; -1.23074382e+38,true
32063,100000,1.54781974e+38; -1.40709952e+37,-1.89943366e+38; 2.88494231e+37,true
30999,100000,-1.22363919e+38; -1.84504963e+38,3.22399326e+38; 3.01477305e+37,true
30410,100000,-1.97452135e+37; -2.30766969e+38,8.24588842e+36; -8.73761439e+37,false
36139,100000,2.51721071e+38; -8.68399784e+37,2.85105349e+38; -3.11141128e+38,true
31160,100000,-2.95072044e+38; -2.11857628e+37,2.12379585e+38; 1.91637536e+38,false
31752,100000,7.0178628e+37; -6.29262214e+37,-7.32062999e+37; 2.30479567e+38,true
28738,100000,-1.98667886e+38; 2.26137367e+38,1.17153723e+38; 1.34641906e+38,false
29524,100000,3.2580456e+38; -3.10839412e+37,2.45155229e+38; 5.23535337e+37,false
40097,100000,1.30106851e+38; -2.36753748e+38,1.88492566e+38; 2.80497713e+37,false
29499,100000,-1.97293509e+38; 1.72738285e+37,1.33360443e+38; 6.192568e+37,true
28869,100000,4.47441523e+36; -1.79465981e+38,1.95603051e+38; -1.51381395e+38,false
29340,100000,7.88466605e+37; -7.61906435e+36,-1.27112062e+38; -1.31007126e+38,false
35498,100000,-2.63710835e+38; 6.85284968e+37,4.35632344e+36; -2.04838626e+38,false
31067,100000,-1.57002614e+38; 2.31717727e+38,-7.67980053e+37; -2.64562595e+38,false
29900,100000,-2.65761529e+38; 1.35109162e+38,-2.14756562e+38; -2.94444486e+38,true
30425,100000,-2.93083658e+38; 5.80567115e+36,9.60582829e+37; -1.19019999e+38,false
36380,100000,-8.86752728e+37; 8.1076103e+37,1.38561543e+38; 1.8555275e+37,false
32290,100000,1.67983977e+38; -3.03934849e+38,-3.40787962e+37; 1.35616871e+38,true
29493,100000,2.66889778e+38; 2.5098303e+37,3.25876684e+38; -3.26230166e+38,true
30267,100000,6.96391362e+37; 1.82561056e+38,-9.27728064e+37; -3.73991838e+37,true
36066,100000,-2.02619994e+38; -2.62949312e+38,3.16412486e+38; -5.66362152e+37,true
30373,100000,-1.53254658e+38; -4.65700705e+37,-2.22819611e+38; 2.77308487e+38,false
30810,100000,2.5816209e+37; -9.968135e+37,-1.76341638e+38; 7.6886945e+36,false
29507,100000,1.46053307e+38; 2.15774861e+38,-1.42262444e+37; -1.56375563e+38,false
32584,100000,1.13874402e+38; -7.35124122e+37,2.35990704e+38; 2.67394085e+37,false
32498,100000,3.30379359e+37; 3.39416491e+38,3.85054162e+36; -3.15339567e+38,false
30864,100000,-2.91571524e+38; -2.53284967e+38,-1.03151427e+38; 2.27545453e+38,false
29879,100000,4.7190337e+37; -4.26047327e+37,-2.07590746e+38; 9.68110747e+37,false
29413,100000,3.16050262e+38; 3.16345452e+37,1.08947501e+38; 2.58791702e+38,true
46328,100000,2.07377233e+38; -5.13977404e+37,1.9608488e+38; 1.57203856e+38,true
38499,100000,-3.35201279e+38; -3.53721421e+37,2.19671781e+38; -2.81861421e+38,true
42401,100000,-2.13081661e+38; -2.44832085e+37,-1.48823854e+38; 3.03107732e+38,true
35369,100000,-4.57600114e+37; 2.04997681e+38,1.17674819e+38; -1.90695702e+38,false
42464,100000,-2.15527841e+38; 1.96314497e+38,-1.21085605e+37; 2.2922293e+38,false
30137,100000,1.54099481e+38; -2.52825306e+36,-6.80492792e+37; 2.74499191e+38,true
29511,100000,-2.21423938e+38; -2.69720168e+38,2.6746302e+38; -7.91054793e+37,false
29757,100000,-3.30632869e+38; -9.33735105e+37,-1.4114178e+38; -1.24899038e+38,false
32777,100000,1.82718204e+38; 3.34801005e+38,-1.65463776e+38; 1.40507569e+38,false
30716,100000,3.54398549e+37; -3.31551641e+38,2.61673284e+38; 2.00795896e+38,true
29989,100000,3.07672613e+38; -1.80470528e+38,2.5178488e+38; -2.10441074e+38,true
29775,100000,-2.86012987e+38; -2.97299114e+38,1.16127585e+38; -2.67757683e+38,true
32290,100000,8.31553999e+37; 3.012008e+38,1.04848972e+37; 1.11593473e+38,true
30333,100000,-2.58607436e+38; -2.97662291e+38,2.47737038e+38; -1.34557785e+38,false
31070,100000,6.5380104e+37; 2.50293108e+38,-3.02167095e+38; 2.86417885e+38,true
30895,100000,3.12891358e+38; 3.17398596e+38,3.11249751e+37; 2.9927316e+38,true
29748,100000,2.69878148e+38; 3.31325127e+38,3.17916548e+38; 3.09361813e+38,true
32492,100000,-8.59529678e+37; -3.09528656e+38,-2.9983121e+38; 1.34260171e+38,false
32495,100000,1.73303495e+38; -6.5910347e+37,-2.45068948e+38; 2.82409695e+38,false
29998,100000,7.36935797e+37; -2.85141006e+38,1.29956304e+38; -1.22093595e+38,true
30587,100000,9.7691311e+37; 2.97163445e+38,-1.86843002e+37; -3.06382936e+38,true
30034,100000,1.46561026e+38; 9.88703781e+37,1.31664935e+38; 3.09042492e+37,false
33781,100000,2.49382408e+38; -1.43039222e+36,1.65887584e+37; -3.02134116e+38,true
30679,100000,-2.56674806e+38; -3.83213084e+37,-1.50355987e+38; 5.18471529e+37,false
33326,100000,-2.32868612e+38; 6.8879418e+37,-1.26991807e+38; 9.01054058e+37,false
31032,100000,-2.87162878e+38; -3.05230226e+38,-1.97139672e+37; 2.41038225e+38,true
44834,100000,2.5660323e+38; 2.03511487e+38,-1.32085237e+38; 3.36258357e+38,false
38398,100000,1.24964449e+38; -1.21872829e+37,-2.81324272e+37; 2.24735913e+38,false
29741,100000,3.30892909e+37; 1.48010448e+38,3.22321157e+37; 2.98281837e+38,false
30736,100000,-8.54974959e+37; 3.36680515e+38,-8.13832953e+37; -1.95705416e+38,true
36070,100000,5.43212925e+37; 1.46130968e+38,-1.11128265e+38; -7.30653169e+37,true
29439,100000,2.22885083e+38; 1.38183012e+38,-2.05552242e+38; 2.22508986e+38,false
29658,100000,-1.43422737e+37; -1.46056136e+38,-2.98592817e+36; 1.31113639e+38,false
29088,100000,5.22833819e+37; -1.5664256e+38,3.31335411e+38; 2.73981786e+38,true
32001,100000,-2.23006777e+38; -3.59447728e+37,6.37691736e+37; 1.56075708e+38,false
32071,100000,-1.33977201e+38; 1.03776663e+38,-2.84903337e+38; -3.11622349e+38,true
28879,100000,-1.33586225e+37; 2.78402216e+38,2.21848976e+38; 2.25285323e+38,false
29800,100000,2.56452775e+38; 1.14970758e+38,6.2723675e+36; -1.90052242e+38,false
36985,100000,5.99339981e+37; -2.57669699e+38,-1.86257931e+38; -2.17050406e+37,true
30683,100000,-2.82489101e+38; 2.37998439e+38,-1.1097632e+38; 1.92906789e+38,false
31263,100000,-1.71421369e+38; 1.99594751e+38,-1.59336196e+38; -1.48827647e+38,true
30060,100000,3.94964864e+37; -1.53984753e+38,2.83151403e+38; 1.71685162e+38,true
33691,100000,2.74712257e+38; 3.3413126e+38,-4.95109432e+36; 2.69473412e+38,true
34181,100000,-6.20850592e+37; 2.40721535e+38,-3.95637327e+37; -1.98562985e+38,false
34427,100000,-2.15672333e+38; 7.992642e+37,2.68743935e+38; 1.16978554e+38,true
30388,100000,-3.16176683e+38; -1.50948132e+38,3.89423202e+37; -2.78452841e+38,false
29180,100000,2.29896245e+38; -2.76322356e+38,9.13167119e+37; 1.93132289e+38,true
33970,100000,-1.19231037e+38; 3.11548602e+38,1.32962137e+38; -3.0094439e+38,false
33913,100000,3.29827069e+38; 2.83500605e+38,-1.50305676e+38; -1.51730698e+38,false
28889,100000,1.76047847e+38; -2.62845912e+38,-1.09240085e+38; -2.75796656e+38,true
30339,100000,1.79100228e+38; 1.95324391e+38,-1.61122286e+38; -3.86243833e+37,true
32583,100000,9.26565476e+37; -4.4138164e+37,-1.07345363e+38; -3.69372367e+37,false
31132,100000,-1.03803547e+38; 7.89911524e+37,-1.01268804e+38; 4.07815469e+37,true
30173,100000,3.13112315e+38; 1.25326723e+38,1.31498863e+38; 2.96072636e+38,true
29648,100000,9.91564615e+37; 2.34644783e+38,2.20617529e+38; 3.3295204e+38,false
35523,100000,-2.42822164e+38; -3.20130353e+38,-2.09193077e+38; -1.72821585e+38,false
33316,100000,2.93813582e+38; 1.52198238e+38,6.06906993e+37; 1.5695028e+37,false
32496,100000,-2.08414144e+37; 2.13681209e+38,1.00318806e+38; -5.92165383e+37,false
29454,100000,-5.78817681e+37; -3.89848018e+37,-2.68450854e+38; -3.2466625e+38,true
29098,100000,-1.98837568e+38; 1.66189369e+38,-2.7694529e+38; -2.66495042e+38,false
33714,100000,-1.87882248e+38; 1.99241837e+38,-9.50920086e+37; 1.2715435e+38,false
46434,100000,-1.68301883e+38; -2.86207136e+37,-2.6220227e+38; -3.3752974e+38,false
46298,100000,-1.62500648e+38; 6.64534136e+37,-1.84944625e+38; 1.30637702e+38,false
47028,100000,-1.41168005e+38; 3.02100508e+38,2.21943208e+37; 3.37187433e+38,false
48026,100000,-2.49641678e+38; -3.86386621e+37,-6.25901723e+37; 1.58574663e+38,false
30042,100000,2.98735331e+38; -7.95706513e+37,-1.1028547e+38; 2.53190126e+38,false
32312,100000,1.57849957e+37; 4.98838917e+37,-3.34803135e+38; 1.60381258e+38,true
30090,100000,2.2337182e+38; 1.32405314e+38,1.62308695e+38; 2.96543685e+37,true
30235,100000,-7.64004701e+37; 2.95183883e+36,-2.85203395e+38; 2.51906189e+38,true
30789,100000,-1.82215991e+38; -1.75072223e+38,-1.90756103e+38; -2.65487574e+38,false
30910,100000,3.3086139e+38; 3.85170336e+37,2.89542613e+38; -1.5141049e+38,false
30012,100000,2.68167732e+38; 2.78091692e+38,-6.85097964e+37; -1.40114765e+37,true
32818,100000,-2.63635182e+38; 1.47006448e+38,2.32934956e+38; 1.11664644e+38,true
30959,100000,-7.68410598e+37; 7.71002893e+37,4.75806416e+37; 2.87976588e+38,true
30080,100000,-2.4990685e+38; -2.51743483e+38,1.02323803e+38; -1.25902338e+38,true
34131,100000,3.25247808e+38; -1.48873637e+38,2.30826619e+38; 2.68377452e+38,true
30114,100000,-1.65950817e+38; 2.22486837e+38,-1.82141798e+38; 1.13418028e+38,true
30727,100000,2.04653062e+38; 1.75600194e+38,-2.93227521e+38; 3.03680284e+38,true
29906,100000,-2.00357329e+38; 3.75772152e+37,-3.21380845e+38; -8.86920971e+37,true
29722,100000,3.25969354e+38; 1.21079252e+38,-1.40834035e+38; -2.42112259e+38,false
29563,100000,9.46571132e+37; 1.89017312e+38,1.35826977e+38; -4.84748956e+36,true
33670,100000,-1.84082034e+38; 2.07743554e+38,-2.11893502e+37; 2.12053262e+38,false
37053,100000,-5.64781037e+37; -1.61773006e+38,2.47532165e+38; 1.11629991e+38,false
29876,100000,1.01697584e+38; 2.16411323e+38,-1.58645347e+38; 1.6232919e+38,false
29960,100000,-3.26474184e+38; -6.29888332e+37,2.97406043e+38; 2.86179749e+38,true
33412,100000,-3.32234063e+38; -2.21021514e+38,-2.61393347e+38; -1.26571728e+38,true
33420,100000,7.59283869e+37; 4.37203869e+37,-1.77314626e+38; -1.79134875e+36,false
30034,100000,2.96467859e+38; 1.6544825e+38,2.91788018e+38; -5.2612033e+37,false
33131,100000,9.29829258e+36; -4.80325438e+37,2.95361981e+38; 2.18210575e+38,false
31206,100000,-2.33962726e+38; 2.73518414e+38,2.20712776e+38; 2.81504106e+38,false
35281,100000,1.45837888e+38; -4.77506842e+37,-3.3937118e+38; 1.6757843e+38,false
30772,100000,2.93564919e+38; -8.1227065e+37,-2.94931589e+38; 3.29052281e+38,false
33294,100000,1.01661126e+38; -3.21889385e+38,-1.26082595e+37; 1.86981912e+38,false
29242,100000,1.5811916e+38; 7.20134052e+37,-1.94823882e+38; -3.37017933e+38,true
32732,100000,-1.6455051e+38; 1.07739075e+38,-1.60679886e+38; 2.88387406e+36,true
30975,100000,1.44316169e+38; 1.16373946e+38,-3.33899979e+38; -6.38174457e+37,true
31540,100000,-1.95521881e+38; 1.3433621e+38,2.2143343e+38; 5.12796156e+37,false
29079,100000,5.7331623e+37; 2.55597729e+38,1.33146291e+38; 1.43897206e+38,false
29688,100000,-2.03168471e+38; 2.23780713e+38,-1.14531786e+38; 4.52723208e+37,false
36107,100000,2.15213586e+38; -1.81347296e+38,1.64639803e+38; -2.31219165e+38,true
29379,100000,1.2255355e+38; -8.92610491e+37,-3.1912542e+38; 1.79475919e+38,false
31085,100000,3.36629038e+38; -2.62347086e+38,-3.46425407e+37; -8.25131016e+37,true
29387,100000,-1.10423989e+38; 3.09007581e+38,-9.72540628e+37; 1.96129157e+38,true
36562,100000,3.62880754e+37; -2.25977278e+38,4.04946015e+37; 2.7509235e+38,true
30145,100000,3.81712439e+37; -1.93453805e+38,-3.20278273e+38; 3.89009416e+37,false
29943,100000,-1.17112631e+38; -7.35959655e+37,-8.60820349e+37; -1.70730387e+38,false
30630,100000,-1.56016402e+38; 3.82848457e+37,-4.35654369e+36; 2.5695371e+38,false
31258,100000,-3.1333461e+38; 7.88628915e+37,-1.04815862e+38; 5.0058858e+37,false
30541,100000,2.82520884e+38; 1.92025579e+38,2.69800263e+38; 2.41220624e+38,true
29592,100000,2.42508638e+38; 1.28958988e+38,1.0478121e+37; -1.28493365e+38,true
29489,100000,-2.47763932e+38; 3.02350488e+38,2.60720701e+38; 1.13791721e+38,false
30098,100000,1.2302885e+37; 2.28220918e+38,-3.14406981e+38; 2.33219011e+37,true
33216,100000,3.00366889e+38; 2.89884372e+38,2.24898862e+38; -1.46841593e+38,false
30071,100000,1.69296563e+38; -1.71588982e+38,2.06202152e+38; 1.22459196e+38,true
29624,100000,4.39568038e+37; 2.14536437e+38,1.33963389e+38; 3.21092449e+38,true
28826,100000,-7.42776776e+37; -2.22831436e+38,-1.43312393e+38; 7.81841813e+37,true
30243,100000,6.15298485e+37; -2.85778198e+38,-2.84509412e+38; -3.29923633e+38,true
32925,100000,2.89586525e+38; 5.70295703e+34,3.35978724e+38; -2.18935388e+38,true
31118,100000,2.56130873e+38; 1.77129934e+38,-8.12621282e+37; 2.1368847e+38,true
33051,100000,-2.06461645e+38; 1.11975411e+38,8.84452196e+37; 5.49857455e+36,true
29419,100000,-2.51902923e+38; 3.0612324e+38,-2.14594181e+38; -2.96030832e+36,true
41479,100000,-4.04495517e+36; -3.32169018e+38,-4.33060528e+37; 2.68990792e+38,false
48340,100000,-6.22799681e+37; 5.20602298e+37,-1.54010695e+38; 3.35478438e+38,true
46399,100000,2.48144004e+38; 1.66281978e+38,-5.18151067e+37; 1.1148196e+37,false
33583,100000,-2.93857006e+38; 2.42561474e+38,-2.46454906e+38; -1.00940867e+38,true
30382,100000,-1.27424725e+38; -2.57363556e+38,-1.18403343e+38; 1.96003933e+38,false
30830,100000,-2.41666209e+38; -4.4703957e+37,1.04600879e+38; 6.1293741e+37,false
30388,100000,-2.37045718e+37; 1.25813541e+38,2.72349316e+38; -1.5466321e+38,false
30826,100000,1.76750917e+38; 2.98981276e+38,-1.6531827e+38; -2.00915521e+38,true
34477,100000,-2.54761364e+38; 2.37585915e+38,-1.77415023e+38; 2.59721914e+38,true
30415,100000,2.74090987e+38; -3.02016397e+38,2.01326301e+38; 1.3467956e+38,true
29780,100000,2.53100656e+36; 2.16307512e+37,-3.24795611e+38; 6.39101718e+37,true
30261,100000,-2.05433225e+38; 3.26337622e+38,2.71576333e+38; 4.50259352e+37,false
32267,100000,2.48221321e+38; -8.81586494e+37,7.71078749e+37; -2.29244348e+38,false
30037,100000,-2.8926154e+38; 2.18450232e+38,8.52890231e+37; 1.81823626e+37,false
31730,100000,1.32239549e+37; 1.16880002e+38,-1.22249932e+38; -2.93134567e+37,false
29533,100000,3.11220595e+37; -1.3561608e+38,1.73203036e+38; 2.23926889e+38,true
32650,100000,-1.84552059e+38; -1.3420552e+38,2.8325606e+38; -2.64722177e+38,false
30318,100000,4.70837023e+37; -7.50439978e+37,7.36053512e+37; 1.00596624e+38,true
30476,100000,2.47116254e+38; 2.11774886e+38,2.32187731e+38; -5.44796741e+36,false
29351,100000,9.47584137e+37; 3.08787456e+38,-2.2949942e+38; -2.06676963e+38,false
29362,100000,2.44709381e+38; -6.62656188e+37,-3.29694381e+38; -1.99959672e+38,true
30626,100000,-3.23701071e+38; 5.32009835e+37,-2.70138751e+37; 2.18662183e+38,false
30900,100000,-2.25498451e+38; 2.84409724e+38,-2.56887082e+38; -3.40998164e+37,true
31048,100000,1.38713722e+38; 3.01267246e+38,-1.58513887e+38; 1.18295815e+38,true
31858,100000,2.11895708e+38; 2.27562186e+38,1.34921408e+38; -6.09344787e+37,false
30374,100000,-7.17980821e+37; 1.31545918e+38,-2.9377393e+38; -1.89553559e+38,false
37493,100000,4.93365811e+37; -1.92613241e+38,2.19622637e+38; 3.77955782e+37,true
29539,100000,-1.61594825e+38; -1.57456899e+38,-2.13794912e+38; -3.35128769e+38,true
29164,100000,-3.22279249e+37; -1.31693473e+38,2.92841223e+38; -1.7907881e+38,true
33446,100000,-1.96035716e+38; -3.01695752e+38,-3.3205929e+38; 4.26742557e+37,false
30814,100000,-2.482974e+38; -2.48802189e+38,-1.24117496e+38; -2.50791102e+38,true
29439,100000,2.76438311e+38; 2.19754493e+38,-2.4503532e+38; 6.3604237e+37,false
29070,100000,-1.71597197e+38; -1.85337333e+38,2.94754442e+38; -1.42254107e+38,true
30269,100000,8.47377219e+37; -9.0696202e+37,1.50602327e+38; 2.1463864e+38,true
31632,100000,-1.90333417e+38; -2.22959316e+38,-9.51695888e+37; -2.87241006e+38,false
30848,100000,-1.96960269e+38; 1.03547116e+38,-7.09693479e+37; -6.70367255e+37,true
30559,100000,2.3258624e+38; 1.48952272e+38,9.48529601e+37; 1.44813524e+38,false
29687,100000,2.46168559e+38; -9.34991093e+37,-5.02769091e+37; -1.87874419e+38,false
33139,100000,-3.18405638e+38; 2.20430992e+38,2.85315577e+38; 5.8843778e+37,true
32389,100000,2.58359909e+38; -7.86122428e+36,2.77145274e+38; -3.48651782e+37,false
30150,100000,2.5551808e+38; -2.30380082e+38,-2.62239853e+38; 9.22782502e+37,true
30287,100000,1.93149508e+38; -1.55544912e+37,5.66051121e+37; 3.13649859e+38,false
30588,100000,-3.31846325e+38; -5.00577526e+37,-2.42040764e+38; -3.32059908e+37,false
31487,100000,2.5192786e+37; -4.36742039e+37,1.02345424e+38; 1.4981254e+38,true
30938,100000,-3.35345568e+38; -1.43955999e+37,2.57778027e+38; -1.12475859e+38,false
30500,100000,-2.91006821e+38; 2.72594672e+38,2.62259365e+38; 1.39432845e+38,false
31246,100000,1.2325958e+38; -2.4981167e+37,1.27880684e+38; 2.49006676e+38,true
31194,100000,2.19187822e+38; 3.16184998e+38,7.77236134e+37; -2.09123569e+38,true
36205,100000,-2.7936488e+38; 4.67275077e+37,6.54885439e+37; -1.52202274e+38,false
29764,100000,-1.4712219e+38; -1.51492086e+38,-4.55306934e+37; -3.02234879e+37,true
30506,100000,-2.00354449e+38; 1.05325316e+38,1.78950726e+38; -9.36248095e+37,true
33450,100000,-2.19465549e+38; -2.71071828e+38,-1.28750475e+38; 1.21701475e+38,true
36018,100000,-3.23352051e+38; 2.8553412e+38,-1.52311536e+38; 2.22102425e+38,true
30043,100000,1.67253982e+38; 2.44440112e+38,-6.65147831e+37; -7.71310222e+37,true
29840,100000,3.25595063e+38; -1.44740264e+38,1.95820397e+38; 5.35781958e+37,true
30445,100000,1.83779806e+38; 1.12251221e+38,1.58922182e+38; -2.7552254e+38,false
32062,100000,1.92278714e+37; -3.36121248e+38,1.48028935e+38; -2.93463102e+38,true
30538,100000,-7.18647909e+37; 1.43434158e+38,1.0662142e+37; -1.8379952e+38,true
33201,100000,3.19057495e+38; 3.35867414e+38,1.00785626e+38; 1.67841331e+38,true
29626,100000,2.00452109e+38; 2.20427301e+38,-1.42905649e+38; -4.05055971e+37,false
30580,100000,2.03879268e+38; 3.37766131e+38,3.24349256e+38; -3.00851334e+38,false
32192,100000,3.14514499e+38; -1.66944777e+38,1.47670708e+38; -1.47719791e+38,true
30119,100000,-2.82712634e+38; 8.47267187e+37,-2.09790658e+38; -6.3420306e+37,false
29264,100000,9.23079741e+37; -3.37609612e+38,3.19395866e+38; 3.12167986e+38,false
29726,100000,-2.74574337e+38; -1.11782637e+38,1.00886287e+38; -1.20492451e+38,true
31670,100000,1.81779068e+38; -3.07821729e+38,7.51751235e+37; -1.77525461e+38,false
30622,100000,-3.14070334e+38; 5.62377343e+36,-2.91196826e+38; 4.0852586e+37,false
29796,100000,1.86230002e+38; 1.47766755e+38,-1.43568286e+38; 2.33281034e+38,true
31136,100000,1.589867e+38; -2.69410476e+38,2.62927305e+38; 1.87689443e+38,false
38190,100000,2.9154757e+38; 7.65281986e+37,-2.7474187e+38; -3.24329582e+38,false
30392,100000,1.25718924e+38; 8.86729404e+37,-1.62210386e+38; -1.6147957e+38,false
29386,100000,-1.13344101e+37; 3.01494647e+37,-2.9195768e+38; -3.16468202e+38,false
30614,100000,-1.04273308e+38; -3.13425151e+38,-2.48797695e+36; 3.7175228e+37,false
29858,100000,3.21402628e+38; 4.84503951e+36,-3.26394677e+37; 6.45211781e+36,false
32046,100000,5.22840918e+37; -7.95596734e+37,2.59252173e+38; 2.37433371e+38,false
29531,100000,-3.39523622e+38; -1.28404913e+38,2.4881519e+38; 1.60888439e+38,true
29219,100000,9.30750954e+37; 2.01502149e+38,3.00609304e+38; -2.59080584e+38,true
29827,100000,-1.15088994e+38; -2.0126268e+37,2.58324496e+38; -1.49249308e+38,false
30647,100000,6.21799657e+37; -1.71962901e+37,2.41549666e+38; -2.64046833e+38,true
34467,100000,2.48552492e+38; 6.35850397e+37,1.944646e+38; -7.05370638e+37,true
30054,100000,-2.35160179e+38; 2.86733905e+38,-1.40752043e+38; -1.26433706e+38,true
29703,100000,1.20189642e+37; -2.33429887e+38,-2.89137695e+38; 2.80920074e+38,true
29770,100000,1.35455122e+37; -5.198699e+37,1.2981664e+38; 1.75348063e+38,false
31809,100000,-3.29193649e+38; 9.39506464e+37,-1.59742818e+38; -1.30410286e+38,false
30394,100000,1.99866515e+38; 2.22461687e+38,1.90202353e+38; -1.64328671e+38,true
32032,100000,3.1439e+37; -1.25441744e+38,2.52572689e+38; -3.07698169e+38,true
31486,100000,2.09340652e+38; -2.66024591e+38,3.36948527e+38; 9.00898086e+37,true
32016,100000,3.1565438e+37; 8.25062563e+37,1.72549922e+38; 4.23838186e+36,true
31114,100000,2.54951085e+38; 1.08501673e+38,-2.31824697e+38; 3.35416515e+38,true
30062,100000,1.34237414e+38; 1.88972204e+38,3.22922308e+38; 3.07034407e+38,false
31183,100000,-3.31809106e+38; -5.20805426e+37,-2.04919857e+38; -7.60659726e+37,false
30284,100000,-4.47259685e+37; 2.15608261e+38,2.21597292e+38; -2.5391147e+38,true
30929,100000,-1.49066543e+38; -2.69433537e+38,5.23644152e+37; 1.94680546e+38,true
29802,100000,1.21162338e+38; 2.64068678e+38,1.67521865e+37; 1.52163733e+37,true
35205,100000,-4.0486377e+37; 5.66318951e+37,2.59412257e+35; -1.51585071e+38,false
33091,100000,-1.51152923e+38; -7.49738865e+37,-2.02137803e+37; -2.73380393e+38,true
31702,100000,1.12596854e+38; 1.58280639e+38,-1.93958716e+38; -1.33639235e+38,true
31892,100000,-7.75792216e+36; -2.9092989e+38,-6.13810745e+36; 1.24546844e+38,true
33755,100000,-2.56622336e+38; 2.25638643e+38,-2.36371769e+38; 6.99577069e+36,false
33703,100000,2.83005836e+37; 9.65326682e+37,-2.51626596e+38; 2.55865665e+37,true
30698,100000,-2.19656934e+38; -2.36469754e+38,2.80706074e+38; -2.37805127e+38,false
32041,100000,2.21672311e+37; -1.434831e+38,-3.09392217e+38; 1.6502097e+38,true
31618,100000,-2.63403622e+37; -1.45461686e+36,3.34433255e+37; -2.26628495e+37,true
34922,100000,-2.30277189e+38; 1.45719164e+38,2.58031618e+38; 2.20729286e+38,true
31565,100000,3.19332747e+38; 3.34241272e+38,7.08353014e+37; -1.34239047e+38,true
33270,100000,1.8351652e+38; -2.00689677e+38,1.13325814e+38; 7.60185473e+37,true
29719,100000,7.34346697e+37; -2.14787026e+38,-3.0950525e+38; -8.45088197e+37,true
36701,100000,1.12721013e+38; 2.12626301e+38,-3.34751486e+37; 7.18430887e+37,false
33622,100000,7.31629361e+37; 2.61810211e+38,-2.72520236e+37; -3.19309463e+38,true
37127,100000,1.53770754e+38; 4.79771171e+37,1.28793494e+38; 1.17412882e+38,false
30958,100000,1.51159323e+38; 1.63354857e+37,-9.07837206e+37; -2.0816196e+38,false
35429,100000,1.23043826e+38; -2.61552604e+38,6.81908809e+37; 2.76760831e+37,true
35792,100000,-3.21741466e+38; -1.22660205e+38,-5.41087532e+37; 2.11306991e+38,true
37692,100000,2.19433118e+38; -2.09391277e+38,3.03483464e+38; 8.71866251e+37,false
29773,100000,-1.74411929e+38; 2.73464402e+38,-3.25735072e+38; 9.58134539e+37,false
30028,100000,-2.68483124e+38; 2.94001539e+37,3.23322135e+38; 2.69399138e+38,true
30114,100000,1.04056976e+38; 3.16948144e+38,-1.21172429e+38; 2.9964161e+38,true
32243,100000,1.75180531e+38; -4.90498689e+37,2.65876368e+38; -1.30379862e+38,true
30869,100000,-1.92486152e+38; 1.09742024e+38,-2.14182063e+38; 6.39190048e+37,false
29508,100000,-3.3147252e+38; 2.92320228e+38,-1.59664934e+38; 2.20985554e+38,false
29545,100000,-1.30187349e+37; -2.02799128e+38,-3.24252246e+38; -1.31816283e+38,false
32945,100000,-1.83738673e+38; -2.67350229e+38,-1.19482316e+38; -1.10975407e+37,true
31201,100000,1.34938658e+38; 2.12164572e+38,1.51949089e+38; -6.61876075e+37,true
30322,100000,-1.39487151e+38; -2.84140576e+38,-8.31793128e+37; 7.49651993e+36,false
32450,100000,2.11066725e+38; 1.32151101e+36,-1.93247493e+38; 2.41938469e+37,false
33733,100000,-8.81413993e+37; -5.90874509e+37,-2.1515035e+37; -2.17619404e+38,true
36537,100000,2.44071165e+37; 9.54431884e+37,4.51259325e+37; 4.07454239e+37,true
31847,100000,-2.00827698e+38; -2.41558306e+38,2.30518408e+38; -2.08966462e+38,true
38392,100000,-2.46801796e+38; 1.0586356e+38,3.31176681e+38; 1.90735679e+38,true
34866,100000,-2.43419136e+38; -2.628623e+38,2.47498192e+38; -2.86243923e+38,true
31324,100000,8.32440226e+36; 1.41331258e+38,1.72909519e+37; -3.23213401e+38,true
31410,100000,1.41331745e+38; -1.91698059e+38,1.31980935e+38; -2.63376885e+38,true
34314,100000,3.04615973e+38; 4.55225399e+37,1.07739196e+37; 1.54302173e+38,false
32093,100000,1.00581788e+38; 6.99248849e+37,-2.92044631e+38; 3.1570108e+38,true
31789,100000,1.21923294e+38; 1.83328563e+38,-5.36460455e+37; -5.50874352e+37,false
31075,100000,-1.51124508e+38; -1.99379433e+38,1.77948998e+38; -3.31629141e+38,true
31183,100000,-5.97229799e+37; 3.13841386e+38,2.99762534e+38; -2.97974153e+38,false
29898,100000,-1.48123634e+38; -4.47587499e+37,1.02664233e+38; 2.58988279e+38,true
30633,100000,-9.29906901e+37; 1.47266063e+38,5.37560991e+36; 8.17319449e+37,true
33453,100000,-1.4540787e+38; 1.17576713e+38,7.0858185e+37; 2.72149169e+38,false
30254,100000,2.05511556e+38; 1.69484591e+38,1.45527171e+38; -1.94218959e+38,true
30315,100000,-2.52887999e+38; 1.79615787e+38,-8.86684478e+37; -9.72665162e+37,true
29890,100000,-7.87058043e+37; -1.73891867e+38,1.46598823e+37; -3.01059249e+38,true
35722,100000,-1.91243956e+38; -3.0091137e+38,-2.6062587e+37; 1.81397535e+38,false
29480,100000,-1.16073036e+38; -1.94680891e+38,-2.08738994e+38; -3.21841757e+37,true
29066,100000,-7.22732533e+37; 3.05485885e+38,-1.02151098e+38; -7.64077109e+37,true
40808,100000,-2.75918579e+37; -1.9138504e+38,-1.72647197e+38; 1.1174552e+38,false
30384,100000,-1.45009382e+38; 1.44663617e+38,-3.11886811e+38; -1.08004211e+37,true
30020,100000,-9.21722036e+37; 3.00752174e+38,-2.48606261e+38; 7.70446724e+36,true
29295,100000,-1.3932478e+38; -2.99265047e+38,-2.93528711e+36; -2.35147929e+38,true
35034,100000,-5.26437357e+36; 3.35133515e+38,-1.07978204e+38; -9.35871248e+37,true
29834,100000,-1.83471432e+38; -4.67710134e+37,1.13928855e+37; -1.71695059e+38,true
34539,100000,3.03943591e+38; -8.59240654e+37,-2.97269948e+38; -2.48540546e+38,false
29503,100000,-1.6600559e+37; -2.90640277e+38,8.2572671e+37; -1.56693571e+38,false
29778,100000,-1.58610634e+38; -2.21993128e+36,-2.61370123e+38; -1.07127956e+38,false
29881,100000,3.21979338e+38; -6.77388012e+37,-2.60828279e+38; -1.8363787e+38,true
34299,100000,-6.92849698e+37; -2.10700161e+38,3.07570978e+38; 2.33102346e+38,false
29869,100000,-1.9956165e+38; -8.48306356e+37,-4.37729741e+37; 1.03985563e+37,true
31325,100000,2.26394791e+38; -2.87521857e+38,2.68923252e+38; -1.74886679e+38,false
29820,100000,-1.27599922e+37; -5.09017695e+37,-7.0479477e+37; -5.24043107e+37,true
30499,100000,1.97118844e+37; -2.53545129e+38,-3.06602919e+38; 2.59371515e+38,false
31043,100000,2.06453106e+38; -2.72279808e+38,1.64433287e+38; 5.48615804e+37,true
30207,100000,-2.43017605e+38; 3.06758647e+38,-2.32279124e+38; -1.475596e+38,false
31535,100000,-7.24095143e+36; -3.31623279e+38,1.09216395e+38; 2.7451282e+38,false
29585,100000,1.52895864e+37; -4.24645787e+37,2.42787567e+37; -2.92515082e+38,true
33135,100000,2.77879599e+38; 6.69619697e+37,-1.66225238e+38; 3.152127e+38,true
29694,100000,7.20244946e+37; -3.84789407e+37,2.2535905e+38; 1.72663565e+38,false
29522,100000,1.34819154e+38; -2.68222292e+37,-2.41244902e+38; 8.46411218e+37,true
29500,100000,-3.31941003e+38; 2.56899819e+38,2.98742998e+38; -2.77295526e+38,false
30056,100000,-2.91893852e+38; -2.43321638e+38,1.70204647e+38; -2.33152768e+38,false
33211,100000,-2.66672148e+38; 3.53076085e+37,1.2760319e+38; -1.84421338e+38,false
29579,100000,-1.71722098e+37; 2.06971727e+38,-1.43196225e+38; -1.64526343e+38,true
28877,100000,-3.34190241e+38; 4.52896724e+37,-2.15918039e+37; -3.12071969e+38,true
29314,100000,2.21737301e+38; 7.60296214e+37,-2.5550155e+38; 2.48418284e+38,true
31001,100000,-2.25801429e+37; -1.52606604e+38,9.75078667e+37; -2.68321879e+38,true
30217,100000,-1.21212679e+38; -1.07074562e+38,-7.71840252e+37; -2.707222e+38,false
30565,100000,-1.83964842e+38; -7.46329544e+37,2.94258694e+37; -3.16714917e+38,true
29232,100000,2.01848289e+38; 1.5236789e+38,-1.85482088e+38; 8.33455677e+37,false
30786,100000,-2.81746522e+38; -1.47348126e+38,9.9320455e+37; -1.46072575e+38,true
32793,100000,7.14823863e+37; -1.4466816e+38,1.98812357e+38; 1.39324962e+38,false
30886,100000,-2.65618112e+38; -1.73771205e+37,2.75546757e+38; 2.73048005e+38,false
31537,100000,-7.79322737e+37; -1.72681089e+38,5.4415195e+37; 8.77509122e+37,true
30651,100000,3.02143405e+38; -4.95299738e+37,-2.73336015e+38; -7.59801932e+37,true
32657,100000,2.18560548e+38; 1.04261108e+38,-4.98815897e+37; 1.51741833e+38,true
31853,100000,-3.35353498e+38; 1.47462671e+38,-1.87298804e+38; -1.46502076e+38,true
33156,100000,-2.04807837e+38; 7.43540155e+37,-6.8566416e+36; -2.83044352e+38,false
32913,100000,9.69739323e+37; 2.09592701e+38,1.25991519e+38; -1.2095558e+38,true
38803,100000,-2.46351607e+38; -1.36425055e+38,5.95061559e+37; 2.30657606e+38,false
33341,100000,-1.79643472e+38; 2.35628784e+38,-3.59042409e+37; -1.32529848e+38,true
34253,100000,-2.7338165e+38; -1.51066794e+38,-9.34970912e+37; 3.06899914e+38,true
33523,100000,-2.46204783e+38; 7.49647493e+37,3.38501166e+38; -9.40677165e+37,true
36211,100000,4.21929592e+37; 2.44628495e+38,7.99810354e+37; 3.13979144e+38,false
30346,100000,1.5571821e+38; 6.08970171e+37,-5.4612913e+37; 1.90489856e+38,false
31405,100000,5.24138029e+37; -4.21551984e+37,1.03355934e+38; 3.22201451e+38,false
31462,100000,-8.84370965e+37; 2.70094282e+37,-2.4944573e+38; 2.13109509e+38,false
31524,100000,-2.41329744e+37; -3.35035921e+37,-2.69105718e+37; -1.84398298e+38,true
32593,100000,-1.98354583e+38; 1.86181608e+38,-2.77730969e+38; -4.39712347e+37,false
30909,100000,3.34994763e+38; -1.45619862e+38,-2.54880584e+38; -6.79071857e+37,false
35297,100000,-2.46088646e+38; -2.01100679e+38,1.02043003e+38; 1.89632924e+38,true
37697,100000,-2.52028289e+38; -1.03649857e+38,-1.33965123e+38; 1.09717421e+38,false
32524,100000,2.49903706e+38; 6.00086374e+37,3.55846003e+37; -2.40953505e+38,false
29680,100000,2.01338491e+38; 9.59107588e+37,1.37797251e+38; -1.08571319e+36,true
28988,100000,-2.76037307e+38; 7.79382418e+37,-3.07887607e+38; 2.32834193e+38,false
35309,100000,-2.67887794e+38; -3.01572029e+38,1.87886629e+38; 9.54463525e+37,false
48140,100000,-1.04151106e+38; 8.45592227e+36,-4.65695026e+37; 7.44938729e+37,true
46739,100000,-2.25954785e+38; 2.1250274e+38,1.34514918e+38; -1.94092093e+38,true
46883,100000,-3.38141868e+37; 8.36534395e+37,-2.48928731e+38; -3.27577344e+38,false
46991,100000,1.37468696e+38; 1.84377873e+38,-3.24934404e+38; 2.03352592e+37,true
45620,100000,-1.29877244e+38; 9.368284e+36,-2.56919331e+38; -3.31284644e+38,false
45855,100000,7.68113106e+37; 4.40122077e+36,-1.95790582e+38; -2.45064688e+38,false
47129,100000,-2.2364082e+37; -1.41456465e+36,2.25563476e+38; -9.20571212e+37,false
46800,100000,2.0784523e+38; -1.00471695e+38,2.49385389e+38; -7.50559999e+37,true
45705,100000,1.27809787e+38; -2.23034422e+38,1.73097933e+38; -2.590128e+38,false
47101,100000,2.33043446e+38; -1.19206769e+38,-1.83033616e+38; -1.59861064e+38,true
32171,100000,-2.82761879e+38; -1.16918873e+38,1.35900835e+38; -4.00629259e+37,true
30577,100000,-2.69742195e+38; 9.52436602e+37,3.24800099e+37; 1.49290035e+38,false
29915,100000,-5.56959468e+36; 1.29451212e+37,-3.25057356e+38; 2.2870437e+38,false
31891,100000,1.78753196e+38; -2.53944814e+38,-1.10641609e+38; -1.42925212e+38,false
36207,100000,-2.96080344e+38; 2.0568998e+38,1.25023095e+38; 2.81241855e+38,false
29300,100000,2.28058821e+38; -2.6477412e+38,-2.17495022e+37; -3.17277247e+38,true
35803,100000,1.14579449e+38; -2.55668576e+38,3.34179329e+38; 1.03813293e+38,true
30080,100000,-1.45407079e+37; -1.31076421e+38,1.0802745e+38; -9.71451868e+37,false
33381,100000,8.47186514e+37; -2.90068435e+38,2.89005028e+38; -1.53545467e+38,false
30309,100000,2.84259416e+37; -1.17390997e+38,-2.01099219e+38; -8.52478929e+36,false
46239,100000,-2.17616321e+38; -2.26321146e+38,1.52026527e+38; -2.54518867e+38,true
46724,100000,1.24377749e+38; -3.27517348e+38,1.17820142e+38; -3.09648667e+38,false
47090,100000,1.97446986e+38; -2.77922517e+38,1.0102079e+38; -2.09441192e+38,false
46905,100000,8.18002661e+37; -2.32262513e+38,1.21963909e+38; 1.51176847e+38,true
46829,100000,-2.75808156e+38; -2.39414151e+38,-1.06274776e+38; 2.54365147e+38,false
46621,100000,3.07764452e+38; -2.69284563e+38,-2.33371129e+38; -3.34698599e+38,false
45631,100000,-2.92949389e+38; 2.93917265e+38,2.54923948e+38; -9.2160308e+37,true
45780,100000,-1.72949831e+38; -7.47496987e+36,-5.90547658e+37; 2.75540388e+38,true
47060,100000,1.84019179e+38; -2.27658872e+38,-1.0695733e+38; -6.41853534e+37,true
45502,100000,-3.03568914e+38; 2.56994214e+38,-2.90723273e+38; -1.59256517e+38,false
29892,100000,1.9086362e+38; -1.65064294e+38,1.27425932e+38; 1.39827561e+38,true
31836,100000,-3.27354947e+38; 2.05308772e+38,-8.41501405e+37; 2.63262188e+38,false
32010,100000,-2.5153139e+38; -3.38245486e+38,2.55627159e+38; 4.31751526e+36,false
31343,100000,4.88328826e+37; 1.09906919e+38,-8.2853268e+37; 1.10620272e+38,false
31244,100000,4.08381475e+37; 2.79110244e+37,-2.1353047e+38; 1.70009267e+38,false
31843,100000,1.32461872e+38; 1.53490542e+38,-2.81533293e+38; -1.68436183e+38,true
31677,100000,7.09085868e+37; 2.77100998e+38,5.35219932e+37; 1.22493088e+38,true
31024,100000,1.31646428e+38; -2.27239797e+38,-1.31208733e+38; 2.20174257e+38,true
31339,100000,-1.02559688e+38; 2.43931591e+38,2.37650758e+38; -7.25367877e+37,false
30612,100000,3.30611045e+38; -2.22164874e+38,5.15161542e+37; -9.71989149e+37,false
48451,100000,-1.22667303e+38; -1.45552281e+38,3.3510948e+38; -3.32010612e+38,false
46923,100000,4.10743362e+37; 2.3114696e+38,-1.98352758e+38; -1.08032085e+38,false
42976,100000,-2.75481711e+38; -2.5188187e+38,-4.21130769e+37; 2.40510638e+38,false
48719,100000,-1.5308321e+38; -2.95090765e+38,-9.74643959e+34; 7.21269309e+37,false
48096,100000,-1.48279585e+38; -9.87430046e+37,-1.23590711e+38; 1.29679064e+38,true
39906,100000,1.52672512e+38; 3.28775689e+38,-2.26705781e+38; 3.37307546e+38,false
35173,100000,3.07644684e+38; 3.05669177e+38,-3.0517595e+38; -1.63037807e+38,true
34148,100000,-3.29976814e+38; -1.97536026e+38,1.14669239e+38; -1.53789647e+38,false
31212,100000,1.34924035e+38; -1.8162768e+38,-2.26514539e+38; -2.96784488e+38,true
32560,100000,1.34475459e+38; 3.12023575e+38,2.70269659e+38; 1.19686093e+38,false
32535,100000,2.79883258e+37; 2.63777686e+38,-1.45357732e+38; -3.38313472e+38,false
32485,100000,-3.5485759e+37; -2.00804394e+38,2.47115524e+38; -1.50913003e+38,false
30667,100000,3.17433218e+38; -2.29140401e+38,-4.00566916e+37; -2.41082623e+38,true
30234,100000,-6.69269521e+37; -3.9552907e+37,-1.35945152e+38; 3.28434235e+38,false
32067,100000,1.91673334e+38; -2.42050905e+38,3.35211521e+38; 2.45829538e+38,true
31644,100000,-2.28389627e+38; 1.53624031e+38,-3.146166e+38; -1.98411125e+37,false
35437,100000,2.5932373e+38; -2.6815678e+38,1.9722538e+38; 7.54198562e+37,false
30424,100000,-1.11254404e+37; 4.45612804e+37,1.94310879e+38; 1.7890718e+38,true
36010,100000,1.2566194e+38; -1.44131589e+38,2.57110128e+38; -2.89794501e+38,false
46572,100000,-7.56699738e+37; 4.42478462e+37,5.63450207e+37; -2.7030775e+38,false
29668,100000,2.78334959e+38; 2.62719106e+38,-8.29347982e+37; 3.17953746e+38,true
29557,100000,-3.08683143e+38; 2.85498706e+38,-2.96933483e+38; 1.61466681e+38,true
35070,100000,-1.25113037e+38; -1.67103152e+38,1.0291249e+38; -1.07910907e+38,false
38171,100000,2.70138635e+38; 1.49448359e+38,1.69307282e+38; 4.03045858e+37,false
33112,100000,-1.11824053e+38; -4.9937412e+37,-3.07249461e+38; 1.30607593e+38,true
31630,100000,-9.31328901e+37; 2.88218314e+38,1.99481555e+38; 1.11352944e+38,true
36200,100000,-3.26960941e+38; -5.65424839e+36,-3.29626151e+38; 2.54241201e+38,true
37180,100000,-1.78942755e+38; -2.5496794e+38,1.44505482e+36; 4.93664773e+37,true
30375,100000,-9.12162937e+37; 1.9732233e+38,-2.32566485e+38; -1.89831935e+38,false
32713,100000,-4.91450695e+37; 2.52539345e+38,-1.02643454e+38; -2.23321925e+38,false
39068,100000,1.03914431e+38; 3.24180081e+38,3.28625093e+38; -1.06450959e+38,false
34076,100000,2.55321016e+38; 1.88265139e+38,-2.51462186e+38; -2.13128939e+38,false
30128,100000,2.55341583e+38; -1.91464081e+38,-2.14845764e+38; -1.38633342e+38,true
29619,100000,-3.39590067e+38; 3.24805448e+38,-4.66220848e+37; -2.94111206e+38,false
38434,100000,2.29948472e+37; -1.61396575e+38,3.1334323e+38; 1.30813145e+38,false
41979,100000,-1.62457933e+38; 2.86664235e+38,1.58525143e+38; 5.90899558e+37,false
30011,100000,-2.50555786e+38; -1.65818961e+38,-3.06648615e+38; -2.82815486e+38,true
29951,100000,-1.33960934e+38; -1.99054245e+38,-2.32483388e+38; 1.23978571e+38,false
33730,100000,3.37290894e+38; -1.73882822e+38,-2.80753718e+38; 2.15752814e+38,false
37078,100000,2.36436754e+38; -2.5614791e+38,-9.85121097e+37; -2.42540781e+37,true
34694,100000,7.24583556e+37; 2.50469646e+38,2.16027701e+38; 2.75308722e+38,true
29312,100000,-6.31973719e+37; -3.12361663e+38,2.61313332e+38; -7.04046095e+37,true
29949,100000,2.48555129e+38; 3.13863535e+38,3.20911469e+38; 2.18857564e+38,true
30275,100000,-1.82812781e+38; -1.51924659e+38,2.77503523e+38; 2.38831133e+38,false
31840,100000,-3.03422657e+38; 2.06967833e+38,1.99859619e+38; 1.01279553e+37,false
34314,100000,2.06213145e+38; 1.6212952e+38,-4.54563736e+37; 6.06789292e+36,false
33412,100000,2.52968034e+38; 1.24289125e+38,-6.61443249e+37; 3.51692774e+37,true
36006,100000,3.26729823e+38; -6.04678717e+37,-3.13812829e+38; 1.56001951e+37,true
34235,100000,1.31867475e+38; -1.2500763e+38,3.1742762e+38; -3.13138013e+38,true
33466,100000,-4.3656619e+37; 1.5273196e+38,-3.04334473e+38; -3.12281811e+38,true
31840,100000,2.32162956e+37; 2.0347934e+38,-5.57185984e+37; 2.0935059e+38,false
39195,100000,1.06032492e+38; -1.14528905e+38,-1.32383561e+38; -2.63328065e+38,true
30921,100000,-1.66916057e+38; 2.25054449e+38,2.83108668e+38; 3.36024116e+38,false
30220,100000,-2.93128117e+38; -3.55319953e+37,3.36139239e+38; -3.01619308e+38,false
32417,100000,3.10227426e+38; 2.74893318e+38,2.20310413e+38; -2.38510773e+38,true
37290,100000,-2.98793157e+38; 1.90407489e+38,2.51173446e+38; -8.88690611e+37,false
33615,100000,1.69785927e+38; 1.85024902e+38,2.82981822e+38; -5.52151079e+37,true
33255,100000,1.44072456e+38; 1.77211206e+38,-3.03238959e+38; -1.12825518e+37,true
34489,100000,4.64308318e+37; 5.11107899e+37,8.89306284e+37; 3.31717917e+38,true
32675,100000,-1.30591438e+38; 4.87961918e+37,1.98475284e+38; 1.96959539e+38,false
30688,100000,1.64829768e+38; 2.11622058e+38,1.59743974e+38; -1.77678958e+38,true
36403,100000,7.44304295e+37; -2.76887302e+38,1.81301802e+38; -1.13468128e+37,false
29678,100000,-2.44254203e+38; -1.90400167e+38,-1.44707427e+38; 1.20746661e+38,true
29292,100000,8.6062077e+37; -6.24535719e+35,-9.63522156e+37; -5.82577837e+37,true
37496,100000,3.09517136e+38; -2.25607732e+38,8.97637791e+37; 9.88916442e+37,false
30970,100000,2.64994995e+38; -1.90182983e+38,-5.29560278e+37; -2.49610504e+38,true
44672,100000,2.33041276e+38; -1.57593511e+37,-7.09586134e+37; 1.11917332e+38,true
29294,100000,8.53527505e+37; -2.23303955e+38,2.65069138e+37; 3.4899245e+37,true
33003,100000,-8.04662211e+37; 1.93702346e+38,1.10664995e+38; -2.32513568e+38,false
30651,100000,-9.92600438e+37; -1.64765432e+38,8.7206441e+37; 2.07973739e+38,false
30341,100000,3.143968e+38; -1.38299677e+38,1.37850107e+38; -2.27139333e+37,true
29756,100000,3.15019186e+38; 2.08117318e+38,9.04589789e+37; 1.2892894e+38,false
32363,100000,-2.239679e+38; -2.82012383e+38,2.882834e+38; -2.19701799e+38,true
33821,100000,1.78493926e+38; 2.45823717e+38,-6.34473678e+37; 1.09658328e+38,true
30721,100000,-9.61141204e+37; 1.69752796e+38,3.35788799e+38; 1.01949532e+38,false
29662,100000,2.35567531e+38; 6.91291958e+37,2.95444429e+38; -2.88605607e+38,false
29537,100000,-1.38159748e+38; 6.73459816e+37,3.05933964e+38; -3.24588447e+38,false
40431,100000,-2.12268539e+38; 1.536757e+38,6.97276385e+37; 1.00292034e+37,true
32135,100000,-3.20822247e+38; 1.24437654e+38,1.68377212e+38; -1.97728851e+38,false
42907,100000,1.81213067e+38; 2.53072828e+37,-2.47308673e+38; 2.70816858e+38,false
32079,100000,3.02704295e+38; -1.86592246e+38,4.6655495e+37; -2.24478996e+38,true
36170,100000,1.82820083e+38; 6.40339858e+37,-3.32211367e+38; 1.51499306e+38,false
30570,100000,-3.17767731e+37; 1.95830316e+38,-8.82106016e+36; 6.7123159e+37,false
32547,100000,-2.29881561e+38; -1.1965548e+37,-2.72061995e+38; -2.91570428e+38,false
31706,100000,3.38985976e+38; 3.32563815e+38,-8.0777333e+37; -2.66944581e+38,false
37791,100000,-1.06012038e+38; -2.96741043e+38,2.57243484e+38; -1.32597039e+37,false
33481,100000,-7.60602276e+37; 3.05842957e+38,-2.48274055e+38; -1.24018974e+38,false
32984,100000,-4.53994763e+37; 3.38503194e+38,-1.63313526e+38; 1.44995752e+38,false
31368,100000,-1.66209672e+38; -1.47901977e+36,2.5209086e+38; 1.81195583e+38,false
44146,100000,2.22026265e+38; -1.46913991e+38,1.90568409e+38; -1.47598784e+37,false
31797,100000,3.2209371e+38; -1.48916555e+38,-3.14367735e+38; 3.20636805e+38,true
44543,100000,2.83124849e+36; -1.79377529e+38,2.3158222e+38; 6.4832991e+37,false
30320,100000,-2.45513031e+38; -3.13364486e+38,2.34175732e+38; -2.41298204e+38,true
33688,100000,3.35614999e+38; -1.27914201e+38,-2.37525169e+38; -2.42645119e+38,true
31125,100000,2.80587108e+37; -1.44667988e+38,-2.50221451e+38; 2.82621768e+38,false
31875,100000,2.72659434e+38; 9.53623123e+37,-9.19351327e+37; 3.06216011e+38,true
30128,100000,-8.9586166e+37; 9.41004219e+37,-1.68373358e+38; -1.0751612e+38,false
30516,100000,1.45429511e+38; 3.35096723e+38,-2.90303264e+38; -8.33826845e+37,true
31910,100000,1.10843936e+38; 2.74548071e+38,-2.36786038e+38; -1.12542761e+38,true
33010,100000,-9.93991e+37; -3.37395997e+38,-2.36228048e+38; 1.52330911e+37,false
44418,100000,-1.71642163e+38; 2.91420805e+38,2.47744238e+38; -1.89721368e+37,false
43089,100000,8.4083244e+37; 1.69975136e+37,-1.89959329e+38; -1.765917e+38,false
32662,100000,1.51900523e+38; -1.1433894e+38,-7.15515037e+37; 5.85639365e+37,true
30945,100000,-1.95455618e+38; -3.3514396e+38,3.31209984e+38; 2.56347813e+38,false
30332,100000,5.96389043e+37; -1.33947254e+38,1.4013417e+38; -2.84216189e+38,true
39070,100000,-1.80307173e+38; -2.85773269e+38,-1.14435921e+38; 3.15223404e+37,false
38748,100000,1.42975756e+38; 2.49313691e+38,-1.01257912e+38; -4.63180008e+37,true
29535,100000,-1.52334262e+38; 1.61770308e+38,4.95376406e+37; -7.68303152e+37,false
29732,100000,-9.39725312e+37; -1.99785872e+38,3.18789584e+37; 9.04622038e+37,true
31189,100000,1.98942854e+38; 1.99791267e+38,-1.48691399e+38; 2.54387092e+38,true
32559,100000,1.81939238e+38; 2.78799832e+38,-3.32193316e+38; 8.33189826e+37,true
31444,100000,-1.33095383e+38; -1.45434308e+38,7.04415311e+36; 2.76542887e+38,true
29519,100000,-2.9026737e+37; 3.21452158e+38,-1.22397355e+38; 3.25847204e+37,true
30106,100000,1.056136e+38; -1.56609429e+38,2.42516189e+37; 1.86204183e+38,false
31053,100000,-2.36543136e+38; -1.93315053e+38,-3.35293102e+37; 2.83385928e+38,true
31691,100000,2.05239386e+38; -2.10613454e+38,-2.40519918e+37; 1.54211612e+38,false
30795,100000,-1.35608799e+38; 1.07744559e+37,1.07770492e+38; -1.12961258e+38,true
30038,100000,-1.83943728e+38; -1.04763209e+38,3.11227896e+38; -5.77456377e+37,false
30161,100000,-1.67719089e+38; 5.25747996e+37,-1.97071782e+38; -2.9863035e+38,false
31074,100000,4.6375547e+37; -2.11166778e+38,3.96307585e+37; 3.82386854e+37,false
30631,100000,-9.23732936e+37; -8.78117492e+37,-5.35486139e+37; 6.38862386e+37,false
30016,100000,1.37714509e+38; -2.17640619e+38,1.6709506e+38; -1.59092655e+38,true
29908,100000,-5.54421036e+37; 1.91324173e+38,2.60320813e+38; -5.08572547e+37,true
30626,100000,2.67884184e+38; -3.37426178e+38,-7.81989722e+37; 7.98905556e+37,false
31279,100000,-8.05433602e+37; 6.20259309e+37,4.84011868e+37; 2.93409475e+38,false
30366,100000,-2.59411131e+37; -9.88505001e+36,1.19106037e+38; -1.83009662e+38,true
30585,100000,4.5296391e+37; 1.69673491e+38,-2.35236969e+38; 2.52950287e+38,false
30258,100000,-2.20689106e+38; -4.50107139e+36,-1.44924915e+38; -2.52268595e+38,false
30735,100000,6.22790503e+37; -2.21902035e+38,-2.76533009e+38; -1.7105592e+38,false
30633,100000,3.28529948e+38; -2.89491502e+38,3.28952146e+38; 1.77280247e+38,false
30612,100000,-3.37994227e+38; 3.36124331e+38,2.98104772e+38; 2.84592164e+38,true
29753,100000,-1.76652425e+38; 1.24472631e+38,-6.29244315e+37; 1.66187026e+38,false
30373,100000,9.19876439e+37; -2.8532732e+38,2.69264504e+38; 3.25570278e+38,true
31423,100000,1.44968289e+38; -7.93448219e+37,-1.68530415e+38; 3.64876137e+37,true
31656,100000,-2.93552608e+38; -2.72952069e+38,-3.33869231e+38; -2.09031325e+38,false
30365,100000,2.76914927e+38; -1.44515099e+38,-1.71712867e+38; -6.85615165e+37,true
31174,100000,-3.16712382e+38; -2.23584298e+38,-9.69599881e+37; -2.45509685e+38,true
32141,100000,-1.58812555e+38; 7.14345908e+37,2.0087952e+38; -3.14229287e+38,true
31800,100000,-1.01999467e+38; 2.94794845e+38,-1.55149085e+38; 2.8731491e+37,false
30713,100000,-1.78089596e+38; -1.09371799e+38,-3.1544682e+38; 1.83716281e+38,false
34219,100000,6.31665376e+37; 1.71242115e+37,3.23227416e+38; 8.15139951e+37,true
40658,100000,-2.27240223e+38; -2.99155218e+38,-5.00512064e+37; 2.32017968e+38,false
30469,100000,3.83477845e+37; 9.69976323e+37,2.08319209e+37; -2.19456828e+38,false
29947,100000,-7.57843818e+37; 2.420793e+38,3.32821401e+38; -1.82303591e+38,false
33546,100000,2.50262948e+38; 3.57072632e+37,4.49290613e+37; 1.5400103e+38,true
44086,100000,5.01955208e+37; 2.00378646e+38,-3.35790097e+38; 2.713973e+38,false
30414,100000,-3.23521977e+38; 1.41591745e+38,3.37795683e+38; -2.7397633e+38,true
29448,100000,2.76335641e+38; 2.96976928e+38,1.22576955e+38; -1.78636126e+38,true
31474,100000,3.23735713e+38; 2.67875098e+38,-5.29465812e+37; 2.98521453e+38,false
30196,100000,-1.43171917e+38; 2.8476209e+38,-2.39794304e+38; -2.89950356e+36,true
31730,100000,1.61000855e+38; -8.84335876e+37,4.74644944e+37; -1.03545037e+38,false
29794,100000,1.64305813e+38; -3.42644563e+37,1.90338448e+38; -3.0821965e+38,false
35603,100000,-2.02515459e+38; 1.90473549e+38,2.18525115e+38; -1.23782887e+38,false
30935,100000,-2.59369284e+38; 1.76396096e+38,1.35339439e+38; -2.37695947e+38,true
31921,100000,3.18078118e+38; 2.97326556e+38,2.22061414e+38; -2.61558425e+38,true
36877,100000,-2.6747955e+38; -2.26633475e+38,1.68099759e+38; 2.89346239e+38,true
38362,100000,-1.4044873e+38; 2.71739424e+38,-2.29076177e+37; -4.95249742e+37,false
30124,100000,-9.78753333e+37; 3.02414763e+38,-5.76366045e+37; -1.71550243e+38,false
30752,100000,-3.37338801e+38; 2.4790455e+38,3.22967761e+38; 5.33560172e+37,true
29891,100000,5.25026348e+37; -6.69730844e+37,-2.39388474e+38; 1.6007404e+38,true
32433,100000,-2.78755454e+38; 4.6707783e+37,2.61420053e+37; -1.2115595e+38,false
29963,100000,-3.3801786e+36; 3.10229941e+38,-2.99827737e+37; -2.20637832e+38,true
31598,100000,1.51107592e+38; -1.86780142e+38,1.80442112e+38; -2.36761374e+38,false
31259,100000,2.63449922e+38; 1.208795e+38,-1.11306986e+37; 8.34369501e+37,true
30595,100000,-1.5410304e+38; 2.42254926e+38,-9.21410803e+37; 2.05899797e+37,false
29778,100000,7.2161984e+37; -1.11306375e+38,-2.62235655e+38; 4.15052562e+37,true
32922,100000,-9.36661958e+36; 2.41328871e+38,2.9118417e+38; -3.37592372e+38,false
32286,100000,-7.79235599e+36; 1.60443722e+37,2.91702487e+38; -1.58684563e+38,false
31183,100000,-9.16491e+37; -9.21248949e+37,2.02182949e+38; -2.07830768e+38,false
30010,100000,1.71547059e+38; -5.02687606e+37,-1.71755152e+36; 5.79695149e+37,false
33820,100000,1.20824778e+38; 2.71196809e+38,-1.90675277e+38; 4.75789423e+36,true
31461,100000,-1.88766682e+38; -2.45059273e+37,2.60070609e+38; 1.33610748e+38,false
30365,100000,-2.67204318e+37; 6.73164352e+37,2.45011569e+38; -2.28555132e+38,true
29514,100000,1.62383142e+38; 3.36472235e+38,2.06350054e+37; -5.29581099e+36,true
33342,100000,-2.08830042e+38; 2.84546468e+38,1.11467306e+38; 5.47386995e+37,false
29968,100000,8.45674054e+37; 1.99797677e+38,-1.22386088e+38; -1.2357342e+38,false
30470,100000,4.50549137e+37; 1.99710908e+38,3.29446713e+38; -3.55005424e+37,true
29056,100000,1.77355576e+38; 2.59741892e+38,-2.93027963e+38; -9.16199605e+36,true
31609,100000,1.784332e+38; 3.3217782e+38,2.47438481e+38; -2.09685965e+37,true
32657,100000,-1.65290858e+38; 2.76434437e+38,-1.50648987e+38; -1.85624775e+38,false
34125,100000,-2.40386105e+38; -8.68493895e+37,-2.05509081e+38; -2.53941508e+38,true
30006,100000,-2.26789142e+38; 1.79911078e+38,-5.2714759e+36; 2.83900169e+38,true
28850,100000,-2.51339072e+38; -1.03341747e+38,-3.34081162e+38; -3.26103117e+38,true
28470,100000,-9.69448676e+37; 5.10303499e+37,2.06669114e+38; -2.44405044e+38,true
33578,100000,-3.29619935e+37; 2.91998631e+38,-1.27912715e+37; -2.1575468e+38,true
35228,100000,1.11282635e+38; 1.03737071e+38,1.70575592e+38; 5.54897824e+37,false
29918,100000,-1.31288311e+38; -1.87303307e+38,2.79976597e+38; 2.2539317e+37,false
29191,100000,-2.19673688e+38; -1.71902123e+38,2.50705612e+38; 1.62814771e+38,true
34788,100000,-6.18133865e+37; 1.93092373e+38,-2.25267698e+38; -2.46350816e+38,false
33720,100000,1.34726636e+38; 2.14867913e+38,-1.26365509e+37; 2.76585642e+38,true
32992,100000,1.71027281e+38; -1.95655501e+38,-8.9135501e+37; 2.05381809e+38,true
34134,100000,-1.4460134e+38; 3.09235109e+38,-5.44048814e+37; -1.82971511e+38,false
37168,100000,2.4724237e+38; -3.14747726e+38,8.20929261e+37; -7.65482832e+37,true
34570,100000,-8.00240696e+37; 8.63446135e+36,1.63471333e+38; 5.22385832e+37,false
34527,100000,1.68238095e+38; -2.03634642e+38,-1.88504309e+38; 2.43933295e+37,true
36808,100000,3.47745487e+37; -2.30845259e+38,-1.83676609e+38; 2.00564676e+38,false
33475,100000,2.37091389e+38; -1.25883313e+38,-2.11964871e+37; 3.03330737e+38,false
32499,100000,3.17475872e+38; -8.95085148e+37,3.50660475e+37; -2.63070864e+38,true
34350,100000,1.81621595e+38; -3.36747772e+38,-2.9941895e+38; 2.70316613e+38,true
34789,100000,4.22771819e+37; -4.42494384e+37,-2.35677949e+38; -1.57654916e+38,false
32032,100000,2.49932528e+38; -7.88890305e+37,4.61179097e+37; 7.16680566e+37,false
33049,100000,-2.04344222e+38; 2.47714606e+38,-1.14457481e+38; 2.24921944e+38,true
31142,100000,-2.37525656e+38; 4.84577387e+35,-2.20608159e+38; 2.40456708e+38,true
29578,100000,-1.39886552e+38; -3.10059832e+38,1.65703554e+38; -1.92083465e+38,false
29022,100000,-2.82700971e+38; 2.98144485e+38,1.0372549e+38; -1.26403993e+38,false
31655,100000,-4.39260296e+36; 3.25840277e+38,-1.87997594e+38; -9.2453835e+37,true
34714,100000,3.24136453e+38; 2.76289154e+38,-1.68646613e+38; 4.22854926e+37,false
29423,100000,-2.2360953e+38; 6.61881247e+37,-5.62329451e+37; -7.58191661e+37,true
29280,100000,1.45143824e+38; -2.61491331e+38,2.49241668e+38; -2.3673525e+38,true
29109,100000,-7.09571125e+37; 6.5173624e+37,-2.91090749e+38; -2.17588615e+38,true
33364,100000,-2.43814197e+38; 3.30602506e+38,-4.57172358e+37; 8.57567558e+37,true
29151,100000,1.29123843e+38; 2.58242596e+38,1.51033399e+38; -2.44077787e+38,false
29329,100000,1.600331e+38; 6.40827244e+37,-1.21110405e+38; -1.07856145e+38,true
29060,100000,-1.3184409e+38; 2.36870494e+38,1.77294323e+38; 4.24805258e+37,true
30865,100000,3.01874582e+38; -2.63608936e+38,2.98726367e+38; 2.70198022e+38,true
34297,100000,-5.60968045e+37; -8.19732193e+37,-9.83893098e+37; 7.28374338e+37,true
29706,100000,-3.08061467e+38; 2.88431847e+38,1.32784159e+38; 8.66538696e+36,false
32626,100000,1.94339173e+38; 2.22386074e+38,-2.56221778e+38; -7.06855982e+36,false
30349,100000,2.56270654e+37; 9.35306282e+37,-3.20001438e+38; -9.18757762e+37,true
33460,100000,-2.21951564e+38; 7.81123917e+37,-3.21808743e+38; 2.5414851e+38,true
30229,100000,-2.60207394e+38; 1.02086651e+38,-1.18253395e+38; 2.30557654e+38,false
30201,100000,6.50709696e+37; -1.54197415e+38,-2.61446101e+38; 3.10932153e+37,true
29782,100000,2.50140666e+38; -7.61339897e+37,2.44381962e+38; 8.79473473e+37,true
30892,100000,-7.42766888e+37; -7.82996896e+37,1.75049871e+38; 5.02389505e+37,false
34080,100000,1.05933159e+38; 2.18585313e+38,3.25115019e+38; -9.60071915e+36,true
30353,100000,-2.00996184e+38; 1.65353936e+38,-2.66471311e+38; -7.3338384e+37,true
30286,100000,3.14310133e+38; 1.40508002e+37,2.53637008e+38; 2.14028403e+38,false
32134,100000,2.21822994e+38; 7.2038492e+36,-2.07546531e+38; -1.25753262e+38,true
34664,100000,-2.9040277e+38; 8.56614183e+37,5.26272955e+37; 1.29530546e+38,false
29913,100000,3.91473348e+37; 3.33623084e+38,-2.20344853e+37; 1.68754211e+38,true
29646,100000,-3.03518431e+38; -7.75111805e+37,-7.8391072e+37; -1.50271267e+38,true
29632,100000,-1.84980971e+38; 2.7374359e+38,-9.56846708e+37; -8.54744855e+37,true
30601,100000,1.88536092e+38; 2.97205272e+37,1.9588668e+38; -1.68462266e+38,false
30678,100000,-3.30649399e+38; 3.07869657e+38,-3.29133431e+38; 6.43723572e+37,false
29706,100000,2.45635496e+37; -2.57757339e+38,-6.51001357e+37; -1.332252e+38,false
29927,100000,-2.86144438e+38; -3.38765243e+38,7.67054871e+37; 2.07267541e+37,true
33469,100000,-1.71241585e+38; -2.96418533e+38,2.45010372e+38; 6.563226e+37,false
43894,100000,-4.43576247e+37; -2.8675942e+38,8.35752102e+37; 3.17173746e+38,true
30107,100000,-3.16844663e+38; 1.70424103e+38,1.07712495e+38; -2.03284689e+38,false
29467,100000,1.17636252e+38; -1.50750865e+38,-2.42575368e+38; -6.70703081e+37,true
37556,100000,-2.15169674e+38; 2.42897189e+38,-9.41992277e+37; -3.15078674e+38,false
30618,100000,3.01756761e+38; 1.47320633e+38,3.26836732e+37; 1.79048528e+38,true
29946,100000,-2.5925374e+37; 5.84318017e+37,-2.76850206e+38; -2.20504759e+38,false
29045,100000,1.39198958e+38; -7.06239689e+37,-2.35970279e+38; 1.10239987e+38,false
30501,100000,1.32264189e+38; 5.88578997e+37,2.26203706e+37; -2.05340514e+38,false
31135,100000,3.10831299e+37; 2.35058869e+38,2.1608001e+38; -2.19804063e+38,false
32405,100000,-2.19297063e+38; 2.80153724e+38,-1.13589566e+38; -2.096644e+38,true
29287,100000,-7.85598825e+37; -2.71630183e+38,-1.8773017e+38; 2.71225955e+38,true
28677,100000,-3.06099489e+38; -2.76458978e+37,2.19990884e+38; -3.3361345e+38,false
31354,100000,6.08941522e+37; -3.17923748e+38,2.16723099e+37; 8.5318169e+37,true
32408,100000,4.71360157e+37; -2.94780951e+38,2.16583987e+38; 4.66759802e+37,false
33714,100000,-1.67917278e+38; -1.02728153e+38,-2.85931492e+38; -1.81762031e+38,false
30587,100000,8.01858878e+37; 1.04264292e+38,-3.32608862e+38; 1.08398121e+38,false
32313,100000,-1.47934744e+38; -2.14959569e+38,-8.22155992e+37; -1.6316085e+38,true
36794,100000,-1.70933333e+38; -3.2406944e+38,7.04711155e+37; 2.73604513e+38,true
30299,100000,1.10488994e+38; -7.07354296e+36,1.01897548e+38; -7.97252489e+37,true
29335,100000,2.51765915e+38; 3.21762073e+38,-2.06603642e+38; -1.8766119e+38,false
30061,100000,4.37986618e+37; 7.82270329e+37,-1.20130015e+38; -2.52319311e+37,true
30507,100000,-2.05880919e+38; -3.59728158e+37,-2.28035882e+38; -2.64880298e+38,true
29958,100000,9.94609512e+37; -6.13637609e+37,-1.63428061e+38; 2.275862e+38,true
29735,100000,-8.34530239e+37; -9.71000179e+37,-1.02987129e+38; -4.80073886e+37,true
30674,100000,1.09831276e+38; 1.48575508e+37,2.69953314e+38; -2.02293229e+37,true
31355,100000,2.23309964e+37; 4.80006295e+37,-2.41155112e+38; -2.09128782e+38,true
30214,100000,-9.25057276e+37; 8.64056813e+37,1.56176805e+38; -1.74423469e+38,true
30344,100000,5.37319212e+37; 2.98680184e+38,-9.94694749e+36; -2.34070953e+38,true
30674,100000,-2.00334917e+38; 2.48183799e+38,-2.2515655e+38; 2.2488077e+38,false
29441,100000,2.07687149e+38; -2.65995567e+38,4.5645933e+37; 7.0201106e+37,true
31069,100000,-8.32119979e+37; -2.76598141e+37,3.06653321e+38; 2.41791473e+38,true
36601,100000,1.4086406e+37; 2.82428497e+38,-9.30830157e+37; 3.08302706e+38,true
29226,100000,-3.37303611e+38; -7.49381489e+37,-7.72429253e+37; 2.04071424e+38,false
34214,100000,2.51319865e+38; 2.62413694e+38,-1.12205322e+38; -1.04758808e+38,false
30704,100000,-2.05285833e+38; 3.58954536e+37,-1.64509103e+38; 6.6941312e+37,true
30957,100000,-6.94542214e+37; -1.71787142e+38,-3.34551937e+38; 3.10692583e+38,true
30069,100000,2.93569239e+38; 1.38904052e+38,-2.17198828e+38; -1.85388992e+38,false
29528,100000,-1.66809696e+38; -2.98945092e+38,-1.33454696e+38; 3.26159096e+38,true
31938,100000,2.95733575e+38; -2.95099791e+38,9.39306886e+37; -1.15990932e+38,true
31297,100000,2.47412824e+38; -3.08644505e+38,-1.22004829e+37; 1.85374287e+38,true
30327,100000,-9.8064771e+37; 1.38604653e+38,5.73527218e+36; 2.27982924e+38,true
29242,100000,-3.00824906e+38; 2.25954521e+38,-2.93843336e+38; -4.74609855e+37,true
31955,100000,1.51992767e+38; 5.512297e+37,-1.5346812e+38; 2.24768776e+37,true
32041,100000,3.2855309e+38; -3.40024456e+38,-2.36406229e+38; -1.0723457e+38,true
34801,100000,-1.73529035e+38; -9.41673234e+37,1.42889474e+38; -4.82425479e+37,true
29724,100000,-3.57883295e+37; 4.4036615e+37,2.87340045e+38; -2.35439144e+38,false
30835,100000,4.02387921e+37; 2.99507422e+38,-2.10713527e+38; -1.66916858e+38,true
33220,100000,2.06796487e+38; 6.8366131e+37,-1.31680968e+38; 4.35079084e+37,true
34602,100000,1.04395104e+38; 4.69968378e+37,2.49665084e+38; -2.15915073e+38,true
29691,100000,-2.10393735e+38; 2.74290911e+38,-4.73698009e+37; 7.44522889e+37,false
29188,100000,-3.21823224e+38; -1.24684267e+38,2.22761684e+38; 2.75010267e+38,true
30116,100000,1.58228604e+37; -1.8487538e+38,-2.89348977e+38; 2.10040638e+38,true
30518,100000,1.82360544e+38; 3.27672691e+38,1.80962333e+37; -1.3465294e+38,true
30212,100000,-1.2509883e+38; 1.97324074e+38,-1.00267187e+38; 2.08683826e+38,false
28918,100000,-3.05544948e+38; -2.92582723e+38,1.54686464e+38; -1.64080495e+38,true
35913,100000,2.00523909e+38; -1.54055762e+38,2.92271368e+38; 2.98212715e+38,false
31957,100000,2.53741564e+38; 2.14216989e+38,-7.02809426e+37; 1.98764551e+38,true
30932,100000,-9.36578394e+37; 1.0266397e+38,2.22171918e+37; -3.17440784e+38,true
29974,100000,-1.97703092e+38; -7.4736486e+37,7.33179596e+37; 1.01340918e+38,true
31904,100000,1.44899106e+37; 1.82875535e+38,-1.69914122e+38; -2.42852831e+38,true
39897,100000,2.41160751e+38; 2.98405032e+38,-2.26049544e+38; -1.44995929e+37,false
30684,100000,-1.54990487e+38; 7.1411621e+37,2.71481168e+38; -1.10884521e+38,false
29571,100000,1.67032767e+37; -1.57084859e+38,2.78830337e+38; 1.43988537e+38,false
30309,100000,-1.79879113e+38; -3.38941537e+38,-2.32679762e+38; -7.87988549e+37,true
29919,100000,-1.22608484e+37; 9.83024605e+37,-8.22828455e+37; -2.21454544e+38,false
30548,100000,-1.96821781e+38; -1.2387005e+37,1.44308523e+38; 3.02207964e+38,false
30119,100000,-2.03242137e+38; 1.53620542e+38,1.78337042e+38; -2.32983573e+38,true
29350,100000,2.32301475e+38; -2.52033359e+38,-5.35132211e+37; -3.09424871e+38,false
29812,100000,2.86163178e+38; -1.55186344e+38,2.89474059e+38; 2.35687177e+38,true
32077,100000,1.47021255e+37; 1.03002412e+38,1.79105197e+38; 1.33152873e+38,true
37161,100000,-1.37276533e+37; -1.05924561e+37,-1.60369615e+37; -1.89067004e+38,false
40166,100000,-7.19023134e+37; 2.50228975e+38,4.45520468e+37; -2.81958128e+38,true
29981,100000,7.64303664e+37; 2.1910724e+38,3.1890063e+38; 2.0549245e+38,false
31902,100000,-1.45487144e+38; -1.31578441e+38,-2.54469196e+38; 1.50361584e+35,false
30374,100000,-3.21064581e+38; -3.24262204e+38,2.64278479e+38; 2.37681526e+38,true
29687,100000,-2.08060114e+37; -1.74858771e+38,1.44927359e+38; -6.1120732e+37,true
31010,100000,5.41836523e+36; 2.80623099e+38,2.7363155e+38; -2.39347118e+38,false
29378,100000,7.24973181e+37; 8.86780312e+37,9.77302025e+37; 6.89943736e+37,true
29857,100000,-9.6154239e+37; -1.14595574e+38,3.29259694e+37; -7.39745114e+37,true
31250,100000,2.26549465e+38; -1.9840318e+38,-6.99126394e+37; -1.96693859e+38,false
31290,100000,3.20759168e+38; -7.96858047e+37,-3.29162637e+38; -3.35864919e+38,false
29231,100000,1.87188407e+38; 1.13618813e+38,-3.11461428e+38; -1.82373809e+38,true
29758,100000,2.91853023e+38; -2.15578547e+38,-2.69201349e+37; 8.71299548e+36,true
31966,100000,3.1776875e+38; 2.92943791e+38,9.61931102e+37; -2.31907733e+38,true
30518,100000,1.52045116e+38; 1.95907531e+38,-3.17771144e+38; -1.68602945e+38,true
30274,100000,-2.62115177e+38; 1.36062314e+38,7.7486905e+36; 1.15008899e+38,false
30317,100000,3.1410449e+38; 3.5443848e+37,-1.55321354e+38; -2.96304931e+38,true
31661,100000,-3.02083876e+38; -2.17366665e+38,-2.54936928e+38; 2.75831968e+38,true
34768,100000,-1.76598839e+38; 1.76357199e+37,1.52233301e+36; -2.18905866e+37,true
30304,100000,-2.69837482e+38; -2.43758339e+38,-3.07252585e+38; -3.09941484e+38,true
29840,100000,-1.18266213e+38; 4.22380242e+37,-1.45956002e+38; -3.27811159e+38,false
31698,100000,-1.71930437e+38; -2.81233214e+38,-2.16329483e+38; 1.34256784e+38,false
35293,100000,-2.80160153e+38; -1.01063059e+38,-2.38465482e+38; 1.9038891e+38,false
30334,100000,3.82902306e+37; 1.27721406e+38,-8.03517421e+37; -1.54229915e+37,true
29881,100000,-1.57166709e+38; 1.84139484e+37,-3.23949267e+38; 1.56678856e+38,false
30934,100000,3.38840389e+38; 3.5059547e+37,-1.88519988e+38; 3.86942131e+37,false
30852,100000,-2.17994933e+38; -2.94840419e+38,7.72486184e+36; -1.79172231e+38,false
30422,100000,-2.81467963e+38; 2.29241326e+38,-3.05399604e+38; -1.69059989e+38,false
29292,100000,1.37994327e+37; 1.86010726e+37,2.93866945e+38; -2.43873503e+38,false
30979,100000,-2.17162583e+38; -4.41296999e+36,1.94741718e+38; -5.46138612e+37,true
31143,100000,4.56267813e+37; 8.99717752e+37,-1.46271274e+37; 2.56430951e+38,true
30849,100000,-2.36122194e+38; 2.95837376e+37,-1.80921142e+38; 2.04933507e+38,false
31204,100000,1.16971881e+38; 2.18235989e+38,-3.36184311e+37; -9.42858741e+37,false
30603,100000,5.38773562e+37; 6.13571742e+37,-2.9741444e+38; 1.81031478e+38,true
31240,100000,2.36516789e+38; -1.37629211e+38,1.39298088e+38; 2.84488967e+38,false
31118,100000,8.88490728e+37; 3.30314333e+38,-1.41121913e+38; -2.92331607e+38,true
33221,100000,-2.84374067e+38; 2.42757138e+38,-3.23029379e+38; -1.34781267e+38,false
29535,100000,9.25341737e+37; 1.83975491e+38,1.69694796e+37; 3.10465562e+38,false
30016,100000,1.82588579e+38; -2.74058109e+38,2.32412136e+38; 2.77634648e+38,false
30461,100000,-9.98514383e+37; -2.6350004e+38,3.23826457e+38; 3.39899415e+38,true
33968,100000,-1.83756643e+38; 2.17337195e+38,1.30625888e+36; 2.25995735e+38,true
29958,100000,-3.33248022e+38; -1.81627457e+38,-1.59684668e+38; -2.61829337e+38,true
29941,100000,2.6900138e+38; 1.02215597e+38,2.58219657e+38; 1.16693759e+38,true
31556,100000,4.62862131e+37; -2.12717754e+38,-3.3067392e+38; -2.13514467e+38,true
29476,100000,-3.07591605e+38; 1.31677449e+38,2.74410354e+38; 2.48864841e+38,true
30994,100000,-2.70175716e+37; 5.67040599e+37,-9.55779853e+37; 1.82492928e+38,false
29171,100000,-4.68285039e+37; 6.13911168e+37,-7.97118016e+37; -2.68911463e+37,true
28773,100000,2.9294732e+38; -2.70360829e+38,-1.46990141e+38; -2.09823796e+37,true
30835,100000,-8.55687581e+37; 1.65944743e+38,-3.82592518e+37; -3.1019753e+38,false
35100,100000,2.65466521e+38; 1.27237823e+38,2.57322119e+38; 2.5141793e+38,true
29352,100000,5.11352657e+37; 2.60429405e+38,-1.59187922e+38; 2.21357006e+38,true
30012,100000,-2.51346212e+38; -6.90353187e+37,-2.92768956e+38; 1.43405966e+37,true
31298,100000,1.62534286e+38; 1.93625618e+38,1.87355797e+38; -1.06832197e+38,true
30177,100000,-6.713544e+37; -1.32447329e+38,1.80977182e+38; 1.87188204e+38,true
31062,100000,-1.23301344e+37; -1.42003833e+38,-2.85477248e+37; -1.53494933e+38,true
29784,100000,2.52603295e+38; 1.71933061e+37,2.20889212e+38; 4.01558979e+37,true
29113,100000,3.02336494e+38; 1.99642881e+38,2.20690424e+38; -1.71773633e+38,true
30204,100000,8.37851028e+37; -3.17335903e+38,-2.70088517e+38; -2.71936812e+37,false
30823,100000,6.65457746e+37; -2.84767201e+38,-6.29631101e+37; -9.98184794e+37,false
30075,100000,1.047676e+38; 2.94125992e+38,-2.30843961e+38; 1.15913403e+38,true
29233,100000,2.02572683e+37; -1.88994312e+38,-3.15679743e+38; -1.91381004e+38,false
30666,100000,-3.1133158e+38; 2.15185697e+38,-1.7088496e+38; 1.91956416e+38,false
30354,100000,2.77262304e+38; 1.49911285e+38,-5.96274751e+37; -3.36529898e+38,false
30682,100000,1.47225722e+38; -7.51256294e+37,3.02033069e+38; -1.43835973e+38,true
29816,100000,4.05685791e+37; -1.16251288e+38,8.29305085e+37; 1.11693871e+38,false
35811,100000,-2.80803937e+38; -1.37681317e+38,1.89150203e+38; -9.3157016e+37,true
40298,100000,-1.25312499e+36; -2.91917217e+38,-3.30819183e+38; -3.28634747e+38,true
30228,100000,-6.81957638e+37; -2.67973072e+37,2.17800891e+38; -1.86317257e+38,true
29707,100000,1.06136916e+38; -1.4053208e+38,1.08913725e+37; -2.8455673e+38,false
33699,100000,3.38628798e+37; -5.06051241e+37,-2.26666738e+38; 3.18456405e+38,true
31381,100000,-1.28110463e+38; 1.99394462e+38,-1.41286231e+38; -6.04446635e+37,false
30468,100000,1.8679363e+38; 2.00671281e+38,-1.49121965e+38; 1.39276275e+38,false
29797,100000,-3.10705604e+38; -9.73918513e+37,2.14966242e+38; -1.28217007e+38,true
31393,100000,-2.39136485e+38; 3.30910454e+38,1.86408791e+38; 3.20482577e+38,true
30272,100000,-7.69799525e+36; -1.13827459e+38,3.13375803e+38; -4.62017521e+37,false
30429,100000,-2.75794851e+38; 1.91101979e+38,-8.99337051e+37; 1.88676466e+38,false
35674,100000,-3.243423e+37; -1.31370262e+38,-8.41474379e+37; 2.64326852e+38,false
32747,100000,-1.86462013e+38; 1.20028126e+38,2.34709687e+38; -2.30880611e+38,true
29313,100000,-2.21271835e+37; -1.99887061e+38,-2.6872274e+38; 1.59662662e+38,true
29812,100000,4.18137846e+37; -2.29027306e+38,-5.73383263e+37; 2.15894841e+37,true
34184,100000,-2.86629106e+38; -1.59498904e+37,2.37420715e+38; -2.4422238e+38,true
30394,100000,-1.53859887e+36; -1.09823087e+37,-2.56663529e+38; 3.72107653e+37,true
29926,100000,-4.38230565e+37; -3.09411972e+38,2.38351292e+38; -7.4836387e+37,false
35290,100000,-9.10877539e+37; -2.04849011e+38,6.43213267e+37; -1.54159091e+38,false
