elapsed.ps,repeats.n,param.a.vector2
55380,100000,2.92363978e+38; -1.85740648e+38
55690,100000,-2.90131909e+37; 4.23688457e+37
54499,100000,-1.36443136e+38; -1.17007725e+37
55750,100000,2.90711752e+38; -6.02348268e+37
54848,100000,1.52153232e+38; 2.53893885e+38
55633,100000,9.59384544e+37; 1.48061296e+38
55384,100000,2.01581981e+38; -1.73498571e+38
55688,100000,-1.69575223e+38; -1.8233797e+38
56035,100000,1.30684443e+38; 2.78213894e+38
59864,100000,-1.015278e+38; -3.19739795e+38
57352,100000,1.41549375e+38; 1.64273685e+38
55600,100000,-2.22332123e+37; -9.13446103e+37
57080,100000,2.36590028e+38; 2.43776897e+38
56547,100000,7.31512534e+37; -4.17184751e+37
55271,100000,-2.50730843e+37; -3.04129398e+38
57247,100000,2.55940522e+38; 1.86434773e+38
55846,100000,3.14359987e+38; 2.42864737e+38
56574,100000,3.30827884e+38; 2.57579579e+37
57042,100000,-1.29912484e+37; -7.59127643e+37
56570,100000,2.45712123e+38; -2.46450322e+38
55132,100000,-2.89597802e+38; -2.70433764e+38
55298,100000,-3.31900215e+38; -1.1038237e+38
55677,100000,-8.34929397e+37; -1.3609653e+38
54994,100000,1.24947034e+37; 2.39538989e+38
55481,100000,2.18375269e+38; -9.78789841e+37
55480,100000,-2.81154742e+38; 2.40076575e+38
55461,100000,-2.25419289e+38; 3.1203394e+38
54635,100000,-1.61220381e+38; 2.26070394e+38
55637,100000,1.97012374e+38; -2.04454781e+38
59749,100000,3.05564378e+38; 2.02031459e+38
57448,100000,3.14146352e+38; -4.74679728e+37
54862,100000,2.6052601e+38; 9.79719374e+35
56342,100000,-1.37423314e+38; 2.62346762e+38
58582,100000,-2.14547755e+38; -1.95032548e+38
55778,100000,2.69445463e+38; -2.66823658e+38
55593,100000,2.76315196e+38; -3.00200979e+38
57431,100000,-1.28774654e+37; 1.56208299e+37
56532,100000,-4.58202755e+37; -8.8391958e+36
58242,100000,3.4372521e+37; -3.01195851e+38
58605,100000,-2.00998456e+38; -8.56696935e+37
55832,100000,2.78405197e+38; -2.52804334e+38
55071,100000,2.72229969e+37; 2.02179737e+37
55262,100000,1.36031931e+38; -2.73085446e+38
56376,100000,2.57745636e+38; 1.94419917e+38
56451,100000,9.02413994e+37; -1.77602656e+38
56146,100000,1.25772071e+37; -8.34544336e+37
55319,100000,1.29572082e+37; -6.9896383e+37
56041,100000,2.92614404e+38; 2.86082982e+38
56065,100000,4.93808525e+37; 1.25331276e+38
61945,100000,1.20630807e+38; -1.07232947e+38
55846,100000,-3.14397307e+38; -2.96480333e+38
58252,100000,7.56605779e+37; -4.63673681e+37
55989,100000,3.16873221e+38; 2.6441072e+38
55620,100000,-1.42219769e+38; -3.2129361e+38
57214,100000,-1.69356406e+38; -5.3356798e+37
57422,100000,1.08053067e+38; -3.88299075e+37
58145,100000,1.30224884e+38; 5.61314063e+37
54372,100000,-1.33969331e+38; -1.99541246e+38
56164,100000,-3.03299056e+38; -1.4420343e+38
58493,100000,-3.02412025e+38; 1.63063687e+38
55815,100000,-2.13576146e+38; 2.01091917e+38
55780,100000,2.06956333e+38; 2.61882802e+38
55404,100000,2.66521876e+38; -1.14143175e+38
55565,100000,-2.20698558e+38; -3.21366464e+38
56186,100000,-8.19896379e+37; 3.65338804e+37
55774,100000,2.46080979e+38; 2.17986475e+38
55878,100000,1.38401744e+36; -4.47996393e+37
56114,100000,-1.05656112e+38; 2.93434443e+38
55359,100000,-8.66817421e+35; 2.17623724e+38
60497,100000,-1.21464323e+38; 1.25927305e+38
55987,100000,2.94729454e+38; 1.04315962e+38
56677,100000,-1.45136654e+38; -8.96489705e+37
57983,100000,-2.69528439e+38; -3.29228352e+38
55894,100000,-2.70653463e+38; -1.67720328e+37
56863,100000,8.2597664e+37; -2.46152394e+38
55862,100000,-2.46663916e+38; -7.77280856e+37
56483,100000,-2.76929145e+38; 2.77689776e+38
56899,100000,5.15239527e+37; 3.12766682e+38
55832,100000,1.68350247e+38; 1.97948773e+38
60256,100000,2.87389128e+38; 2.76884017e+38
56765,100000,-2.05641302e+38; 1.34900395e+38
56058,100000,1.1488333e+38; -8.54137498e+37
55561,100000,1.59632543e+38; -8.9145338e+37
56218,100000,-2.05428725e+37; -3.18877671e+38
56130,100000,-2.31421964e+37; -2.97601727e+38
55954,100000,-3.85513362e+37; -2.68021821e+38
55137,100000,-8.69355086e+37; -1.98144113e+38
56437,100000,-3.35243608e+38; 2.37103843e+38
55221,100000,1.81104982e+38; -3.01902288e+38
58998,100000,-1.48487257e+38; -1.25639437e+38
58048,100000,2.34464797e+38; -4.99833313e+37
56260,100000,-3.10292735e+38; 9.49338971e+36
57905,100000,2.93332077e+38; 7.65301203e+37
56120,100000,-7.4887017e+36; 2.45683992e+38
55668,100000,-5.28768351e+37; -1.86484546e+38
59440,100000,-2.302607e+38; 1.51261688e+38
55691,100000,3.1613555e+38; 1.18883711e+38
56873,100000,-1.31599585e+38; -2.1263559e+38
56435,100000,-1.62760912e+38; -2.07829673e+38
57648,100000,-1.2699058e+38; -2.03754998e+38
55844,100000,-2.32341771e+37; -5.83165571e+37
55617,100000,-1.5000931e+38; -5.76724841e+37
55659,100000,2.05937223e+38; -1.35665478e+38
55497,100000,8.14881959e+37; -5.93646303e+37
55472,100000,-2.44213415e+38; 5.03199737e+37
55417,100000,-1.34476534e+38; 3.16190049e+38
56258,100000,-1.36818036e+38; 1.15724848e+38
55530,100000,-1.44366465e+37; -1.33252706e+37
55454,100000,-5.3524995e+37; -2.65756519e+38
59687,100000,1.91848128e+38; 1.90895686e+38
59779,100000,2.91464351e+38; 2.19620112e+37
57489,100000,1.80380089e+37; -5.7582737e+36
55982,100000,7.95441472e+37; 2.57213385e+38
56569,100000,-3.03001959e+36; 4.38579371e+37
57075,100000,2.97428637e+38; -8.2495826e+37
56881,100000,-1.62400929e+38; 2.35052885e+38
55821,100000,9.77606971e+37; -3.02845298e+38
55694,100000,-1.67675076e+38; 3.20441891e+38
56946,100000,-1.10065467e+38; 2.12446051e+38
56828,100000,-3.16694533e+38; 2.90865187e+36
55942,100000,-1.25015611e+38; -1.40865929e+38
56375,100000,7.36681151e+37; -2.44160737e+37
56290,100000,-4.21328143e+37; 6.95358882e+35
55908,100000,1.33909519e+38; -2.88277006e+37
55478,100000,2.22219414e+38; 1.8281844e+38
55714,100000,2.04715451e+38; 1.71957374e+37
55325,100000,-1.56540689e+37; -2.14835542e+37
55276,100000,-2.56408721e+38; 1.45560566e+38
56384,100000,1.00647219e+38; -5.18664263e+37
59496,100000,1.7881455e+38; 3.32926951e+38
56516,100000,-1.06391866e+38; -9.49692189e+37
58062,100000,3.77926676e+37; 2.07796207e+38
55576,100000,3.29576966e+38; 1.64864109e+37
57884,100000,2.99769268e+38; -1.21406123e+38
55695,100000,2.09916005e+37; 6.13000133e+37
56800,100000,-8.40158659e+37; 7.88704772e+37
57460,100000,1.56842839e+38; 8.26624511e+37
56047,100000,3.02509847e+38; 2.45780982e+38
56587,100000,1.91343137e+38; -1.73729304e+38
56607,100000,3.3087214e+38; 2.99662947e+38
56117,100000,3.32205384e+38; 9.22715469e+37
55917,100000,1.15685976e+38; 1.64476702e+38
56160,100000,-1.53890258e+38; -2.14528223e+38
56450,100000,1.19043212e+38; -2.00289647e+38
56195,100000,-1.23472687e+38; -3.22364176e+38
55620,100000,4.02280577e+37; -2.56411865e+38
56115,100000,2.46081628e+38; 2.77358427e+37
56381,100000,2.04680545e+38; 2.42135645e+38
56296,100000,-2.25197602e+38; -9.74775648e+37
61265,100000,8.95441408e+37; -1.3968174e+38
56343,100000,-3.15833606e+38; 1.91546346e+38
57734,100000,-3.10830422e+38; -8.98287639e+37
56414,100000,7.41829182e+37; -3.40062303e+38
56723,100000,1.22469459e+38; 1.9202497e+38
58128,100000,9.24063843e+37; 1.76423883e+38
55391,100000,-3.0621019e+38; -1.64001658e+38
56436,100000,1.46254214e+38; -9.96139009e+37
57107,100000,-2.56557736e+38; 3.32655836e+38
56471,100000,2.24120586e+38; 2.82896636e+38
59578,100000,-1.6201642e+37; -3.9435231e+37
56140,100000,1.64105351e+38; -4.43369975e+37
55866,100000,-1.61356279e+37; 2.63055044e+38
56258,100000,-3.20709679e+38; -4.62969679e+37
56457,100000,1.11964266e+38; -2.40868359e+38
55999,100000,-1.41924092e+38; -7.39949611e+37
55572,100000,5.46116302e+37; -2.15200301e+38
55769,100000,-1.22232814e+38; -1.85741097e+37
56393,100000,-2.38036854e+38; -5.67224395e+36
55678,100000,-7.50376443e+37; 6.39343738e+37
61962,100000,-1.46465293e+38; 2.65198509e+38
56014,100000,-3.31943782e+38; 5.28253685e+37
56334,100000,-7.98458316e+36; -1.7341805e+38
58561,100000,-1.0963512e+37; -1.63475451e+38
56769,100000,-2.75590851e+38; 9.13463141e+37
57894,100000,-1.24505742e+38; 2.55001061e+38
57606,100000,-2.37915606e+38; 6.40974799e+37
57279,100000,4.47535577e+37; 7.95393657e+37
58372,100000,-3.16745396e+37; -2.88412538e+38
55888,100000,1.20166584e+38; -2.16833334e+37
58846,100000,-2.14755021e+37; 2.99554558e+38
56650,100000,2.59293245e+38; -1.59242339e+38
64650,100000,-1.54891565e+37; 6.68927813e+36
57013,100000,1.77821605e+38; -3.13184013e+38
56553,100000,-1.41578419e+38; -3.31114495e+38
57233,100000,2.69288782e+38; -2.36312839e+37
56669,100000,2.87532119e+38; -5.59328618e+37
55548,100000,-3.97681211e+37; -2.83656724e+37
55479,100000,-2.30894079e+38; 2.53508864e+38
56585,100000,2.38752762e+38; 3.27097929e+38
57022,100000,1.21557328e+38; 9.50068935e+37
56900,100000,9.02499484e+37; -1.93259662e+38
58053,100000,2.55613691e+38; -2.25262303e+38
55586,100000,-2.73655341e+38; 4.95090069e+37
55784,100000,-2.38061923e+38; 2.577373e+38
56704,100000,3.1944716e+38; -2.00448255e+38
55340,100000,-2.07901736e+38; 2.78673087e+38
55497,100000,-3.95908883e+37; 3.07255728e+38
56456,100000,2.17857033e+38; -3.02716971e+38
55884,100000,2.54099326e+38; 8.088341e+37
58527,100000,2.08836167e+38; 2.24336593e+38
55417,100000,-3.14206089e+37; 2.65036047e+38
56601,100000,1.10440428e+38; -3.16492272e+37
56870,100000,1.21578949e+38; 6.86762744e+37
55446,100000,1.41380118e+38; -1.58403682e+38
55516,100000,2.29001002e+36; -1.28360961e+38
56323,100000,-1.1052531e+38; 8.35263905e+37
56114,100000,5.10413582e+37; -3.95676979e+36
55741,100000,-1.82083426e+38; -1.63577857e+38
56384,100000,1.45224122e+38; -7.02789144e+37
57450,100000,5.30256116e+37; 5.88466987e+37
56393,100000,-2.48190167e+38; 1.45698771e+38
55307,100000,3.37841115e+38; -1.19695251e+38
56008,100000,6.1186082e+37; -2.70434758e+38
56533,100000,-1.00780565e+38; 3.12294771e+38
55742,100000,1.12976267e+38; 3.97208479e+37
55620,100000,7.93715135e+37; -5.77983516e+37
56297,100000,1.47914745e+38; 2.81831119e+38
56067,100000,9.58088904e+37; 2.07061659e+38
54954,100000,2.16535512e+38; -1.95547112e+38
56914,100000,1.66253106e+38; 1.66283621e+38
56626,100000,2.17378043e+38; -3.37720415e+38
56681,100000,7.34684196e+37; 1.5971133e+38
55209,100000,1.78959204e+38; 2.57659882e+38
56387,100000,-2.23249557e+38; 2.30351545e+38
56542,100000,-2.87362954e+37; -5.10479347e+37
55490,100000,-4.74604734e+37; 2.76245344e+38
57023,100000,2.08530146e+38; -3.09196796e+38
57148,100000,2.8007054e+37; 1.77279395e+38
55740,100000,3.12300288e+38; -4.57720997e+37
58538,100000,-8.20421491e+37; -1.68819683e+38
56677,100000,9.94801079e+37; 1.01276916e+38
56073,100000,1.01472236e+38; 2.09612862e+38
59882,100000,2.67713629e+38; -6.24362051e+35
56950,100000,2.29606227e+38; -1.96470043e+38
56427,100000,-3.62581994e+37; -3.09943437e+37
55629,100000,8.51080939e+37; -3.17903446e+38
56652,100000,-3.20190348e+38; -8.32490437e+37
56666,100000,1.61109074e+37; 2.99026648e+38
55678,100000,6.53864017e+37; -1.91196292e+38
64022,100000,-2.71726687e+38; -3.17343266e+38
62292,100000,-4.93581216e+36; 3.69675386e+37
61245,100000,-2.02218058e+38; 1.76568841e+38
68495,100000,7.45006066e+37; -3.10674009e+37
66539,100000,2.07346323e+38; -3.27858377e+38
65040,100000,2.0390097e+38; -5.21639845e+37
66039,100000,-2.96419405e+38; -2.04968271e+38
64665,100000,-3.02712996e+38; 1.54087869e+38
59749,100000,-5.20202278e+37; -7.46905463e+37
65469,100000,2.49277325e+38; -2.21037436e+38
56289,100000,1.17205494e+38; 2.81522558e+37
56842,100000,-1.80749127e+38; -2.69573729e+38
55744,100000,-3.24028977e+38; -2.76753966e+38
55867,100000,4.51336804e+37; -1.00447664e+37
58221,100000,1.20754692e+38; 1.57249806e+38
56128,100000,1.74698702e+38; 1.67960257e+38
56656,100000,-2.90778846e+38; 3.15584943e+38
56408,100000,-3.07168311e+38; -1.83125029e+38
56158,100000,-1.4728448e+38; 3.02889027e+38
59287,100000,8.99914998e+37; -1.0209953e+38
56054,100000,-2.6375432e+38; -4.3065118e+37
56236,100000,-4.86650457e+37; 1.0983385e+37
55412,100000,-2.45717113e+38; -2.44422304e+37
56223,100000,-3.26310525e+38; 6.71419507e+37
55852,100000,2.87149269e+38; -2.49799069e+38
55590,100000,1.65093794e+38; 1.86589447e+38
56719,100000,1.46482828e+38; 1.92513594e+38
55124,100000,-2.18881274e+38; -1.08633701e+38
56242,100000,-2.1730241e+38; -1.96739424e+37
56161,100000,-2.72326194e+38; 2.30248185e+38
58013,100000,2.60600974e+38; 1.54901062e+38
56220,100000,3.01866119e+37; -2.86710215e+38
59995,100000,1.80735994e+37; 2.6280918e+38
55462,100000,2.10809484e+38; 2.98893534e+38
56840,100000,-2.83785634e+38; -3.11254426e+38
56597,100000,1.25416726e+38; 2.18532234e+38
55632,100000,2.03118333e+38; 9.80727521e+37
60416,100000,2.42240038e+38; 2.72634852e+38
55656,100000,3.06913341e+38; -1.72073752e+38
56138,100000,3.24739186e+38; 2.27675666e+38
58378,100000,9.72351583e+36; 1.74217076e+38
56510,100000,2.47584656e+38; -8.31303308e+37
56588,100000,-1.70532735e+38; 3.25289143e+38
56618,100000,2.08236376e+38; -8.74897964e+37
55473,100000,3.0281814e+38; 3.1241173e+37
60388,100000,-3.09181543e+38; 1.8659543e+38
56302,100000,2.92932575e+38; -7.65008122e+37
55623,100000,-2.69219071e+38; 1.54836716e+38
58805,100000,-1.42362618e+38; 3.21805355e+38
55606,100000,-1.27613504e+38; -1.27246848e+38
59784,100000,3.2534491e+37; 1.54162843e+38
56048,100000,-1.79557333e+38; -2.62845958e+37
57331,100000,-1.79042809e+38; -1.98024406e+38
56189,100000,-2.65487087e+38; 1.86849285e+38
55453,100000,-1.94432594e+38; -1.12445689e+38
58479,100000,-2.86010087e+38; -1.60079567e+38
55949,100000,-3.24799546e+38; -1.07599015e+38
58047,100000,2.7869335e+38; 1.26488976e+38
57948,100000,-5.80784517e+37; 3.05697213e+37
55733,100000,-1.02145967e+38; -8.50836637e+37
58376,100000,4.3125874e+37; 1.9966935e+38
56598,100000,2.15681543e+36; -2.61853352e+38
55795,100000,-3.164724e+38; 1.55495722e+38
58716,100000,-2.4478471e+38; 1.40806653e+38
55709,100000,7.95370636e+37; 1.3419979e+38
58570,100000,-2.63534135e+38; -4.89743169e+37
55911,100000,3.93501108e+37; 2.53480732e+38
56605,100000,-1.2287895e+38; 7.19527811e+37
57656,100000,8.4433572e+37; 1.11423598e+38
55843,100000,-2.89808881e+38; -1.98243861e+38
58501,100000,-8.13397895e+37; 2.00364205e+38
56716,100000,-9.53873408e+37; -1.35452412e+38
55536,100000,6.34510795e+37; -1.08937755e+38
56969,100000,2.91656568e+38; -1.26157176e+38
59296,100000,-7.29408437e+37; -2.74225049e+37
56504,100000,3.0101049e+38; -2.30149755e+38
56123,100000,-3.31216677e+38; 9.56459821e+37
57282,100000,-1.23304252e+38; -2.82652293e+38
55401,100000,1.00696748e+38; 2.64214021e+38
57622,100000,1.53544057e+38; -6.58264399e+36
56217,100000,3.2977223e+37; 9.58937621e+37
58603,100000,-1.56213202e+38; 1.62682723e+38
55811,100000,9.23511148e+37; -2.71153242e+38
57559,100000,1.43471022e+38; -2.57669354e+38
55618,100000,1.06622477e+38; -2.84515253e+38
56612,100000,2.82970281e+38; 1.0816604e+37
56961,100000,-2.29047325e+38; 1.46538706e+38
57332,100000,-3.30184222e+38; 1.84309887e+38
56889,100000,1.97249253e+38; 3.27521425e+38
57054,100000,-1.12527376e+38; -4.11558436e+37
58245,100000,7.30562354e+37; 2.44511202e+38
56802,100000,-1.8451837e+38; 1.54419294e+38
55903,100000,1.04574907e+38; -1.06155881e+38
56696,100000,1.8317608e+38; 2.63300299e+38
56957,100000,2.9568433e+38; -1.63153964e+38
57234,100000,3.23862904e+38; 3.32062738e+38
55322,100000,-2.08002986e+38; 2.9040707e+38
60030,100000,-9.04754584e+37; -1.9516485e+38
55712,100000,3.324464e+38; -5.83308207e+37
59606,100000,-7.59760201e+37; 1.88581666e+38
57858,100000,-1.85239171e+37; 1.25139293e+38
59096,100000,-1.49503903e+38; 1.90458025e+37
55915,100000,-2.82818061e+38; -1.76768367e+34
56811,100000,2.02983516e+38; 1.6302795e+38
57842,100000,3.06183093e+38; 3.04698461e+38
56718,100000,2.84055552e+38; 4.05498641e+36
57681,100000,-1.70762994e+37; 7.72865122e+37
56251,100000,-1.94591182e+38; -2.62491781e+38
55988,100000,2.11887412e+38; -3.02342335e+38
56670,100000,-1.92406665e+38; -9.84436565e+37
58497,100000,1.02077605e+38; 3.40062222e+38
57056,100000,2.33496941e+38; 1.85531841e+38
56185,100000,-2.14083957e+38; -1.61420427e+38
56446,100000,-3.2309268e+38; -1.77162855e+37
64915,100000,2.9895424e+38; 3.05284765e+38
55890,100000,-2.85036186e+38; 1.21455328e+38
57570,100000,3.37164372e+38; 1.38434909e+38
55753,100000,-9.98197876e+37; 4.25772938e+36
55705,100000,-3.99401971e+37; 2.79770386e+37
56832,100000,-2.07545309e+37; 2.34098203e+37
57247,100000,2.00555427e+38; -2.08468549e+38
58045,100000,-9.40447568e+37; -2.47153124e+36
56032,100000,4.8862429e+37; -3.1088198e+38
56861,100000,-2.79887948e+37; 9.86158643e+37
57324,100000,1.84103189e+38; -2.1178886e+38
56864,100000,-2.26891386e+38; -3.34251372e+38
56164,100000,-1.81605856e+38; -2.73420856e+38
57731,100000,-1.01202835e+38; -1.9081121e+38
55771,100000,1.99985695e+38; 2.82624851e+38
59308,100000,2.07781583e+38; -2.15365197e+38
56436,100000,4.41058085e+37; -3.29166714e+38
56410,100000,-2.78722419e+37; 2.51002197e+37
56783,100000,1.78563089e+38; -2.16329504e+38
56272,100000,-2.45962068e+37; 1.51200161e+38
56445,100000,-2.43907557e+38; -2.04587588e+37
56213,100000,1.21840075e+38; -2.86729889e+38
57216,100000,3.02188777e+38; 2.16945359e+38
55775,100000,9.59138113e+37; 2.08672285e+38
56900,100000,-1.85245758e+38; 2.24385879e+38
57844,100000,-3.24585019e+38; 7.14068952e+37
57066,100000,1.08700735e+38; 1.59389278e+37
56543,100000,8.07232499e+37; -2.54103058e+38
57767,100000,3.23401221e+37; -8.05325598e+37
56296,100000,-3.01913529e+37; 7.31388913e+37
56270,100000,-2.15403693e+38; 9.05333545e+37
58314,100000,2.1330063e+38; 2.70172466e+38
57619,100000,2.44164738e+38; -2.59180941e+38
56431,100000,-2.30605774e+37; 6.28404153e+35
56093,100000,2.96250554e+38; -3.06579067e+37
56491,100000,7.03931449e+37; 1.1739839e+38
58379,100000,1.429818e+38; -2.29070163e+38
56880,100000,1.73676968e+37; -9.14385179e+37
57226,100000,-2.74056502e+37; 8.34831078e+37
56320,100000,-5.61536916e+37; -2.13991347e+38
57349,100000,6.07732538e+37; 3.13377953e+38
55610,100000,-2.44876366e+38; 1.07532661e+38
56631,100000,1.13006751e+38; -2.03550571e+38
57301,100000,-3.31209964e+38; -1.52829853e+38
57028,100000,-2.79054518e+38; 2.64328779e+38
55935,100000,-2.58335266e+38; -2.1422997e+38
58758,100000,1.59292112e+38; -1.41539507e+38
56399,100000,-8.72918198e+37; 6.69876269e+37
57149,100000,-1.48319836e+38; 1.49256224e+38
56075,100000,2.39366467e+38; -1.95706228e+38
56847,100000,-2.88011636e+38; -7.61651232e+37
56606,100000,1.26165015e+38; 1.84475188e+38
56288,100000,2.55058623e+38; -5.26692497e+37
56337,100000,-3.06943582e+38; -1.62931639e+38
55863,100000,-8.84110539e+37; 3.23560778e+38
57488,100000,-3.01225971e+38; -1.31543819e+38
58203,100000,1.75414914e+38; 2.03030084e+38
55945,100000,1.50006052e+37; 1.9643749e+38
57791,100000,2.04752284e+38; 1.80981381e+38
55298,100000,-1.79461579e+38; -3.17107828e+38
56656,100000,1.96744829e+38; -1.39586971e+38
57719,100000,-2.22928061e+38; -1.1775964e+38
56890,100000,2.06176332e+38; -2.78750181e+38
56691,100000,-7.80210296e+37; 7.99013255e+37
56911,100000,-1.84550294e+38; -1.64989299e+38
56911,100000,3.03939696e+38; 2.3479538e+38
58495,100000,-1.94952939e+38; 5.74727125e+37
55185,100000,3.2376563e+38; -1.88806639e+38
56902,100000,2.59984044e+38; 1.88049071e+38
56111,100000,2.92790476e+38; -2.03452628e+38
56757,100000,2.37976838e+38; 2.60353909e+37
55878,100000,-1.74371323e+38; 1.443399e+38
57894,100000,5.97920922e+37; -2.75729015e+38
56239,100000,-5.44903363e+37; 2.43856729e+38
57201,100000,3.06558723e+38; -1.32152484e+38
56826,100000,-4.57839091e+37; -2.07980919e+38
60031,100000,1.49275634e+38; 3.27676342e+38
57014,100000,-9.17684721e+37; 1.36766265e+38
55636,100000,-1.3822522e+38; -2.55690034e+38
58474,100000,8.47768872e+37; 1.19202206e+38
55638,100000,2.69761808e+38; 2.29611014e+38
57694,100000,-2.20909251e+38; 1.40552941e+38
57034,100000,1.60870865e+38; 5.30259869e+37
54947,100000,1.87376628e+38; -3.29146858e+38
58123,100000,-4.58839876e+37; -3.20466635e+38
55414,100000,-1.69767292e+37; 2.32574456e+38
57460,100000,-3.09566158e+37; -2.19993805e+38
57550,100000,2.86302133e+38; 2.15789424e+38
56659,100000,2.07975605e+38; -2.2558025e+38
56905,100000,2.27346097e+38; 2.47498152e+38
56314,100000,-8.25707645e+37; -2.89715637e+37
56753,100000,-1.81497507e+38; -3.38892535e+38
60513,100000,-1.94030738e+38; 3.33639249e+38
57032,100000,2.08381415e+38; -4.36934316e+37
55383,100000,-3.08339559e+38; -7.42601992e+37
57393,100000,1.74214378e+38; 1.52782128e+38
58669,100000,-2.6615379e+38; -1.74098566e+38
55456,100000,-1.98383607e+38; 6.01558319e+37
56433,100000,4.99931277e+37; -2.72215188e+38
57029,100000,-3.45584321e+37; 2.7872495e+38
55593,100000,2.22753937e+38; -2.97464111e+38
56604,100000,-2.87487356e+38; 1.99218188e+38
55669,100000,3.24036502e+38; 2.51686916e+38
56220,100000,-2.69034968e+38; 1.56409445e+38
56015,100000,1.38472858e+38; 5.623796e+37
55476,100000,-1.14871891e+38; -1.82017366e+38
57863,100000,2.65136993e+38; -1.62256374e+37
58361,100000,1.65072954e+38; -1.329889e+38
56369,100000,-2.48687756e+38; -1.65207234e+38
55177,100000,3.15759433e+38; 1.09572087e+38
58459,100000,-7.56571958e+37; 1.41242614e+38
55885,100000,-3.26588069e+37; -2.63237869e+38
58464,100000,-8.56220704e+37; 2.48623014e+38
56683,100000,-8.42694416e+37; -2.73153351e+38
55514,100000,-3.10086889e+38; -7.99972613e+37
58859,100000,-2.01494097e+38; -1.36971128e+38
59387,100000,-1.97233534e+38; -2.47756149e+37
55404,100000,-8.83833443e+36; -2.39102694e+38
56449,100000,1.76019817e+38; -1.18949365e+38
56096,100000,-2.93394461e+37; 2.66661358e+38
56036,100000,-7.80983626e+36; -1.87093161e+38
56142,100000,-3.35035145e+38; 2.61203199e+38
55203,100000,1.37411763e+38; 3.12317163e+38
56149,100000,8.88534018e+36; 3.40863666e+37
55676,100000,-2.59426277e+38; -1.09366616e+38
55376,100000,8.41158271e+35; -3.39121564e+38
68099,100000,1.04702159e+38; -1.40541816e+38
55826,100000,1.04032556e+38; -1.19505479e+38
56546,100000,2.80908452e+38; 1.19086355e+37
56393,100000,-1.56587058e+38; 2.03315559e+38
55269,100000,1.6317809e+38; 2.84323381e+37
56543,100000,1.04815563e+37; -2.33642447e+38
64163,100000,-1.35853233e+38; 1.01708993e+38
56395,100000,1.63482093e+38; -2.6977988e+38
57094,100000,-1.63189033e+38; -1.61311543e+37
56070,100000,2.45874768e+38; 2.99828751e+37
57063,100000,-2.29642066e+38; -2.61731738e+38
55681,100000,3.02219971e+38; -2.54557906e+37
55338,100000,2.76530575e+38; -9.79148535e+37
61589,100000,-1.77440701e+38; -2.51104993e+38
60532,100000,2.24097626e+38; -1.58786178e+38
55771,100000,2.02003754e+38; -1.49906853e+38
55612,100000,1.40712888e+38; -2.38734447e+38
54969,100000,-4.20317597e+37; 4.3745598e+37
55884,100000,8.09405962e+37; 2.97832825e+38
55256,100000,-1.21678353e+38; -3.47770562e+37
56433,100000,-1.98963197e+38; -3.09004883e+38
54782,100000,3.71491651e+37; 1.07861438e+38
56209,100000,-1.54899744e+38; 8.80075759e+37
56292,100000,1.54872018e+38; -3.35902482e+38
54823,100000,2.21634003e+38; -1.54670694e+38
56753,100000,-1.34258102e+38; 1.28622777e+38
55723,100000,-2.73692255e+37; -1.07015662e+38
55210,100000,-3.02616005e+38; 1.49457294e+38
56407,100000,2.84829047e+37; 1.70181282e+38
55286,100000,-9.50945743e+37; -1.39910931e+38
57848,100000,-2.96688917e+38; -2.21587029e+38
54845,100000,-2.47713713e+38; 1.04103057e+38
55698,100000,1.15002124e+38; -2.31903722e+37
55598,100000,-1.50162574e+38; -1.40066353e+37
55087,100000,2.55568644e+38; -1.58055585e+38
56363,100000,1.3163512e+38; 2.70191247e+38
56350,100000,-1.00042894e+38; -2.36403574e+36
55835,100000,-6.53422316e+37; 3.28475834e+38
55624,100000,8.32893449e+37; 4.63605482e+37
56469,100000,7.42918043e+37; 3.16066407e+38
57210,100000,-7.19789352e+37; -1.49765262e+38
57301,100000,3.77273e+37; 1.23073266e+38
56401,100000,-2.61245893e+38; -1.72764703e+37
55105,100000,2.32809428e+38; 3.10928893e+38
58015,100000,-3.38666244e+38; -7.0212904e+36
56064,100000,-3.15391632e+38; 1.06691214e+38
55195,100000,3.1097033e+38; -8.65977051e+37
55858,100000,1.63876961e+38; 1.92338881e+38
56727,100000,-1.36343256e+38; 1.69815362e+36
56861,100000,1.46568338e+38; -1.71966032e+38
58677,100000,-1.53292956e+37; 4.9530557e+37
54952,100000,-2.58615772e+38; -1.01769556e+38
55896,100000,1.00379947e+38; -1.88284144e+38
56510,100000,-1.94827513e+38; 2.41867795e+38
55643,100000,-4.52049985e+37; 1.20102228e+38
54834,100000,-2.75154089e+38; 1.62150918e+38
56273,100000,-1.18129662e+38; -3.17534651e+38
55913,100000,7.15552509e+37; 2.02571114e+38
55783,100000,1.67402592e+38; -1.76687067e+38
55492,100000,1.69580862e+38; -6.89677377e+37
58822,100000,-1.20041188e+38; 2.49556213e+37
55813,100000,5.95025355e+37; -2.89345996e+38
55346,100000,-3.06575213e+38; -3.20484403e+38
56406,100000,-1.95717586e+38; 2.60367645e+38
56370,100000,2.61226869e+38; -2.08684394e+38
56105,100000,-2.26680043e+38; -2.81633488e+38
56114,100000,-3.23672757e+38; 2.92188514e+38
57080,100000,-3.05522759e+38; -1.4140541e+37
57555,100000,2.60120402e+38; -8.73465316e+37
55860,100000,-2.23016168e+38; 2.22899868e+38
57946,100000,-1.0830249e+38; 3.26762721e+38
56025,100000,-2.51242508e+38; -1.89222205e+38
55491,100000,1.92391649e+37; 3.38759117e+38
56307,100000,-1.66056773e+38; -3.23956249e+37
55879,100000,-2.78168441e+38; 2.50584627e+38
60148,100000,-3.22499683e+38; -2.99237321e+38
55746,100000,-1.8489868e+37; -2.47518414e+38
56164,100000,-3.30218357e+38; -3.16259029e+38
56208,100000,2.95510575e+37; -3.01711227e+38
54974,100000,1.17048914e+38; 1.90912987e+38
58187,100000,-5.38987947e+37; 1.50490104e+38
55984,100000,-6.01517577e+36; 3.33263457e+38
57424,100000,-1.77163785e+38; 2.92792139e+38
56484,100000,2.24733307e+37; 1.64986663e+38
57703,100000,1.0949313e+37; 1.47425775e+37
55463,100000,-8.13708825e+37; -2.8834374e+38
55301,100000,2.74429703e+38; 1.35825476e+38
59161,100000,-3.03375277e+38; 3.42420721e+37
56793,100000,-2.18245887e+38; 2.39317181e+38
57335,100000,3.98433131e+37; -1.14386533e+38
56637,100000,-2.37295065e+38; 3.53362016e+37
55947,100000,-2.05533096e+38; 2.96270505e+35
55396,100000,1.6887512e+37; 8.42759016e+37
56302,100000,-9.92345691e+37; -9.81496288e+36
56284,100000,1.52095204e+38; -2.08284709e+38
56052,100000,-1.81030708e+38; 5.42841808e+37
55189,100000,-3.39194763e+38; -1.02849067e+38
55982,100000,-1.58872043e+38; -1.93731707e+37
55929,100000,3.16540082e+38; 7.11282453e+37
55627,100000,-2.04601403e+38; -2.25713992e+38
58836,100000,8.20926219e+37; -2.98512022e+38
56472,100000,7.51728468e+37; 2.03773642e+37
56080,100000,2.43260812e+38; 3.34738353e+38
56960,100000,8.56052766e+37; 2.53628409e+38
58443,100000,1.81409231e+37; -1.06461465e+38
57862,100000,9.62664717e+37; -5.08469462e+37
55401,100000,2.71420726e+38; -2.18690052e+38
58268,100000,3.27688978e+38; 1.52080326e+38
56698,100000,7.84101831e+37; 1.08633042e+38
56491,100000,-1.34321373e+38; -2.29153016e+38
57038,100000,-3.98317571e+37; -2.97606027e+38
56007,100000,5.63192721e+37; 9.42695772e+37
56425,100000,-1.50564632e+38; 1.25940986e+38
56212,100000,1.87446379e+38; -6.94210749e+37
56229,100000,1.48935407e+38; 1.41372107e+38
55634,100000,1.48460748e+38; 1.56130389e+38
55092,100000,-2.35435168e+37; -1.51547863e+38
55718,100000,2.55771509e+38; -1.65380841e+38
56537,100000,-1.39693798e+38; 3.36697999e+38
56345,100000,-3.12001974e+38; 4.27979835e+37
58612,100000,2.51262486e+38; -2.35885174e+38
56015,100000,1.22708426e+38; -2.46125722e+38
55609,100000,1.46971421e+38; -1.74116921e+38
58101,100000,3.40214238e+38; 1.40248187e+38
56099,100000,-4.04826881e+37; -2.07564785e+38
57151,100000,-1.23545633e+38; 1.12534262e+37
55336,100000,1.97216131e+38; -3.25133172e+38
55535,100000,-1.18030653e+38; -8.07048538e+37
58556,100000,-1.25438418e+38; 2.76222445e+38
55937,100000,-2.05978112e+37; 2.38378065e+38
57126,100000,8.98586602e+37; 2.87711193e+38
56145,100000,1.49485628e+38; -8.11635709e+37
57103,100000,3.70346354e+37; 3.06215362e+38
56057,100000,-1.70868855e+38; 1.31170034e+38
55580,100000,5.74624547e+37; 2.205292e+38
55605,100000,-2.68921569e+38; -3.23520456e+38
56256,100000,1.92691207e+38; 4.76339539e+37
56276,100000,8.10264973e+37; -1.65430695e+38
56082,100000,-2.24310814e+38; -1.66244142e+38
55443,100000,2.51183526e+38; -9.2624471e+37
57042,100000,-3.02380121e+38; 3.14839118e+38
57507,100000,2.77193344e+38; -2.99554011e+38
55382,100000,1.87111922e+38; 2.9763134e+38
58176,100000,-2.01532877e+38; -1.64061065e+38
58463,100000,-3.34095806e+38; -1.30280742e+38
56351,100000,-1.86722195e+38; -1.91209334e+38
58474,100000,-1.29457165e+38; -1.2557283e+38
55538,100000,-1.08346158e+38; 3.14151017e+38
56781,100000,-1.33212321e+38; 3.18883086e+38
56714,100000,2.14429569e+38; 1.81206698e+37
59496,100000,-1.55795983e+38; -1.78042703e+38
55792,100000,-2.87052643e+38; 2.61171457e+38
55821,100000,5.98968204e+37; 8.45143619e+37
55394,100000,-8.26903901e+37; -8.82855159e+37
55636,100000,-1.83282096e+38; -7.72530057e+37
56227,100000,1.60959377e+38; -2.05524638e+38
56294,100000,-2.79163612e+37; -5.73456838e+37
55326,100000,1.76639485e+38; -1.56741194e+38
55323,100000,-3.18767416e+38; 1.54724737e+38
55869,100000,1.29892557e+38; -2.81966626e+38
60561,100000,-1.63257486e+38; -1.47281255e+38
58156,100000,-1.69163016e+37; 3.09329138e+38
55802,100000,2.53721708e+38; 2.62235411e+38
55509,100000,7.20561859e+37; 2.77873798e+38
58034,100000,-2.56929731e+37; 3.2657876e+38
56357,100000,1.63919301e+38; -3.27185934e+38
57944,100000,4.63693558e+37; 1.82782134e+38
59940,100000,-1.53517721e+38; 1.50289826e+38
61600,100000,-1.58132861e+38; 2.93790805e+38
62951,100000,-7.95403139e+37; -1.40706042e+38
62448,100000,1.38790156e+38; 1.29602914e+38
55990,100000,1.52353743e+38; -2.06698057e+38
56615,100000,2.93637206e+38; 2.01200367e+38
55453,100000,1.35653917e+38; 1.54948391e+38
55656,100000,1.25755412e+38; 6.45328469e+37
57421,100000,1.9823228e+38; 1.68257333e+38
57593,100000,3.11654415e+38; 2.72166673e+38
56306,100000,-2.89466311e+38; 3.30001274e+38
55967,100000,-2.94830684e+38; 5.02847634e+37
55632,100000,-5.17284286e+36; 9.31927131e+37
56762,100000,1.58865396e+37; 2.43755844e+38
55671,100000,-4.121322e+37; -9.40539143e+37
55834,100000,3.33288992e+38; -2.66838666e+38
55577,100000,-4.96888916e+37; -2.78043521e+38
55464,100000,5.96754278e+37; -1.38262539e+38
55384,100000,2.15482794e+38; 8.61234719e+37
56314,100000,-1.97587259e+38; -7.17874236e+37
56245,100000,1.32137607e+38; 6.77747213e+37
55977,100000,4.84146036e+37; 2.65103851e+38
56183,100000,1.86950149e+38; -2.41305567e+38
56961,100000,-1.67875806e+37; 7.55079072e+37
55885,100000,2.87388865e+38; -3.38271305e+38
54911,100000,9.03754154e+37; -2.98731255e+38
55660,100000,3.26719271e+37; 7.22146827e+37
55666,100000,-1.24727337e+38; -1.53668165e+38
56489,100000,-1.68845918e+38; -2.7547946e+38
55993,100000,2.47900616e+38; 1.1725048e+38
56110,100000,2.2948222e+38; 1.8236883e+37
55374,100000,1.83221431e+38; 3.35262572e+38
55494,100000,-4.69592798e+37; -1.84354407e+38
56881,100000,-2.02783126e+38; -1.16536844e+37
55417,100000,3.11063264e+38; 1.02603913e+38
56029,100000,-1.4257247e+38; -7.02643364e+37
55961,100000,-2.2033532e+38; 1.17516545e+38
55341,100000,-8.23283795e+37; 1.68950281e+38
55926,100000,-1.29553495e+36; 1.25247771e+37
56345,100000,-2.83775026e+38; -6.20858249e+37
56112,100000,-2.51816845e+38; 3.21435242e+38
55938,100000,-1.25819352e+38; -1.00744311e+38
55646,100000,2.01696637e+38; 3.13373309e+38
60246,100000,-1.12225239e+38; -5.66800607e+37
56856,100000,-2.58863846e+38; -4.28164963e+36
56213,100000,3.30789976e+38; -1.30687465e+38
56138,100000,-1.47153557e+38; -3.04185702e+38
55949,100000,2.85567885e+37; 3.05278026e+37
55735,100000,1.68304591e+38; -3.01501974e+38
56789,100000,3.35558903e+36; 2.01668749e+38
57077,100000,-8.65032397e+37; 6.03648168e+37
56292,100000,-3.03207055e+38; -1.05381082e+38
55921,100000,-2.18387904e+37; 3.2439189e+38
58501,100000,-2.81539681e+38; -1.73750453e+37
56099,100000,-2.3203462e+38; 5.76722584e+36
56053,100000,-2.73739087e+38; -3.24748982e+38
57262,100000,-1.46512541e+38; 1.49994149e+37
55416,100000,2.9301121e+38; -2.62974198e+38
56224,100000,-7.48576582e+37; 2.23616791e+38
59382,100000,2.42418179e+38; -1.82678329e+38
56654,100000,1.10655462e+38; -2.85985687e+38
57627,100000,8.14080348e+37; -1.95736266e+38
56225,100000,-1.14297686e+38; 6.27811414e+37
59198,100000,5.6027175e+37; -1.0479129e+38
56922,100000,2.10847614e+38; 2.3527802e+38
56487,100000,3.00693618e+38; 3.03266807e+38
56228,100000,-2.86901235e+38; -1.60102415e+38
55791,100000,2.05388604e+38; 2.3913399e+38
56732,100000,-1.00311372e+38; 1.6189391e+38
56515,100000,-1.7070903e+38; -1.72633912e+38
56299,100000,1.40523653e+38; -9.95928376e+37
56482,100000,1.76346526e+37; 8.81629087e+37
56895,100000,-2.93706957e+38; -3.0644573e+38
59055,100000,2.54132264e+38; -2.59207491e+38
56924,100000,-1.39700785e+38; -1.25594562e+38
56161,100000,-2.83370128e+38; 2.54202888e+38
57466,100000,7.00714405e+37; -2.02710798e+38
56824,100000,-1.86823526e+38; -2.99860092e+38
56854,100000,3.00185037e+38; -1.67372787e+38
58636,100000,-1.41983814e+38; -3.16087947e+38
55976,100000,-1.68101838e+38; -2.72027171e+37
55822,100000,-2.52374651e+38; -7.30387723e+37
57974,100000,-1.398261e+38; 5.00411463e+37
57622,100000,-3.16659444e+38; -2.62720323e+38
56455,100000,-2.70461308e+38; -2.01110293e+38
56361,100000,-1.2881911e+38; -2.73299466e+38
57427,100000,2.40035442e+38; 3.33760436e+38
56027,100000,3.15993796e+38; 7.31658365e+37
56121,100000,-2.55064991e+38; -3.31174673e+38
56204,100000,3.27874197e+38; 4.41333254e+36
56618,100000,9.27897219e+37; 3.39571428e+38
58085,100000,-1.61034686e+38; 3.198594e+38
56788,100000,1.44072649e+38; -1.27918206e+38
57071,100000,3.25458866e+38; -1.98466851e+37
59949,100000,-1.65614626e+38; 2.58126581e+38
56121,100000,-2.83965316e+38; -1.48219451e+37
55992,100000,-1.55008153e+38; -2.3702827e+38
57703,100000,-9.39331377e+36; 2.25232533e+37
56154,100000,2.04264127e+38; -7.38716694e+37
56114,100000,5.66565382e+37; -2.57748293e+38
56970,100000,-2.9893706e+38; -1.79598364e+38
56281,100000,-7.15283957e+36; -2.21884186e+38
58958,100000,-1.38030711e+38; 2.16594919e+38
57662,100000,-2.82988251e+38; 1.84361952e+38
57117,100000,-1.9780422e+38; -1.76750511e+38
56923,100000,-2.0690946e+38; -1.27514546e+38
56115,100000,1.78294956e+38; 5.69855341e+37
56305,100000,3.02164397e+38; 9.02311162e+37
56290,100000,-1.4523907e+38; 1.71562392e+38
56503,100000,1.54276222e+38; -3.10705624e+38
56990,100000,3.25217188e+35; 2.28566356e+36
56482,100000,-1.84959096e+36; 1.10991826e+38
56897,100000,1.0791417e+37; 7.14433782e+37
58735,100000,4.52379371e+37; -5.4418425e+37
56121,100000,-1.47257007e+38; 8.91503579e+37
57819,100000,2.49506739e+38; -1.12731864e+38
55838,100000,-3.09348467e+38; -5.83200102e+37
57462,100000,6.36047745e+37; -2.95229375e+38
56273,100000,2.30499626e+38; -2.50390444e+38
55886,100000,-2.63944671e+38; 1.09607926e+38
57741,100000,-2.27991909e+38; -1.56230452e+38
55989,100000,-1.48661696e+38; -3.18349334e+38
56553,100000,2.25275567e+38; 1.31779323e+36
59252,100000,-1.75458562e+38; 1.87416868e+38
56946,100000,3.38846606e+37; -3.10659644e+38
56073,100000,-2.19715632e+38; -9.06377684e+37
56184,100000,-1.35511798e+38; -1.65527432e+38
57010,100000,-2.00065668e+38; 2.78447324e+38
57272,100000,-1.05033239e+38; -3.18834936e+38
56443,100000,-1.76081982e+38; 2.05917123e+38
56257,100000,-1.64298856e+38; 3.36918915e+38
56438,100000,-1.67292955e+38; -1.20940297e+38
56637,100000,7.65058372e+37; -1.25804079e+38
59511,100000,2.30398843e+38; -2.04548689e+38
56818,100000,3.1918929e+38; 2.89580014e+38
58389,100000,-2.54651534e+37; -1.21713817e+38
56404,100000,-1.3366257e+38; 2.83015511e+38
56582,100000,2.77491272e+38; 3.83342257e+37
57527,100000,-1.31565663e+38; 2.86095557e+38
56420,100000,-8.09494799e+37; 2.91611176e+38
58036,100000,8.29466736e+37; -1.33408218e+38
55934,100000,-2.10419067e+38; 1.01530168e+37
56277,100000,1.40464327e+38; 1.32495054e+38
59624,100000,7.7932152e+37; -5.49308702e+37
58534,100000,-1.15430248e+37; 9.81339137e+37
56114,100000,-2.45937136e+38; -1.48818948e+37
56341,100000,-3.32617137e+38; 1.49424173e+38
56933,100000,-2.11629724e+38; -2.76405088e+38
56657,100000,-1.82849884e+36; 6.8005319e+35
56031,100000,2.26818592e+38; 2.34280978e+38
56338,100000,3.33666605e+37; 4.60229475e+37
56279,100000,-1.45566164e+38; -1.67199139e+38
55678,100000,9.49152373e+37; -9.16826674e+37
59056,100000,3.29138608e+37; 1.27408165e+38
65994,100000,-1.62601076e+38; -1.44471208e+38
56921,100000,-3.23278467e+38; 8.27409187e+37
57964,100000,8.7000747e+37; 3.09117187e+38
56624,100000,1.01040332e+38; 1.49532369e+38
57998,100000,-3.37071986e+38; -2.92623816e+38
55470,100000,9.21926889e+37; -2.33279736e+38
56042,100000,-1.7617161e+38; 3.31717207e+38
58102,100000,-4.11659518e+37; -2.65648556e+37
56097,100000,-1.02261171e+38; 6.09354674e+37
58354,100000,-1.29143193e+38; -1.37067185e+38
55608,100000,-1.12604287e+38; -1.03754149e+38
56381,100000,-2.43691732e+38; 2.0558007e+38
56306,100000,-4.53579684e+37; -1.99168719e+38
56242,100000,1.76181894e+38; 2.98802872e+38
56169,100000,2.28297281e+38; 2.48555068e+38
55704,100000,-9.81651283e+37; -1.69468436e+38
55888,100000,-3.23962816e+38; 2.59866548e+38
55880,100000,7.08835545e+36; 3.32223009e+38
56063,100000,2.84554073e+38; 1.2965073e+38
57719,100000,-9.72536977e+37; 2.45883002e+36
57765,100000,-8.18192961e+37; 1.62859839e+37
55970,100000,-1.18167438e+38; -3.08768248e+37
58519,100000,-1.08425482e+38; -8.65057953e+37
56339,100000,-1.92105127e+38; 1.18383679e+38
56388,100000,2.66399532e+38; -4.15259519e+37
58137,100000,1.3068278e+38; 2.13217675e+38
56223,100000,-1.5450895e+37; -4.17678006e+36
58611,100000,-6.89347192e+36; 7.19992988e+37
56512,100000,-2.39177516e+38; -1.56162222e+38
59831,100000,2.93633636e+38; 2.28641961e+38
55896,100000,8.97478574e+37; -1.75909562e+38
56090,100000,2.76065398e+38; 3.27145653e+38
56115,100000,7.69411383e+37; -4.93120748e+37
56089,100000,-2.43010268e+36; -8.05256587e+37
56339,100000,1.70886603e+38; -9.98125366e+37
56009,100000,-2.98383695e+38; 2.82986446e+38
55878,100000,-1.18568604e+38; 1.77717069e+38
56035,100000,-9.77298526e+36; 1.90529488e+38
56044,100000,8.29242108e+37; 2.87534188e+38
57553,100000,-3.08686855e+38; -2.15498594e+38
57733,100000,9.1213515e+37; -2.80128006e+38
56573,100000,-1.03247079e+38; -2.50183421e+37
56696,100000,2.96252014e+38; -1.41422143e+38
58228,100000,-2.93483709e+38; -1.85747849e+38
56743,100000,-2.78865e+38; 1.07817872e+38
60146,100000,1.9852096e+38; -2.45275585e+38
56349,100000,3.18137261e+38; -1.68535993e+38
56381,100000,-1.2267818e+37; 4.61239843e+37
57200,100000,2.33545323e+36; -7.50981062e+37
58520,100000,-1.23475608e+38; -2.85024585e+38
55310,100000,-2.5904586e+38; 9.9468618e+37
55471,100000,-6.874993e+37; 3.28936651e+38
55607,100000,3.65458826e+37; -3.63395648e+37
55069,100000,-1.50314877e+37; -1.1139645e+38
55500,100000,2.48226757e+38; -2.85010914e+38
55638,100000,3.17685207e+38; -2.81992527e+38
55246,100000,-1.44565856e+38; 2.40808709e+38
56966,100000,1.11962258e+38; -9.99338863e+37
55326,100000,2.23300669e+38; 3.22205467e+38
59534,100000,1.40145183e+38; -2.22830969e+38
56477,100000,1.16934521e+38; -2.67639654e+37
56088,100000,-8.35726166e+36; 5.31463123e+37
56295,100000,-1.14456487e+38; -2.58124613e+38
56158,100000,-2.24692063e+38; -1.34602964e+38
55943,100000,2.05822505e+38; 3.25868855e+38
55802,100000,-2.65480212e+37; -1.80909338e+38
55795,100000,-1.51033531e+38; -1.57189242e+38
56097,100000,6.19515705e+37; -2.83432274e+38
56467,100000,-2.43386461e+38; -2.4149109e+38
59072,100000,1.43153359e+38; 2.13023876e+38
56273,100000,-1.9929808e+38; 2.38291175e+38
56479,100000,-2.88876782e+38; -6.59089222e+37
56103,100000,-2.85274829e+38; 8.99103803e+37
56421,100000,3.13141319e+38; 1.88412126e+38
56906,100000,-1.40195646e+38; -9.22582987e+36
56788,100000,-2.63558129e+38; -2.12888309e+38
56728,100000,2.38406095e+38; 1.53064622e+38
56544,100000,1.28809213e+38; 8.40868543e+37
56497,100000,1.10540887e+38; -8.9667796e+35
57034,100000,2.3137035e+38; 3.15381348e+38
55589,100000,1.02787246e+38; 2.8107708e+38
55955,100000,-2.03305479e+38; -9.81201622e+37
55839,100000,3.26268337e+38; 1.84299583e+38
55509,100000,-1.21897294e+37; 9.89374419e+37
56177,100000,9.83488718e+36; -1.62756389e+38
55644,100000,1.90557092e+38; -1.61140306e+38
55765,100000,-1.24516795e+38; 1.52123842e+38
55616,100000,-2.04139167e+38; 1.37804735e+38
55956,100000,2.6203137e+38; 8.23830761e+37
58842,100000,3.21931451e+38; -3.81865546e+37
56403,100000,1.03670786e+37; -2.97880103e+38
56857,100000,8.31512014e+37; 8.85264811e+37
56363,100000,6.3473882e+37; -3.214997e+38
55875,100000,-3.99511724e+37; -3.69940604e+37
57662,100000,3.02540474e+38; -1.60117698e+38
56284,100000,-2.02529778e+38; -1.73744252e+38
56335,100000,-1.28493456e+38; -3.02578929e+38
56340,100000,-2.22053788e+38; 1.21208734e+38
55685,100000,-8.73570278e+37; 2.91164587e+37
57268,100000,-2.6788459e+38; -1.57904633e+38
55856,100000,-2.22055755e+38; 2.03185143e+38
56062,100000,2.94696313e+38; -1.05950481e+38
55971,100000,-1.90380229e+38; -1.66369862e+38
55902,100000,2.83263585e+38; -6.19738102e+37
56246,100000,1.10272327e+38; 2.93050355e+38
57540,100000,-2.3570243e+38; 2.31845973e+38
56500,100000,4.76160395e+37; -2.43870176e+38
56023,100000,7.4945121e+37; -2.02375571e+38
58817,100000,8.82382173e+37; -6.34546188e+37
60176,100000,-9.12698697e+37; 3.18755855e+38
56147,100000,-8.3306822e+36; 1.05140452e+38
56474,100000,-2.71115922e+38; -1.47629818e+38
56455,100000,9.20481159e+37; -2.13731935e+38
56053,100000,-3.36115062e+38; 2.25675171e+38
57530,100000,1.75859279e+37; -2.94470407e+38
56591,100000,-6.67214646e+36; -2.664978e+38
56173,100000,2.69955404e+38; -1.23779946e+38
56064,100000,2.49303428e+38; -9.51911085e+37
55971,100000,-2.9359443e+38; 1.69276192e+37
56376,100000,-1.65808607e+38; 2.02473433e+38
55551,100000,7.8096541e+37; 2.67113985e+37
55489,100000,1.67075538e+38; -1.42863675e+38
56118,100000,-2.53002169e+38; -2.57756203e+38
55786,100000,-3.07635983e+38; -1.77986257e+38
56323,100000,-4.42453362e+37; 1.92368129e+38
55840,100000,1.62605011e+38; 1.62508071e+38
55912,100000,1.12538877e+38; -3.14109094e+38
55568,100000,-2.06360395e+38; 2.6517987e+38
55887,100000,-1.71668449e+38; 1.45767523e+36
57411,100000,1.43995251e+38; -3.28956446e+38
57856,100000,-1.98023896e+37; -1.76162646e+38
57009,100000,-3.00934624e+37; -1.27982765e+38
56785,100000,9.90368866e+37; -2.01540585e+38
55806,100000,1.75141872e+38; 2.41780439e+38
56584,100000,1.20169575e+38; -2.87818426e+38
56423,100000,-1.33261678e+38; 2.6113645e+38
56924,100000,1.45428092e+38; -2.9081289e+37
56421,100000,1.77448834e+38; 2.8667539e+38
56223,100000,-2.38905103e+38; 3.34202857e+38
57494,100000,1.28634976e+38; -2.11884492e+38
55825,100000,7.38304708e+37; -2.2446135e+38
55969,100000,-3.17722304e+38; 1.32926197e+38
55621,100000,2.3984786e+37; -1.6206129e+38
56096,100000,-2.29335315e+38; 1.89562037e+38
55937,100000,-3.23922291e+38; -3.35817859e+37
55989,100000,3.15246475e+37; -3.13742834e+38
55969,100000,2.94578512e+38; -1.05592912e+38
56042,100000,2.09024145e+38; -1.05430216e+38
55867,100000,5.52496945e+37; 2.31366152e+38
58308,100000,1.49984636e+38; 1.79178843e+38
56451,100000,-1.73290616e+38; 2.99747606e+38
56648,100000,-2.08650928e+38; -5.25630814e+37
56158,100000,2.34144923e+38; -3.83372554e+37
56074,100000,-2.29213458e+38; -2.67565872e+38
55988,100000,5.19664186e+37; -1.96147938e+38
56156,100000,2.2430404e+38; 1.0348919e+38
56026,100000,4.22101917e+36; 1.91019531e+38
55910,100000,2.03566591e+36; 2.84520263e+38
56645,100000,-1.80365546e+38; 1.81645488e+38
56708,100000,1.23138038e+38; -1.3092697e+38
55935,100000,-2.96929183e+38; 2.902527e+38
55604,100000,1.20199532e+38; 2.00058448e+38
56001,100000,-1.68619911e+38; -2.88074451e+38
56795,100000,1.81762599e+38; -4.53180374e+37
55334,100000,-5.7170819e+37; -2.80503519e+37
56008,100000,-2.01170512e+38; 3.64075439e+37
55994,100000,-1.9518854e+38; -1.81955068e+37
56154,100000,5.78649946e+37; 1.59228649e+38
56252,100000,1.66369893e+38; -2.80622024e+38
58674,100000,-2.57672173e+38; -1.50029633e+38
56663,100000,2.54959036e+38; 3.05800141e+38
56829,100000,-1.15704007e+38; 2.36043276e+38
56593,100000,8.65190296e+37; 3.09035834e+38
56551,100000,-1.77827446e+38; -9.21514547e+37
56204,100000,-3.31573364e+38; -3.30084006e+38
56884,100000,3.01034992e+38; 2.77056884e+38
57037,100000,-2.94232413e+38; -3.08140305e+38
56816,100000,1.28696473e+38; -1.7864071e+38
56387,100000,2.16146597e+38; 1.15027335e+38
59491,100000,3.37595516e+38; -3.06240198e+37
55666,100000,1.75537359e+38; 3.04915625e+38
55775,100000,1.03675352e+38; 3.32982687e+38
56411,100000,-3.06857463e+38; 1.70378041e+38
55943,100000,-1.64426868e+38; 2.15699512e+38
56229,100000,-3.32418978e+38; 1.53778208e+38
56367,100000,-1.28244601e+38; 3.11266311e+38
56453,100000,1.74797213e+38; 3.03628382e+38
56336,100000,-1.20484845e+38; -1.30268532e+38
56130,100000,-1.0182226e+38; 2.33816591e+38
57966,100000,1.41332546e+38; 1.14957422e+38
56186,100000,-6.24038125e+37; 2.37745294e+38
55683,100000,-1.62643405e+38; -1.97085371e+38
56042,100000,-3.09467535e+37; -5.05876457e+37
56081,100000,-3.14246507e+38; -2.21054845e+36
56450,100000,-2.3340135e+38; 1.0374391e+37
56344,100000,7.37591933e+37; 3.39745836e+38
55987,100000,-4.70290158e+37; -1.48921615e+38
56346,100000,2.19654784e+38; 1.53734174e+38
56486,100000,-2.49787813e+38; -1.03348166e+38
59675,100000,-1.51520065e+38; 8.85568033e+37
