elapsed.ps,repeats.n,param.a.vector2,param.b.vector2,param.epsilon.float
30682,100000,1.78632556e+38; -1.63447573e+38,2.42789144e+38; 4.76371332e+37,0.0035796754508480456
29524,100000,-1.32217093e+38; -3.05908327e+38,5.92358826e+37; -1.36108162e+38,0.005733526299178867
29604,100000,2.93480707e+38; -2.16476652e+38,4.96724223e+37; 1.46420857e+37,0.0005776332673134155
30373,100000,-9.42295397e+37; -2.33358392e+38,1.22904202e+38; -1.44548829e+38,0.005185338706527775
35041,100000,2.39895554e+38; -7.10367666e+37,2.40001773e+38; -7.69306269e+37,0.0024122621507039975
29553,100000,9.82118387e+36; 2.24329662e+37,-8.27621898e+37; -3.39847492e+37,0.004303616128513686
28784,100000,-1.06499586e+38; -2.54975303e+38,2.16257643e+38; -3.18418294e+38,0.0025669103888034455
29126,100000,6.3497653e+37; -3.23351585e+38,-3.13402962e+38; -1.3183835e+37,0.007573901874723668
33633,100000,-2.10613292e+38; -1.02085992e+38,-9.22208016e+36; -8.78279955e+37,0.0045719568002987425
44205,100000,1.81218665e+38; 1.61254983e+38,-5.87733372e+37; 1.6161099e+38,0.003944260181172941
41677,100000,-5.48895803e+37; -2.56524027e+38,-1.62748478e+38; -2.46989428e+38,0.004077138821453301
39176,100000,2.08966725e+38; -8.2922355e+37,2.45895456e+38; 8.48420102e+36,0.008540650546497332
43053,100000,-2.06646762e+38; -2.06279164e+38,2.51152839e+38; -3.12324303e+38,0.004968312261294606
45369,100000,6.37224885e+37; 9.60813339e+37,-3.03808368e+38; 3.40781953e+37,0.008389615824282897
43382,100000,-2.24230111e+38; -6.90104829e+37,2.82946814e+38; 2.38528621e+38,0.008926555211562043
45033,100000,2.805183e+38; -2.99849769e+37,2.86402886e+37; -2.62567008e+38,0.0014291468410835445
44331,100000,-3.06630665e+38; 2.35853777e+38,2.9959559e+38; 2.43672544e+38,0.000767187262295217
44037,100000,-2.45443381e+38; 6.82334891e+37,-1.17414707e+38; -2.44312982e+38,0.006057790996756382
44235,100000,-2.12985259e+38; -1.97541989e+38,4.72908465e+37; 2.23416806e+38,0.0006675516671807089
30659,100000,-3.06251222e+38; 1.24600237e+38,-2.34896995e+38; 9.60765776e+37,0.006389117357866464
35720,100000,-1.29773347e+38; -9.12339394e+37,-1.4923437e+38; 3.64742723e+36,0.004791891479331487
30002,100000,-3.20940128e+38; 3.28087406e+38,-2.68457345e+38; -1.99596455e+38,0.008723200367002023
33014,100000,-1.76174328e+38; -9.95164337e+37,-3.33069658e+38; 1.61585799e+38,0.007573155114112413
31024,100000,-6.02506572e+37; 3.05165038e+38,2.80435426e+38; -1.51388524e+38,0.0029273324243324216
28994,100000,-3.18023071e+38; 2.18334967e+38,1.75812794e+38; 2.67057899e+38,0.0061302068320511814
29504,100000,1.40291632e+38; 1.85268738e+38,-1.09529291e+38; -6.62465279e+37,0.00038066234308762703
28824,100000,-3.3853741e+38; -1.26321362e+38,9.56128812e+37; -6.39486881e+37,0.006504780960381081
34376,100000,-6.29682162e+37; -2.42861147e+38,4.91921551e+37; 2.41873718e+38,0.009361768128980388
28866,100000,-1.25402214e+38; -8.90274629e+36,-8.78803913e+36; 1.98290331e+37,0.005133348070564258
43691,100000,-1.5746627e+38; 2.58477938e+37,-9.77439844e+37; 2.45158454e+38,0.002853159099729358
44153,100000,-2.3825921e+38; 1.11250893e+38,-6.85770022e+37; 2.04758876e+38,0.005603783357482371
44316,100000,5.80383737e+37; -1.95829869e+38,5.63058959e+37; -3.31988545e+38,0.0050263310969034655
44531,100000,1.80629068e+37; -9.51827014e+37,1.54895636e+38; 1.28540085e+38,0.0016636977465809926
44967,100000,2.43554988e+38; 1.39248974e+38,-3.31841741e+38; -2.24596188e+38,0.005513932534958582
45153,100000,3.53478285e+37; 3.13781391e+38,-1.59132328e+38; -3.25992983e+38,0.0015329646658316137
44781,100000,-2.02947738e+38; 2.40487902e+38,-9.10429805e+37; 1.22903046e+38,0.0009244191319741392
41267,100000,-2.91375251e+38; 4.6092146e+37,-1.95027254e+38; 1.50766848e+38,0.008975949649002548
39510,100000,-2.68353113e+38; 1.9574519e+38,1.3519948e+38; 8.95317179e+37,0.002088967832778115
42497,100000,-2.38530791e+38; 2.7265339e+38,-2.43618593e+38; -3.54958039e+37,0.0015654682237697859
30733,100000,-4.39333522e+37; 1.28758496e+38,-2.6405807e+38; -2.0676081e+38,0.007182474150697308
29526,100000,2.62426837e+38; 2.05022851e+38,-3.20250891e+38; 1.49323835e+38,0.007443407073948312
34383,100000,2.63751542e+38; -3.24713468e+38,-1.18612251e+38; -1.66913431e+38,0.009909715005753841
29585,100000,2.55557509e+38; 2.47677245e+38,1.39521164e+38; 2.58617171e+38,0.00752497631628001
28692,100000,-4.77379925e+37; 1.60158293e+38,2.91677377e+38; -2.30438982e+38,0.004439412565943225
28532,100000,-2.46236525e+38; -3.33670301e+38,-2.0344273e+38; 2.34137358e+38,0.006553091700473775
28642,100000,3.37858254e+38; -2.74795948e+37,2.60708815e+38; 4.81821367e+37,0.0039637680115534755
33947,100000,-2.21795167e+38; -7.95724247e+36,-4.77034009e+37; -2.41440952e+38,0.004775141035357067
29461,100000,-1.71752337e+38; -9.86295993e+36,7.79398086e+37; 3.29125622e+38,0.0067815564579870435
29616,100000,-1.08709294e+38; -1.67965875e+38,-2.99413215e+37; 1.21391144e+38,0.004917368647248906
43021,100000,1.62884959e+38; -1.13897342e+38,-7.78858879e+37; -8.94994283e+37,0.004715231034376465
44051,100000,3.20810564e+38; 1.1616742e+38,5.06327132e+37; -2.37998439e+38,0.001956121265448658
38588,100000,1.91350783e+38; -2.15020416e+37,-5.44892512e+37; -5.80237602e+37,0.002526204041385167
38297,100000,1.83396748e+36; -2.73005533e+38,-3.11532883e+38; -1.54140786e+38,0.00010248032788223006
31529,100000,2.39276373e+38; -2.93303236e+38,-2.87277636e+38; 1.53982675e+38,0.005130820764738108
30132,100000,2.36374122e+38; 1.58673996e+38,-1.65529187e+38; -3.05104312e+38,0.00953588739443348
29521,100000,1.25171268e+38; 1.30257529e+38,-7.83609881e+37; -1.72004407e+38,0.005785462596482806
30197,100000,-2.5016756e+38; 1.09880258e+38,1.04192675e+38; 2.61388966e+38,0.0029704676101429323
29517,100000,-1.45218848e+38; -3.05428729e+38,1.26987791e+38; 8.15498849e+37,0.008584037899694757
31351,100000,-2.96662855e+38; 1.61383203e+37,-5.04907313e+37; -3.03415721e+37,0.0020354504713584617
31351,100000,-1.31337212e+38; -1.32061081e+38,-3.55871178e+37; 3.34473972e+37,0.005565858373427099
30316,100000,-2.80707433e+38; -2.59653217e+38,-9.88162444e+37; -1.23437553e+37,0.004896249859542245
29321,100000,-1.73045399e+37; 7.20166199e+37,-3.09556261e+38; -1.81018579e+38,0.008699145357514577
32941,100000,-2.85174127e+37; 2.5743675e+36,1.49191533e+38; -2.20229121e+38,0.0003178364540527464
32654,100000,2.63671528e+38; -1.17224357e+38,6.02177287e+37; -2.89081736e+38,0.009423248039469133
31900,100000,-7.66893677e+37; 1.99615601e+38,3.23343026e+38; 6.00021166e+37,0.005982797407265722
30149,100000,1.47706313e+38; 2.10769081e+38,1.18559416e+38; -3.63682264e+37,0.007038425700197363
29712,100000,3.11242723e+38; 2.38327764e+38,-1.07983447e+38; 3.15401043e+38,0.0073217389776822
33742,100000,5.62001282e+37; 1.10399163e+38,2.95440616e+38; 6.85050655e+37,0.002184030441964176
30422,100000,-2.94203349e+38; -8.79027193e+35,1.74785612e+38; -2.95013915e+38,0.004351851857321759
33297,100000,-2.74802032e+37; -2.21050402e+37,-9.89928332e+37; -1.30558378e+38,0.004531467739665618
28826,100000,-2.77237539e+38; 1.15632725e+38,-2.01799226e+38; -1.18857902e+38,0.0012375517015515954
30363,100000,-2.40473988e+38; -3.99363611e+37,5.27412573e+37; -1.65464182e+38,0.0061640540327104676
29464,100000,3.18375458e+38; 1.21348348e+38,-2.67703874e+38; -1.55330491e+38,0.003846930835554545
29438,100000,-2.00471986e+38; -2.06422033e+38,1.67955673e+38; 1.10153026e+38,0.008225291813576332
32419,100000,7.63923318e+37; -3.70123298e+37,2.57235635e+38; 8.34384814e+37,0.006528402060507343
29259,100000,1.53158927e+37; -1.26962286e+38,2.96949607e+38; -1.70604819e+38,0.008116342368701894
29683,100000,7.61216022e+37; 1.52537347e+37,1.01387658e+38; -2.07948264e+38,0.0003581966096879156
29876,100000,1.30406158e+38; 9.57856873e+37,-2.8044721e+38; 2.49529597e+38,0.005741022993725926
29981,100000,-3.04526e+38; 2.40774639e+37,2.00150773e+38; -2.64720656e+38,0.005602392906351465
29787,100000,-2.38048334e+38; 3.29748779e+38,5.02711793e+37; 9.87463715e+37,0.004518588144413334
31874,100000,-1.00037884e+38; -1.72204493e+38,-2.76311972e+38; 2.05182312e+38,0.0071225852605377935
29818,100000,3.35672763e+38; 2.83726166e+38,-3.29661686e+38; 1.52494463e+38,0.005361022226289415
29753,100000,2.72568123e+38; 1.93539275e+38,6.84360445e+36; 7.7551938e+37,0.000865140094916811
29595,100000,9.61596835e+36; 2.78679071e+38,1.52145758e+37; 9.08549271e+36,0.004839341800546992
29593,100000,1.73621827e+38; -1.89888543e+38,-2.31478395e+38; 2.3580303e+38,0.005398960944674607
30494,100000,-2.40867862e+37; -3.80808857e+37,-2.62238535e+38; 1.57596675e+38,0.0026629240860460966
31008,100000,1.25363282e+38; -4.45137283e+37,-8.24007066e+37; -2.36341914e+38,0.008924971604496328
29499,100000,-1.50748573e+38; 3.64291345e+37,5.69657638e+37; -3.11976135e+38,0.004971134127936839
29200,100000,-3.81905527e+37; -1.91689966e+38,-3.30434304e+38; 2.44641841e+38,0.0008037973965514978
31176,100000,-9.83376911e+37; 9.1586184e+37,-3.64868481e+37; -7.6900538e+37,0.007660713685141608
30112,100000,-1.49654226e+38; 9.91644934e+37,-8.41052251e+37; 2.51756362e+38,0.0038768916146530727
29486,100000,-6.89264427e+37; -2.65253049e+38,-1.8294991e+38; -1.32114495e+38,0.009941505440408657
29856,100000,4.51087483e+37; 2.89468907e+38,5.8083355e+37; -9.90746626e+37,0.00693604516307021
30443,100000,-7.47319478e+37; -2.38803184e+38,3.38208597e+37; -4.32699247e+37,0.006996486547823949
30210,100000,1.43795702e+38; 2.78849686e+38,1.40811663e+38; 1.25423784e+38,0.00782933833211544
28946,100000,3.64715957e+37; 3.72689429e+37,1.9545576e+38; -2.59906646e+38,0.0023932623619118422
29139,100000,-2.28581823e+38; -1.71535173e+38,-2.54552921e+38; 1.8576156e+38,0.0038302128043692547
28850,100000,-1.0691568e+38; 6.06690935e+37,-3.32580832e+38; 2.65163933e+37,0.0052739652900232895
35886,100000,-1.88302276e+38; -1.34850845e+38,7.93118376e+37; 3.30716351e+38,0.005193170436610684
30068,100000,2.24406446e+38; 1.20052515e+38,-2.29104192e+37; 3.25623844e+38,0.003078433878537641
28745,100000,-2.05251977e+37; 2.03935737e+37,3.35259083e+38; 1.3012979e+38,0.009593924198957994
30803,100000,2.6722097e+38; -1.89712938e+38,-2.82827777e+38; 3.16620421e+38,0.007440716260562799
29954,100000,-1.1479709e+38; 1.08148982e+38,1.52170837e+38; 2.61622523e+37,0.002749108600088891
30142,100000,4.18353144e+37; -8.7490912e+37,2.57768109e+38; 6.31854256e+37,0.007671223152166111
30518,100000,-8.81348987e+37; -2.40040239e+37,-1.33485667e+38; -1.76966204e+37,0.0055329667089433895
29249,100000,-1.37576933e+38; -2.94356704e+38,-3.11883708e+38; -3.86394456e+37,0.007833276051941025
29040,100000,1.00766124e+38; 1.19385787e+37,-3.09701807e+38; 3.37406849e+38,0.0046927950627334595
29999,100000,-2.35473969e+38; 1.9017418e+38,-1.69625229e+38; -5.21793351e+36,0.009896265512784396
31197,100000,3.0839487e+38; 2.23158997e+38,-1.32535497e+38; -6.50553724e+37,0.0054112943194690065
29963,100000,-2.51850899e+38; -5.81793263e+37,-2.34162427e+38; 2.74440392e+38,0.0093923584760421
31561,100000,5.33196407e+37; -2.30494617e+38,-1.3094349e+37; -3.24439655e+38,0.0063468669395502384
30512,100000,-4.11949861e+37; 1.01562239e+38,-2.08376243e+38; 1.68227693e+37,0.003879877766911299
30437,100000,-1.01756737e+38; 4.09902808e+36,-3.08391665e+38; 9.60636273e+37,0.001958758540646197
29950,100000,-5.73985803e+37; 1.77968956e+38,-2.44325456e+38; 9.5623712e+37,0.007849067653478453
29528,100000,1.21243022e+38; 3.07792746e+38,2.33313709e+38; -1.658612e+38,0.0021901165135160433
32528,100000,-3.50481559e+37; 1.8267334e+38,-1.05133972e+38; -3.3315022e+38,0.005402788959326434
31232,100000,-1.51383869e+38; -2.54428164e+38,-2.35303535e+38; -8.22454055e+36,0.0007794818553231794
29909,100000,-2.12971264e+38; -2.02270873e+38,2.9175585e+38; 2.98189552e+38,0.006584106574965885
30328,100000,-2.03570205e+38; -3.13742367e+38,2.98010824e+38; 1.90353882e+38,0.0022367641525193964
29798,100000,1.38364824e+37; 4.82632816e+37,-1.1765339e+37; -7.0343742e+37,0.004569576262395137
32897,100000,7.93590348e+37; 3.36299084e+37,-1.54574282e+38; 3.07942146e+38,0.001208860394768729
31995,100000,1.73441132e+38; -1.60161031e+38,1.37772263e+38; 1.39403587e+38,0.0017700414924666028
30083,100000,-2.69225075e+38; -8.80085697e+37,2.49701673e+38; 1.78681417e+38,0.0071201276054239085
29158,100000,1.25306897e+38; -3.11779598e+38,3.95044016e+37; -1.28520279e+38,0.0071782391487360915
28697,100000,-2.45425147e+38; -2.88184483e+38,2.46103371e+38; -1.33195304e+38,0.0010588331547150259
34174,100000,1.54986573e+38; -2.50954213e+38,1.88709631e+37; -1.10424263e+38,0.002293975226497206
29632,100000,1.48532811e+38; -1.78682431e+38,3.18765002e+38; 2.61391805e+38,0.0074680320839235715
29776,100000,-7.96076768e+37; -1.9619692e+38,-1.26398445e+38; -4.91378084e+37,0.0021463120654357016
28986,100000,7.39451729e+37; -1.73141398e+38,-1.38172901e+38; -1.45499445e+38,0.0032187748989781877
35055,100000,5.90254374e+37; 1.22545477e+38,-2.88442232e+38; -2.40969305e+38,0.008430963847002803
29782,100000,-3.29832362e+38; 3.03213464e+38,-3.35400087e+38; -2.60586005e+38,0.0023697163558227636
30900,100000,-2.68500891e+38; -9.23333474e+37,-9.96325302e+37; -1.55235225e+38,0.00828095472108743
31959,100000,-2.16946494e+38; 2.32662462e+38,-3.01148817e+38; 2.06987061e+38,0.00170395882190175
34474,100000,3.16004769e+38; 5.42964719e+37,1.31315023e+38; 2.95133581e+38,0.003470736665489006
31330,100000,3.75028269e+37; 2.84824418e+38,-1.56797964e+38; -8.24517283e+36,0.009120088388756258
30053,100000,-2.73086845e+38; 2.55902797e+38,2.00131099e+38; -3.24585526e+38,0.007479347846823057
33545,100000,2.47885383e+38; 3.8504712e+37,8.01266606e+36; 1.13360507e+38,0.000020086904170945313
30426,100000,1.46649853e+38; 2.25164176e+38,-2.25064367e+38; 6.99433622e+37,0.004204137733262512
32421,100000,-1.96701323e+38; -2.39017062e+38,2.12315168e+38; 3.04377208e+37,0.002532871373771824
30302,100000,1.60331353e+38; 1.80146598e+38,-5.75935348e+37; -2.20316822e+38,0.005111734127028941
34673,100000,1.4658932e+38; 1.89383754e+38,1.87607664e+38; -6.34278054e+37,0.008927433540259133
37638,100000,-6.26011248e+37; 5.82410913e+37,2.26296777e+37; -4.39841951e+37,0.008102018740948376
31765,100000,8.49388118e+37; -2.28169908e+38,-1.10532956e+38; 4.73224567e+37,0.0023129177594235825
29370,100000,-1.58132547e+38; -2.00642216e+38,-2.43234363e+38; 3.18741718e+38,0.007440481685309979
29341,100000,-1.04957332e+38; -8.98267559e+37,-5.42450459e+37; 2.68419822e+38,0.0021445694629144887
29982,100000,-4.09663982e+37; 2.74338311e+38,9.71296708e+37; 5.7545572e+37,0.004643886057006839
33694,100000,3.15565208e+38; -3.30965987e+38,1.64805652e+38; -1.83260191e+38,0.002567471871711757
30620,100000,-3.10564641e+38; -9.63771122e+37,3.10779432e+38; -3.37821685e+38,0.0010985837477589108
28934,100000,9.22186909e+37; -2.7936991e+38,3.09125645e+38; 7.48191013e+37,0.008029748215306097
33012,100000,1.59287815e+37; -1.32094679e+38,2.7449769e+38; -2.65304951e+38,0.007544618984649547
28833,100000,-2.98618626e+38; 2.76849029e+38,3.21996598e+38; 2.77578745e+37,0.005678990127025276
32605,100000,-2.91219076e+38; 2.15261898e+38,-5.23646022e+35; 1.70245192e+38,0.009483184372052438
29488,100000,2.13726114e+38; 1.1216856e+38,-5.54482998e+37; 1.13218662e+38,0.006436120568740771
30716,100000,-6.7576116e+37; 1.48326149e+37,-7.60463443e+37; 3.21404088e+38,0.0061398748448815025
29413,100000,-9.19981907e+37; 2.63055145e+38,2.84879789e+38; 1.42445077e+38,0.008543349661706652
30478,100000,-8.71260821e+37; 1.83327873e+38,2.0092763e+38; 1.11781927e+38,0.004171096894104737
30153,100000,1.77106203e+38; 8.9821949e+37,-2.59531178e+38; 2.47472256e+36,0.007610555733076179
29259,100000,-1.4550268e+38; -2.86745101e+37,6.76185265e+37; 1.4564344e+38,0.00410873851725697
30351,100000,2.41029929e+38; -5.70372086e+37,2.8225634e+38; -3.37272194e+38,0.007579090541771994
30400,100000,4.24948046e+37; -1.01154208e+38,2.25472773e+38; 1.01333986e+37,0.0012147506553826222
32031,100000,3.80701437e+37; 3.23864928e+37,-2.82989995e+38; 1.71186012e+38,0.006012959024010524
30645,100000,5.25162696e+37; -2.63132097e+38,3.74770455e+37; -2.96939223e+38,0.004630755375500247
31071,100000,-5.68688697e+37; -5.0290111e+36,8.14785922e+37; -1.996227e+38,0.0038675682615550637
29283,100000,1.08967185e+38; 4.73600095e+37,-1.24362598e+38; -1.90722353e+38,0.002485349188583303
36418,100000,-2.79381653e+38; 1.66730027e+38,-2.50063552e+38; -7.98847105e+36,0.000021030499375827826
31002,100000,-3.3179213e+38; 1.19890753e+38,-6.71313024e+37; -3.25943028e+38,0.004174849524174173
31053,100000,2.45919114e+36; 1.0298649e+38,2.02580849e+38; -2.26186004e+38,0.006387595791337198
29108,100000,-2.91695611e+38; -1.06444405e+37,7.9999751e+37; 3.06634742e+38,0.005684597362194033
37290,100000,1.37554379e+38; 3.1762653e+38,4.97466356e+37; 2.14121094e+38,0.005552007836904229
30412,100000,-9.33702856e+37; -1.26724749e+37,7.04848366e+37; 5.83468083e+37,0.003025631659741431
30664,100000,-1.72866571e+37; 1.27629304e+38,-3.38791767e+37; -2.59003308e+38,0.009839274343106904
31778,100000,1.75996573e+38; 9.70513502e+37,-1.18695531e+38; -3.03051692e+38,0.0022059419926372015
29573,100000,8.54950417e+37; 2.31409536e+38,1.56366172e+37; 2.73912644e+38,0.00673373781744152
31215,100000,-2.06338754e+38; -2.44083304e+38,-1.48785444e+37; 8.31501416e+37,0.004973511103658915
29805,100000,-6.52270529e+37; 1.40326305e+38,-1.27179288e+38; 7.96977459e+37,0.0012043221459734977
30627,100000,-2.83754642e+38; -2.76000373e+38,1.35945822e+38; -3.06966866e+38,0.0002801250560568385
29075,100000,2.40015748e+38; 2.60741049e+37,1.8225035e+38; -2.14771348e+38,0.0009484838403449571
29722,100000,-5.79681306e+37; 3.07785221e+38,-3.10343786e+38; -4.54658607e+37,0.0011181865189774964
29972,100000,-8.3779951e+37; 2.87564105e+38,-7.92342827e+37; 2.44677152e+37,0.00378717878093646
29556,100000,-6.08253111e+36; -1.72007125e+38,-7.21490032e+37; 2.71918e+37,0.006126388867645153
29787,100000,1.03898134e+38; -1.61360411e+38,1.35933754e+38; 3.29285731e+38,0.009461099974735144
29669,100000,3.27213741e+38; -2.67186773e+38,2.99264053e+38; 1.86431427e+38,0.001953588131097628
30668,100000,-1.63440017e+38; 2.76083267e+38,1.93618823e+38; 2.92105275e+38,0.0037030612414004163
33610,100000,-2.25844935e+38; 7.16504768e+37,2.86909226e+38; -3.25324323e+37,0.007870077733865206
44514,100000,-1.8659255e+38; -9.24664608e+37,7.36398706e+36; -5.08206855e+37,0.0037529111820022057
39279,100000,-2.54327016e+38; 2.28101941e+38,-2.34369896e+38; 9.47845983e+37,0.0015420987887253903
30690,100000,-2.79428141e+38; 1.89028914e+38,-1.71280953e+38; 8.2095147e+37,0.009026234469693126
37151,100000,1.31724718e+37; 1.90475171e+38,2.57459046e+38; 1.99537494e+38,0.003623888601667946
31320,100000,-2.15350005e+38; 3.0047686e+38,-3.51458487e+37; 1.72813229e+38,0.005038515146061317
31200,100000,1.17575699e+38; 6.23841183e+37,-2.45324019e+38; -1.41613072e+38,0.004672487915385238
41561,100000,-6.78291948e+37; -9.17717072e+37,-2.12542879e+38; 1.71731733e+37,0.005752052036398361
30996,100000,3.34348221e+38; 2.95238198e+38,-1.20650786e+38; -2.58024702e+37,0.003389126566653416
29664,100000,1.80717628e+38; -2.56354953e+38,4.26526448e+37; -2.03327972e+38,0.0008737595889729967
29764,100000,1.19550647e+38; -3.11542334e+38,-9.61544925e+37; -3.1925105e+38,0.0016763982820403296
34101,100000,2.75215728e+38; -1.88345072e+38,3.34207907e+38; -2.6766126e+38,0.00246332298516598
29928,100000,5.31060669e+37; -2.34178308e+38,7.9999533e+37; 1.46132013e+38,0.00979159757441342
30886,100000,-2.98752551e+38; -3.06195851e+38,2.3649531e+38; 2.31830862e+38,0.003745954578122372
29602,100000,-2.77808225e+38; 1.32155567e+38,-8.68346442e+37; -6.26328567e+37,0.0053906774055038345
30854,100000,-4.13903868e+37; -2.10572849e+38,2.49909203e+38; -1.16900672e+37,0.0025704913411989123
30873,100000,-3.26096951e+38; -2.51289644e+38,-2.96969119e+38; 2.97271286e+38,0.00982790006235472
29358,100000,2.26667488e+38; 1.7695368e+38,3.40066156e+38; 2.03044404e+38,0.005166747450927544
29191,100000,2.35521064e+38; -2.01105365e+38,7.9335061e+37; 9.51486777e+37,0.009578076734970563
29065,100000,-6.54994406e+37; 1.75828526e+37,8.00098364e+37; -3.05117394e+38,0.005984572734927927
30517,100000,-6.21941583e+37; 2.06352221e+38,-3.40612063e+37; 1.1564348e+37,0.0008285738039597043
29823,100000,2.08878862e+38; -1.47410687e+38,1.26579222e+38; -8.60038969e+37,0.006306591190083667
29973,100000,-5.37879919e+37; 1.6690044e+38,1.72721005e+38; 3.16130636e+37,0.0009812676919388568
30035,100000,-1.65095376e+38; -1.57620091e+38,-2.43645914e+38; -5.69417342e+37,0.007317047637055906
29894,100000,5.53704002e+37; -2.91836026e+38,-1.33568155e+38; -2.49633017e+38,0.000450777383606744
30717,100000,1.12680204e+38; -3.00426955e+37,1.27626555e+37; 1.57256813e+38,0.00944410760986961
29671,100000,-3.52968842e+37; -3.33247352e+38,7.53380876e+37; 2.83874876e+38,0.0008489037031853651
31394,100000,2.08363121e+38; -5.35340764e+37,2.53465926e+38; -3.05213209e+38,0.003495779591513445
31637,100000,9.10403641e+37; -2.29081237e+38,-1.22191863e+38; 2.49225463e+38,0.0032663179050526738
33443,100000,-1.11507049e+38; 1.82218405e+38,9.15150688e+36; 4.30515795e+37,0.005137025001933359
30226,100000,-2.69530244e+38; 2.01030523e+38,-6.07028586e+37; -1.55527068e+38,0.008637495666589045
29504,100000,-2.82221333e+38; 7.198251e+37,1.30210291e+38; 3.11680174e+38,0.008462504743129987
31475,100000,-1.50313394e+38; 3.23271611e+38,2.85632591e+38; 1.63346333e+38,0.009070771209660603
34938,100000,1.41168086e+38; 1.93567569e+38,-1.94805255e+36; 3.04127988e+37,0.007416549044307237
31074,100000,1.88359168e+38; -2.02902285e+38,4.54747748e+37; 1.62121285e+38,0.0006088647950400126
30096,100000,-1.37774897e+37; -2.75155692e+38,-4.31453705e+37; 1.54361276e+38,0.009028223471179746
30254,100000,-1.00666842e+38; 2.91407561e+38,-1.9445959e+38; -3.03697849e+38,0.00144498893874085
30080,100000,-5.94459881e+37; -2.1790176e+37,1.33793767e+38; -1.57241094e+38,0.0025298608988632908
31789,100000,2.0823163e+38; 1.37697857e+38,5.8855983e+37; -1.53563234e+38,0.0007737982769579996
33097,100000,2.70877239e+38; 5.10372205e+37,1.77400947e+38; 4.78109027e+37,0.006177124602938812
31899,100000,-1.17536878e+38; 3.04481118e+36,2.10355259e+38; -2.54547121e+38,0.008571277331512177
30112,100000,6.56974121e+37; 2.74354171e+38,-2.22846343e+38; -1.36813169e+37,0.00877283088999587
32052,100000,-2.86589515e+38; -2.80174838e+38,-7.40710049e+37; 1.77611175e+38,0.005395053978815566
31856,100000,1.2513622e+38; 1.78136428e+38,3.17946343e+37; -3.38342963e+38,0.007688982482814668
34285,100000,1.31695014e+38; 9.04603683e+37,1.70491116e+38; -3.1462017e+38,0.009192451942172034
36315,100000,-9.84766661e+37; -1.4588114e+38,-3.21221323e+38; 1.5682713e+38,0.0015740065055320582
31200,100000,-2.43145932e+37; 7.36311619e+36,1.01388409e+38; 3.39588688e+37,0.004370830995212575
30829,100000,2.36779e+38; -8.82775652e+37,-2.37859748e+38; 1.70725946e+38,0.00911571156085934
30155,100000,2.40472284e+38; 8.3638324e+37,-5.3377836e+37; 8.58775578e+37,0.007782733931527458
37914,100000,1.25177951e+38; 2.4074989e+38,1.87817871e+38; 2.49030721e+37,0.005044374309085874
29965,100000,1.51989187e+38; -2.20068343e+38,-1.18485535e+36; -8.21371975e+37,0.008405761669676368
30377,100000,3.01088801e+38; -3.35341227e+38,2.88691325e+37; -4.90464697e+36,0.003354571574362255
30142,100000,6.89378972e+37; 2.17862428e+38,-2.10315992e+38; 1.921535e+38,0.002251412846321129
32479,100000,-1.11248905e+38; -2.37530706e+38,-3.04502594e+38; -8.60034305e+37,0.003681637635962778
34520,100000,-3.02937299e+38; 1.93193886e+38,1.32048121e+38; 1.3512622e+38,0.0009323138149202631
30776,100000,-1.46229734e+38; -1.0999028e+38,2.7098502e+38; 1.98670867e+38,0.0019103583716856643
31165,100000,3.18241148e+38; 7.70186526e+37,1.18746592e+38; 9.38709264e+37,0.0053302571993647475
32620,100000,1.53363374e+37; -2.42968826e+38,-1.94239688e+38; -9.33750317e+37,0.004969562528646706
29281,100000,-2.97359555e+38; -9.46990471e+37,-6.16836551e+37; 1.11419125e+38,0.006548645664556181
29925,100000,-1.78321505e+38; -1.1214986e+38,2.703085e+38; 1.26261965e+38,0.006539946151298079
30307,100000,-8.94885975e+37; 1.93737759e+38,1.73517049e+38; 2.83498699e+37,0.0035909816729911203
32448,100000,-1.77825844e+38; 2.19593552e+38,-1.23914185e+38; -1.82861905e+38,0.0020358786656707326
30315,100000,3.37347624e+38; 2.04547006e+38,1.35743464e+38; 3.35475841e+38,0.0018804522252232868
30105,100000,2.1178024e+38; -2.50232646e+38,3.15432561e+38; 1.47927493e+38,0.002638788862998051
30462,100000,5.18495513e+37; -3.36976111e+38,-3.25884777e+38; 2.82257456e+38,0.0026560096595960436
29810,100000,3.2845324e+38; -1.82286189e+38,-4.75278161e+37; -3.36123134e+38,0.007999968657146032
29704,100000,-3.05522049e+38; 2.1450717e+38,-1.92099285e+38; -8.10514193e+37,0.0064006487629015
36031,100000,-4.02858499e+37; 1.48153895e+38,-5.48244383e+37; 8.46130763e+37,0.0005361652687813758
29629,100000,1.37824186e+38; -2.42645484e+38,1.46312942e+38; -1.61637388e+38,0.0041120500631689726
29714,100000,-2.96752087e+37; 3.1886899e+37,-2.30896046e+38; 1.90696108e+38,0.005320002285567123
29340,100000,-1.82885088e+38; -3.35551049e+38,-4.76090387e+35; 2.79715867e+38,0.00869665304138785
31379,100000,3.27515401e+38; -2.38059854e+38,3.27105534e+38; -2.15107407e+38,0.005762106827175344
32655,100000,6.79885575e+36; -3.23627015e+37,1.04455444e+38; -1.11967896e+38,0.0039193970270624805
31651,100000,2.02942484e+38; -2.5232358e+38,1.04924627e+38; -2.16531273e+38,0.008931862676430785
29763,100000,-2.70498323e+38; 1.28990933e+38,1.80508436e+38; 3.2098193e+38,0.0011796606148115377
30408,100000,-1.51843458e+38; 8.75008503e+37,-2.38705479e+37; -2.13058458e+38,0.00021800578110455962
28533,100000,-2.501647e+38; -1.40678704e+37,-1.50270213e+38; 2.92407118e+38,0.007203895159221157
29045,100000,1.0517985e+38; -5.16931182e+37,2.01202984e+38; -4.68373318e+37,0.0059028672625337855
29610,100000,2.68935016e+38; -1.71509516e+38,-3.74625232e+37; 2.14594688e+37,0.008218316625440885
33038,100000,3.25187954e+38; 2.12478584e+38,-2.95259717e+38; 2.56469143e+37,0.0050227027439081985
29220,100000,2.52769124e+38; -9.17009216e+37,-1.5693552e+38; -5.9316615e+34,0.008040921214811909
30328,100000,-1.64191896e+38; 1.9798666e+38,2.30777536e+38; -7.30455111e+37,0.00733705466807234
30585,100000,2.13478223e+38; 2.93752319e+37,-2.19066736e+38; 9.74078541e+37,0.005190414542090334
30724,100000,3.25124673e+38; 3.15680798e+37,2.96229485e+37; 7.699737e+36,0.008037426778829945
32576,100000,1.0314233e+38; -2.10635663e+38,-3.30292631e+38; -3.22800654e+38,0.0062236253827309285
29176,100000,2.09016397e+38; -3.04163229e+38,5.91718916e+37; -3.23761006e+38,0.0034654490710206817
35791,100000,1.52162328e+38; -1.27413681e+38,1.02701806e+38; 6.10836406e+37,0.009277113858459883
29737,100000,5.30889283e+37; -1.37986465e+38,1.2100228e+38; -1.30497936e+38,0.005919121279921175
30684,100000,2.68675259e+38; -1.15896711e+38,-1.53094417e+38; -1.27332095e+38,0.00806343867721196
35082,100000,9.5536092e+37; -1.14823467e+38,-6.8333238e+37; -3.34082704e+38,0.007988221539807277
34984,100000,-8.42750142e+37; 1.87324826e+38,1.94613858e+38; 3.29670306e+38,0.005231613321006803
29834,100000,-2.23481e+38; 1.14077561e+38,-1.18864838e+38; -2.05460464e+38,0.00580327726903776
29364,100000,-7.02998661e+37; 3.35291474e+38,-1.20074542e+38; 2.99103031e+38,0.009118075347144542
32473,100000,2.55592192e+38; 2.61125806e+37,-2.59606326e+35; -1.47731372e+38,0.003055326733364882
31372,100000,-2.42513892e+38; -8.51768817e+37,1.50324316e+38; -1.75798515e+38,0.009121467221551773
33923,100000,8.78531051e+37; 9.25887333e+37,-2.99573624e+38; 1.91528883e+38,0.008722044112804585
33587,100000,-1.4066852e+38; -2.21614004e+38,-1.40068333e+38; -7.68960505e+37,0.007034141638481988
34157,100000,-1.94258307e+38; 1.23613427e+38,1.89365622e+38; -2.3664438e+37,0.005676210339312899
29037,100000,-1.04985829e+38; 7.43605008e+37,2.04727742e+38; 2.74819409e+38,0.005182705197930962
31706,100000,-1.35917366e+38; 1.65782443e+38,-6.68938208e+37; 5.89159073e+37,0.0049980918524578965
31556,100000,-3.11061499e+38; 6.96852279e+37,-6.20411212e+36; -1.51472858e+38,0.0034424188937784354
30525,100000,2.3480903e+38; -6.08874894e+37,-2.68902767e+38; -2.38823183e+38,0.001462834950033968
29739,100000,4.94224061e+37; 2.87508815e+38,2.80413359e+38; 2.24732019e+38,0.0010810456927757325
29838,100000,1.7972016e+38; -4.31203977e+37,-2.50060712e+38; -3.34847107e+38,0.0004933895242493891
30256,100000,1.60989152e+38; 1.99982429e+38,2.96645797e+38; -1.2966799e+38,0.007794890120860243
30702,100000,-1.40670842e+38; -1.99415576e+38,1.00033747e+38; -2.18860038e+38,0.0027487212140150045
33640,100000,1.40465087e+38; -2.13177049e+38,-8.19288972e+37; -9.82190288e+37,0.0038883328229169564
34999,100000,2.85932365e+38; -1.13251529e+38,1.03016938e+37; -1.14634668e+38,0.0065618342203160335
30642,100000,1.07539465e+38; 2.18720435e+38,2.6306983e+38; -5.75341124e+37,0.00034146814735614545
30086,100000,-1.67637523e+38; 1.31919196e+38,-5.39795644e+37; 2.88901791e+38,0.009283572159678927
32335,100000,-1.57759766e+38; -1.65796833e+38,-1.10478348e+37; -8.11816019e+37,0.008463277091013077
34110,100000,2.90643502e+38; -2.92435818e+38,1.64487837e+38; 3.23752913e+38,0.0030787867434274286
37375,100000,2.56464762e+38; -1.29053109e+38,3.28425189e+38; 2.71053676e+38,0.004335738986499092
41922,100000,6.58280562e+37; -1.11992489e+38,2.58053665e+38; -2.38563771e+38,0.003650964250182556
36511,100000,2.748489e+38; -2.26897389e+38,-9.29229266e+37; 3.10502841e+38,0.006358494294645702
35763,100000,-2.57436228e+38; 2.44870545e+38,9.07697764e+37; 7.26333167e+37,0.0005536684217752879
30961,100000,-2.29617382e+38; 1.88558577e+37,2.53890234e+38; 5.39324787e+37,0.0061031196885496805
30257,100000,6.30821171e+37; 1.51817578e+38,-5.79293557e+37; 1.43885564e+38,0.0027764836066369214
29762,100000,-2.56559095e+38; -1.96533426e+38,-2.16154203e+37; -2.64123582e+38,0.005103260437091252
29485,100000,-1.21144013e+38; -2.54443985e+38,2.99856158e+37; -3.3169802e+38,0.007045971675286103
32594,100000,3.99901704e+37; -2.20940892e+38,2.48220753e+38; 1.73082376e+38,0.007918077154014538
32678,100000,4.47076636e+37; -2.97489403e+38,3.36658489e+38; 7.06720153e+36,0.009037238279575834
28694,100000,-1.89630632e+38; -1.63409949e+38,-2.29660117e+38; -1.2383841e+38,0.00918218350992734
28714,100000,-2.15285629e+38; 2.69246797e+38,-8.60373021e+37; -8.15345767e+37,0.0038183104814257726
29330,100000,1.250306e+38; -2.91497513e+38,1.89395883e+38; 9.31920133e+37,0.003914312624237389
37731,100000,1.66015255e+38; 3.38407998e+37,-3.21990372e+38; -2.94762596e+38,0.009614336398171342
29596,100000,-2.38138347e+38; 1.99404543e+38,-8.24243255e+37; 1.24875551e+38,0.007826287075393628
31254,100000,-3.38317934e+38; 9.58445367e+37,-1.10366306e+38; -3.09347048e+38,0.0036849579927254942
28900,100000,1.28894642e+38; -1.40829785e+38,4.08599359e+37; 4.57142289e+37,0.0007122451026789497
30434,100000,-9.33262626e+37; -1.55791216e+38,-3.03313619e+38; 9.04692215e+37,0.0009593388095107806
30200,100000,1.1476914e+38; -9.06398676e+37,-3.09412479e+38; 9.15624941e+37,0.003771136447564709
30896,100000,2.70640442e+38; 8.27342356e+37,-1.05031627e+38; 9.99237045e+37,0.0030480765058149817
31323,100000,-1.45186619e+38; 2.97660972e+38,1.88340042e+38; 6.51715907e+37,0.009829818276843092
29947,100000,-8.42455084e+37; -2.51927323e+38,2.75481346e+38; -1.30914304e+38,0.005355387106218756
31532,100000,1.29422542e+38; 1.51643281e+38,-1.45325838e+38; 1.8516481e+38,0.001766917940716644
30380,100000,2.94145017e+38; 1.49598731e+37,1.04084465e+37; -2.79503571e+38,0.0016633405207305864
31423,100000,-2.89397553e+38; 1.30184441e+38,2.85660175e+38; 2.11800928e+38,0.002664252266909533
29312,100000,1.84585038e+37; -2.05197726e+38,-7.91858382e+37; -2.58973067e+38,0.00843329073726426
30080,100000,-9.88771119e+37; 2.96779093e+38,1.62203379e+38; 4.36349422e+37,0.00027366933509051066
30222,100000,2.36780399e+38; 1.09434461e+38,-8.1243656e+37; 3.15746878e+38,0.009776656248997383
43816,100000,-1.96810098e+38; -1.73970016e+38,2.35088299e+38; -1.81179051e+37,0.0007216735754327604
44775,100000,-1.91744465e+38; 8.99106136e+37,2.07504992e+38; 2.3398816e+38,0.00029414604310977146
31771,100000,-1.92813751e+37; 8.42881521e+37,6.46070108e+36; 3.29863045e+37,0.009960786054877694
30367,100000,2.21183226e+38; -2.1027924e+38,-3.10056506e+38; -1.88296597e+38,0.003680353908973704
29611,100000,-6.06874846e+37; 4.82086002e+37,2.43101372e+38; 3.38978005e+38,0.008288847720923259
33687,100000,-3.07551405e+38; -6.7023689e+37,2.75596646e+37; -1.57691303e+38,0.0029544042533684216
47050,100000,-3.0835037e+38; -1.10400299e+38,3.62946342e+37; -9.91763586e+37,0.0025890273129485575
42335,100000,2.83627857e+38; 2.59700577e+38,-2.44996499e+38; 9.58440297e+37,0.005116429509230016
43856,100000,1.28798017e+38; 1.82995161e+38,-8.03576291e+37; 8.16093326e+37,0.008959440785455765
30151,100000,-2.63309487e+38; 8.50661651e+37,1.12728497e+38; 1.1299018e+38,0.002301430171504556
29956,100000,1.04450799e+38; -3.27875292e+37,1.87180395e+38; 1.96436638e+38,0.0004300889820198416
36441,100000,-1.5621376e+38; 1.49874929e+38,-3.08263054e+38; -3.38417602e+38,0.0024969665484964303
29675,100000,5.25999853e+37; -5.99513091e+37,2.18831024e+37; 2.35429611e+38,0.0035455813442833296
28786,100000,-2.47128403e+38; -3.3887495e+38,3.22331339e+38; -1.55236563e+38,0.00915494882607581
30072,100000,1.22229731e+38; 3.15658021e+38,-2.25115559e+38; -4.28807915e+37,0.0037331314751066127
33953,100000,1.53265701e+38; -2.94493265e+38,-2.25859498e+38; -1.42671215e+38,0.004989361939053937
44079,100000,3.3820843e+38; 1.63347367e+38,2.94289468e+38; -4.16467818e+37,0.00983837296707775
42670,100000,-1.3722336e+38; 3.20748642e+38,1.04956064e+38; -2.1646962e+37,0.004686388079152042
30038,100000,-1.83968087e+38; -2.41888828e+37,-2.9571161e+38; -1.18977811e+38,0.007716032569575063
35391,100000,-2.2017586e+38; 2.37603282e+37,-1.27059784e+38; 2.73914165e+38,0.00463781887276032
45155,100000,-2.84860257e+38; 2.29416627e+38,-1.57740052e+38; 2.22472741e+38,0.0025256048865569293
43840,100000,-2.06270503e+38; 7.91891797e+37,-2.99471177e+38; -2.92112395e+38,0.0006555833637268954
34359,100000,1.06623897e+38; 2.67133106e+38,-1.35986326e+38; 1.94381868e+38,0.008445843573815386
32299,100000,3.43510901e+37; 2.90038052e+38,2.63165705e+38; 2.72999185e+38,0.008076111099901974
28822,100000,2.69615207e+38; 2.83540318e+38,2.81547977e+38; -2.18124842e+38,0.007324708559148894
28330,100000,1.56688754e+38; -4.60915476e+37,1.04582929e+38; 1.62495993e+38,0.004688899658486486
30816,100000,2.50142106e+38; -2.35932924e+37,9.88399342e+37; -3.23453889e+38,0.001970917096753692
40965,100000,-2.72097997e+38; 5.5570476e+37,-2.42303583e+38; 1.63488786e+38,0.0029063997429447253
33220,100000,4.68267444e+37; -2.87903896e+38,-1.67329818e+38; 1.71380702e+38,0.00934121341708762
29261,100000,2.47920736e+38; -3.90572252e+37,2.08490684e+37; -2.85753981e+38,0.0011363237851028413
35525,100000,3.53846893e+37; -6.58621205e+37,1.86425241e+38; 6.88505257e+37,0.007033240207769876
34526,100000,-1.66236018e+38; -2.22265445e+37,1.39224453e+38; -2.24009397e+38,0.0074574870480795235
31578,100000,2.53101472e+38; 2.47921892e+38,1.1357762e+38; -2.34018462e+38,0.0016844166205689667
30242,100000,-6.80869234e+37; 1.54297356e+38,6.18712775e+37; -2.01064749e+37,0.0016068620922501287
36523,100000,1.78142716e+38; -1.79859054e+38,6.6218665e+37; 2.63376561e+38,0.0003649776089242411
29964,100000,1.00942143e+37; -9.81962821e+37,3.05626726e+38; -5.6872125e+37,0.006223635757913167
43554,100000,-1.02176533e+38; 7.14653897e+37,2.58743612e+38; -2.37589018e+38,0.003344764112181596
32715,100000,-1.58699176e+38; 3.12669448e+38,-1.93345132e+38; 2.98655277e+38,0.0054036878631748934
32627,100000,3.3653793e+38; 1.81738828e+38,-2.15412221e+37; -2.67990079e+38,0.0071944870044296574
30018,100000,3.32124843e+38; -9.60714766e+37,1.75033301e+38; -3.20815513e+38,0.006161973234948542
42778,100000,2.98709593e+38; -3.16853486e+38,-3.85178753e+37; -1.21515465e+38,0.0056982711711329
32856,100000,-1.30780359e+38; -1.9097854e+38,2.73348474e+36; -2.47413554e+38,0.0033744172628468
33237,100000,5.01916875e+37; -1.9133835e+38,-2.08719645e+38; 2.442956e+38,0.009229455920958474
29761,100000,3.80310417e+37; -3.85802361e+37,2.09360204e+38; 2.13903504e+38,0.0037706156014666817
30497,100000,7.49673962e+37; -2.96209015e+38,-1.04153412e+37; -8.12558761e+37,0.0036107727942311665
29042,100000,2.10208211e+38; -1.49038016e+38,-1.91035067e+38; 3.01539172e+38,0.0037150993806595407
30328,100000,2.36624164e+38; -2.68844069e+38,-3.79045682e+37; 9.72815961e+37,0.007034772004151186
37223,100000,2.48620479e+38; -7.37220562e+37,-3.13892741e+38; -2.80390663e+38,0.006454068416051406
35298,100000,2.07709419e+38; -2.28111799e+38,2.16087129e+38; -1.01466161e+38,0.006213131148066556
34179,100000,3.19641222e+38; 2.84483085e+38,1.48665397e+38; -8.73489351e+37,0.0023301519632165364
28939,100000,3.08617063e+38; 3.24610271e+38,2.8556938e+37; 1.77506497e+38,0.002339690623860216
32754,100000,2.85682364e+38; 3.30310378e+38,-1.437905e+38; -9.43184477e+37,0.007575880493474045
30583,100000,8.54620929e+37; -1.52504026e+38,-3.01174312e+38; 2.90995229e+37,0.003622107972820596
32053,100000,-2.7824957e+38; 1.26288639e+37,2.6125569e+38; 2.60077627e+38,0.003534956500312436
29814,100000,-1.59023807e+38; -2.86031343e+38,-1.46554019e+38; 3.06416584e+38,0.00230899916702168
30521,100000,-1.03895616e+37; 2.49103606e+38,2.55272724e+38; 1.64122855e+38,0.009235475509906981
30701,100000,-1.66642519e+38; -9.26431003e+37,-2.62443631e+38; 5.02845758e+37,0.0061308363893522125
37784,100000,-1.82714518e+37; 2.62579604e+38,-7.3868551e+37; 2.54329774e+38,0.00022344536783206568
29202,100000,3.30285593e+38; -4.26041192e+37,1.10538331e+38; -1.87859653e+38,0.005882222978094344
28642,100000,-2.50534165e+38; -1.13937886e+38,-3.34788511e+38; -2.69767122e+38,0.00008914880664884893
29880,100000,-3.15144409e+38; 1.88021426e+38,5.07726923e+37; 1.99247768e+36,0.0036864409438524992
33627,100000,-3.11781038e+38; 2.14395069e+38,2.51448841e+38; -1.52821567e+38,0.0018214345318822939
29364,100000,-9.30117433e+37; -3.48195706e+37,1.60096381e+38; -2.33831844e+38,0.0030410183520054165
29463,100000,-1.33116355e+38; -2.24910809e+38,2.73853013e+38; -2.28255986e+38,0.006453182445179018
29594,100000,2.27018759e+38; -2.04132859e+38,-1.83518528e+38; 2.49042536e+38,0.007724984706633776
29632,100000,-5.32294156e+36; -1.59665491e+38,9.49279036e+37; 1.15198519e+38,0.00926024194292926
35071,100000,1.36436828e+38; -1.48756973e+38,-2.34828562e+38; 2.50709851e+37,0.009324072764315202
31632,100000,2.0556569e+38; -7.57836262e+37,-2.92371665e+38; -1.08820513e+38,0.007017685270339563
29340,100000,-2.61633531e+38; -3.40008392e+38,-8.39430672e+37; 8.52277398e+37,0.003225053323037807
30475,100000,-1.81523165e+38; 3.04022307e+38,1.18337693e+37; 3.16773452e+38,0.0030998718966253782
31168,100000,2.14182306e+38; 9.16695954e+37,2.90620765e+38; 1.85859158e+38,0.0074687206578894745
31759,100000,-2.1671201e+38; 6.15643641e+36,4.54849566e+37; -9.57686197e+37,0.0025249322013150026
29824,100000,1.41774266e+38; -3.1090211e+37,4.36155598e+36; -3.26487895e+38,0.0026918987808132325
30556,100000,-2.95791421e+38; 6.9397091e+37,-1.75493874e+38; -5.75166188e+37,0.007776050297460758
30580,100000,2.43482113e+38; 1.24605719e+37,-1.38969787e+38; -3.40264376e+38,0.008253651462775438
31573,100000,-2.21492786e+37; -8.87591203e+37,-1.81110215e+38; -1.9258294e+38,0.006620287121967643
30023,100000,-2.90568193e+38; 2.59158692e+38,-3.37392002e+38; 9.06135613e+37,0.0069478120454365055
31668,100000,-3.34534575e+38; -2.84515618e+38,-3.23023152e+38; 2.08284668e+38,0.0021177970893096983
34932,100000,-1.5369002e+38; 1.12053762e+38,2.24480416e+38; -1.2279201e+38,0.008737859866270516
40721,100000,-3.26990817e+38; 2.16006486e+38,1.79863415e+38; 1.23557448e+38,0.006295992383204391
29320,100000,-1.86934106e+38; -1.87831136e+38,-2.76055399e+38; 1.50270527e+38,0.007375635881386851
30099,100000,-2.54912812e+38; -3.99505512e+37,3.86271113e+37; 1.56404922e+38,0.00003213425321145416
30658,100000,-2.50590854e+38; 2.98910937e+38,2.96330913e+38; 2.14616066e+38,0.009885287320103835
35007,100000,5.92920941e+36; -3.3357972e+38,2.02100156e+38; -2.2722708e+38,0.005105425052353122
29764,100000,-2.95195382e+38; 4.16225748e+37,-2.34288381e+38; -2.07578962e+38,0.004604388027716302
29438,100000,7.91641817e+37; 1.25853792e+38,-2.24354503e+38; 2.6118894e+38,0.002500220788272283
38360,100000,1.59953562e+38; -8.47715732e+37,3.08951459e+38; -5.47091835e+37,0.004282992160402965
34182,100000,2.99278799e+38; 1.24791784e+38,-6.18862003e+37; 2.33520793e+38,0.0005157057118708618
31938,100000,3.151409e+38; -2.02375104e+38,-2.89823099e+38; 5.82071639e+37,0.002172967556573791
32678,100000,-1.77486925e+38; -1.04656392e+38,-2.10066884e+38; -2.95414107e+38,0.002849880176756208
29729,100000,6.77481513e+37; 2.16590964e+38,-2.69594478e+38; -2.54375389e+38,0.006203402596543805
35508,100000,2.20931805e+38; 1.93374623e+38,1.89895439e+38; 2.27183797e+38,0.007063349523051804
28928,100000,1.27192035e+38; 4.23310419e+37,-2.73881165e+38; -2.86823128e+38,0.0056707376446125
35040,100000,-2.52526364e+38; 1.26401183e+38,-2.84037156e+38; -2.34526537e+38,0.007964872189134966
34157,100000,2.41298813e+38; 2.6825373e+37,-8.51198476e+37; -6.39537739e+37,0.007955782534249747
32037,100000,-1.40530965e+38; 1.6866292e+38,3.12436485e+38; -2.21327231e+38,0.007548288735878928
32255,100000,-3.18284593e+38; 9.32826523e+35,-2.47858408e+38; -1.77329249e+38,0.009364660943539526
29812,100000,2.93294514e+38; 2.27670291e+38,-1.51905908e+38; 1.35834938e+38,0.0017031309968973533
29838,100000,2.79683841e+38; 2.51655599e+38,2.67014515e+38; -1.54051361e+38,0.008771529097400407
42810,100000,-9.64548851e+37; -7.84253036e+37,3.18546195e+38; 1.65052449e+38,0.006725390153014496
29303,100000,-2.22399887e+38; -1.59470669e+38,2.33006329e+38; 2.90429847e+38,0.0063880701925849185
29121,100000,1.94647303e+38; 2.60083853e+38,-1.24618025e+38; 2.87252993e+38,0.008912406222012767
29254,100000,2.56517455e+38; -5.88801599e+35,2.13053529e+38; 7.22853213e+37,0.0014853393631193894
35922,100000,-1.34762668e+38; 3.25617941e+38,1.17646545e+38; 1.18787147e+38,0.0044361880053695275
29103,100000,-1.17451753e+38; -1.14721487e+38,6.94490545e+37; 2.79839367e+38,0.004689046272296466
33164,100000,7.72736583e+37; 5.53134218e+37,2.32160005e+38; -1.24573718e+38,0.006143963577676646
32186,100000,6.5751196e+37; 5.6850561e+36,-1.43151432e+38; -1.16841942e+38,0.003347979311645564
35307,100000,-3.36656967e+38; 1.97526189e+38,-3.17683057e+38; 1.91056952e+38,0.008315720822440675
32424,100000,-3.26859691e+38; 1.57601067e+38,3.18408275e+38; -8.47511032e+37,0.005495078904621481
32201,100000,2.2896652e+38; 2.02310119e+38,-3.08052158e+38; 2.70635676e+38,0.003907390024568108
33042,100000,3.03177889e+38; -3.30925625e+38,-1.88287511e+38; -1.93972893e+38,0.00620973506348428
36004,100000,-1.825599e+38; 2.53887374e+38,9.43618216e+37; 3.26258607e+37,0.004096482370568728
32783,100000,9.41255315e+37; -1.79905845e+38,2.50048279e+38; -1.93852552e+37,0.004891435396401342
29774,100000,2.08704839e+38; -2.60016759e+38,2.99113639e+38; -8.24370476e+37,0.007682352975139509
30158,100000,5.05673716e+36; 2.34716725e+38,2.55816029e+38; -1.50100986e+38,0.0019250445966007405
37566,100000,8.58681062e+37; 1.11206048e+38,1.02153826e+38; 7.75656489e+37,0.0002669950101028956
32878,100000,-5.16968248e+37; 1.67268322e+38,-1.40876749e+38; 6.35813534e+37,0.004454001715865226
30056,100000,1.08570826e+38; -6.34965831e+37,1.16619809e+38; -3.08434542e+38,0.006719247199603117
30075,100000,9.20370518e+37; 4.18069875e+37,1.62930472e+38; -1.90112299e+38,0.0009993651874311282
31282,100000,-3.22140279e+38; -1.88412645e+37,6.79088235e+37; -1.72356185e+38,0.009370534107500305
30368,100000,-3.21281015e+38; 1.61939753e+37,-2.93162861e+38; 1.33936746e+36,0.006728335584798583
34099,100000,-3.13103634e+38; 5.47398048e+37,-1.58436773e+38; 3.02908863e+38,0.000732643259072243
29844,100000,3.97579754e+36; 2.63111936e+38,2.19748489e+38; -1.30606751e+38,0.004741140880211409
29494,100000,-1.2594489e+38; 2.21717992e+38,2.03366265e+38; 1.53702473e+38,0.009884026965538717
31825,100000,-1.2654602e+38; -1.79498757e+38,-2.25269604e+38; 2.09465044e+38,0.005089520032409084
39322,100000,-1.75242818e+38; -2.48773119e+36,4.03561715e+37; -1.01030668e+38,0.0024304759511623924
29923,100000,-1.5719912e+38; -2.22483369e+38,-1.20822628e+38; -2.76773944e+38,0.0016835536661364604
30207,100000,-2.80566613e+38; -2.57815428e+38,-1.93054952e+38; -1.86568718e+38,0.004148837836082305
33061,100000,1.1549667e+38; -2.79875104e+38,4.37521492e+37; 2.14516581e+38,0.0011448849591401663
30217,100000,3.16106247e+37; -5.23757632e+37,-1.06909707e+38; -7.58532456e+37,0.007602715068045826
29945,100000,-1.88266713e+37; 4.05097195e+37,7.53489996e+37; -2.37390595e+38,0.004498620324583545
34505,100000,-2.77218474e+38; 2.36325237e+37,-1.55892223e+37; -6.37203995e+37,0.0036418645755755506
32119,100000,-2.24874057e+38; 2.69486353e+38,-2.49315212e+38; 1.71748301e+38,0.0029693315329751844
31238,100000,-6.08279555e+37; 2.97912515e+38,2.67567089e+38; 2.72990727e+38,0.006172053915545059
29461,100000,-5.49567759e+37; 3.19470181e+38,-1.52001119e+37; -3.19784274e+38,0.004347311690888578
29783,100000,-9.07171132e+37; 3.39716924e+36,-1.94736026e+36; -1.09579805e+38,0.002094230216416911
29017,100000,1.8132336e+37; -9.43788892e+37,-7.26066606e+37; -1.0169802e+38,0.002364647764702475
31987,100000,-6.98907293e+37; 1.31565663e+38,9.38597851e+36; -3.52313314e+36,0.0020412293851935002
29433,100000,-1.38217713e+37; 2.74625124e+38,-9.03055425e+37; -1.56022043e+37,0.00689848915415827
31954,100000,1.69009222e+38; -2.09654679e+37,-1.48738191e+38; -5.44846369e+37,0.0009992109665435366
29168,100000,-2.04214435e+38; -2.11298066e+38,3.31536774e+38; 8.68819833e+37,0.008167607469601781
29880,100000,-1.01161996e+38; 1.44538561e+37,-1.68317105e+38; -8.65549802e+37,0.0049687452945826865
30423,100000,-9.77184121e+36; 4.52533416e+37,3.32840933e+38; -2.33175039e+38,0.008032033693476751
30895,100000,1.58701904e+38; 1.93191229e+38,2.11041129e+38; 6.34863912e+37,0.005574107744785202
29160,100000,4.20849199e+37; -3.25616522e+38,-4.90860071e+37; -1.19532758e+38,0.0097905544279932
29961,100000,1.87727006e+38; -1.98495708e+38,3.05707308e+38; 2.06283119e+38,0.0047441516800132855
30554,100000,7.68833334e+37; 4.13213429e+37,-1.7075067e+38; -2.54518664e+38,0.009429870670641272
30377,100000,-1.40389312e+38; 2.50390626e+38,2.96190254e+38; -7.20383576e+37,0.0032772747202569497
32414,100000,7.58196275e+37; 2.31971602e+38,2.002418e+38; 2.32988278e+38,0.001016232245064592
34956,100000,5.78167022e+37; -2.34346895e+38,1.96447672e+38; -2.54051642e+38,0.008640155564214182
41138,100000,-1.90966229e+38; 2.52770005e+36,2.39730739e+38; -1.4122439e+37,0.0031343776368538876
30479,100000,1.64429779e+38; 2.38418812e+38,-1.01838384e+38; -7.61035153e+37,0.004292637725971006
29961,100000,-2.97758145e+38; -3.33093247e+38,-3.11930134e+38; -4.39070358e+37,0.00862426623055686
33836,100000,-2.41126717e+38; -2.41370532e+38,2.70870566e+38; 1.83302906e+38,0.004424474099679659
31383,100000,-6.20215296e+37; -2.60087727e+38,-1.39361623e+38; -3.11951552e+38,0.00959268728945384
30289,100000,9.20441405e+37; -1.17392619e+38,6.49700342e+37; 1.7981356e+38,0.00629524684711657
30293,100000,-8.62926678e+37; 1.10574403e+38,-1.92392587e+37; 2.66727377e+38,0.008164602967255023
29547,100000,-7.79575304e+37; -1.08702114e+38,1.5450594e+38; -2.34208542e+36,0.0017008024171646602
38478,100000,-1.32422453e+38; 2.01981402e+38,3.037547e+38; 1.82681858e+38,0.004645223365324986
42221,100000,2.00334633e+38; 1.80042853e+38,-2.85345513e+37; -1.94343361e+37,0.0014245044202229017
34430,100000,-7.59731349e+37; 2.11851353e+37,3.31007018e+38; 6.07100386e+37,0.005622329615089488
28277,100000,4.32994762e+37; 7.87645928e+37,-1.59278726e+38; -1.60503581e+37,0.005054988987433615
36783,100000,2.00537234e+38; -7.83048616e+37,6.06407336e+37; 3.92561272e+37,0.00043669440940505717
29270,100000,-2.08235342e+38; -3.12852152e+38,3.7890619e+37; -1.67545907e+38,0.008144377059727046
28598,100000,3.26714226e+38; 1.22559563e+38,-2.14379593e+37; 2.14365923e+38,0.009016459558209441
31810,100000,5.24955359e+37; 1.50182146e+38,5.09201657e+37; 3.35101611e+38,0.004052917889108204
32424,100000,1.16127727e+38; 1.69198711e+38,2.14284611e+38; 1.5925243e+38,0.002293122555910862
30623,100000,9.07812563e+37; -2.98174685e+38,1.14932353e+38; 1.67079125e+37,0.007029363851781087
29508,100000,2.57801879e+38; -2.32010781e+35,-2.00038469e+38; -1.035955e+38,0.007596968913170704
29806,100000,-3.3675337e+38; -3.28936995e+38,-3.13375418e+38; -2.0888216e+37,0.003987873875778131
35567,100000,1.07952304e+38; -6.79655534e+37,-1.6400905e+38; 3.29769528e+38,0.008272658484776688
33879,100000,2.89055389e+38; -3.07702895e+38,-1.90251335e+38; -1.69481174e+38,0.0016351407367383374
30312,100000,3.10070481e+38; -1.7748372e+38,-6.05447015e+37; 2.39638759e+38,0.0016349695183870217
30011,100000,-1.07186288e+38; 1.5498282e+38,4.13029468e+37; 2.44918574e+38,0.006128203140709635
34727,100000,-2.83347676e+38; 1.80959699e+38,1.50567127e+37; -3.17892169e+38,0.0031816584402139234
35067,100000,-8.02667081e+37; 2.6441721e+38,2.19869311e+38; -6.14607109e+37,0.006012793037670171
30566,100000,-1.83973909e+38; 5.99045075e+37,1.71463901e+38; 4.23813118e+37,0.009433701236904053
30050,100000,-1.13076482e+38; 9.48255992e+37,2.57257804e+38; -1.42763865e+38,0.0025149020156794584
33459,100000,2.37693838e+38; 1.62302651e+38,-1.4069291e+38; -2.99294883e+38,0.00016086919997742552
29647,100000,2.73111752e+38; 1.2314037e+38,-1.45791329e+38; -1.65325622e+38,0.004582975154683092
33317,100000,-1.61003055e+38; -5.9277776e+37,-1.03105203e+38; -6.356028e+37,0.0024501072000286234
29744,100000,3.03159047e+38; -2.87755043e+38,-2.12385406e+38; -2.48269167e+38,0.0031695706350346638
30723,100000,5.94087091e+37; -1.28523474e+38,-3.13897913e+38; 4.89864053e+37,0.0028782575041246348
30182,100000,-2.88092928e+38; -7.70113205e+37,1.09021846e+38; -1.52330824e+38,0.0002801416373517617
31703,100000,6.71189403e+37; -1.89324061e+37,-2.41029868e+38; 9.2396091e+37,0.003893505693461615
30352,100000,-3.37953176e+38; -9.26896485e+37,1.16646196e+38; -1.28434454e+38,0.007568908921748694
29842,100000,2.46172108e+38; 1.65705704e+38,-3.21187168e+38; 2.94729272e+38,0.007012101818646391
35219,100000,-1.58986649e+38; 3.00199072e+38,1.01347692e+38; 1.96262919e+38,0.0060645822181957295
33558,100000,2.19966058e+38; -6.57051397e+37,-7.34111674e+37; -1.33696857e+38,0.0012383083117295639
31629,100000,-4.46987495e+37; -4.49162739e+36,-1.6454335e+38; -1.45348007e+38,0.004906684612707538
29508,100000,-1.88742911e+38; 1.23306534e+38,2.72544352e+38; 5.26753395e+37,0.008332084060892668
34067,100000,2.49637358e+38; -2.82214356e+38,3.03703224e+38; -7.58261369e+36,0.0015883692397219663
30064,100000,1.19909453e+38; 2.80852412e+38,-2.10066113e+38; 6.31633279e+37,0.005741129366592903
36802,100000,-2.85921757e+38; 5.71103571e+37,-4.27508675e+37; 2.91392308e+38,0.0046842514799829505
30167,100000,1.83768995e+38; -2.9438374e+38,3.11900461e+37; 1.80030055e+38,0.009801476356721272
30167,100000,-2.4844317e+38; 3.30117229e+38,-3.63510218e+37; -6.20667949e+37,0.006518070941462014
37873,100000,4.89761525e+37; 1.58711184e+38,1.7092737e+38; 2.35595825e+38,0.0027255897663939458
33331,100000,-1.79693833e+38; -2.28942668e+38,7.67500831e+37; 2.91660077e+38,0.009283855478426271
30765,100000,-2.42112381e+38; -5.29685369e+37,1.74227197e+38; -4.80940249e+37,0.006120260129614895
32719,100000,2.64716031e+38; -2.15675512e+37,-2.06057558e+38; 2.64359426e+38,0.0015841492248224415
30341,100000,-8.61074792e+37; -3.26455808e+38,2.20908678e+37; -2.90841945e+38,0.0025101183824622997
29504,100000,-3.37065577e+38; 8.80037324e+37,-1.96947653e+38; -3.27905047e+38,0.0026999933365642
31674,100000,5.0784451e+37; 2.80218668e+38,-2.04526318e+38; 1.17470037e+38,0.004609491537116793
30377,100000,-1.02286463e+38; -4.05278228e+36,-1.69634955e+38; 1.3683913e+38,0.009595306549227646
30732,100000,-5.43946337e+37; -2.47511781e+38,-2.9114539e+38; 1.18615993e+38,0.006251269489340094
31034,100000,-1.92643868e+38; 1.88571971e+38,4.21328472e+37; -1.66365471e+38,0.0007523255646204945
29480,100000,-1.5853925e+38; -1.82913747e+38,-4.64622695e+37; 2.88950489e+38,0.00020646508035929655
29915,100000,1.11665698e+38; -2.63078896e+38,-2.70546433e+38; 2.14458568e+37,0.009457344965473395
29666,100000,1.90692518e+38; -1.46884217e+38,-9.28968739e+37; -1.75794337e+37,0.009831534396912964
35955,100000,2.51116655e+38; -1.06308668e+38,3.26474513e+37; -1.60714721e+38,0.006214630172986363
38180,100000,2.1009175e+38; -2.52869887e+38,2.73730766e+37; -1.69234519e+38,0.00995426000496514
30381,100000,1.23957843e+38; 1.15583865e+38,-3.25638264e+38; 1.18465823e+38,0.002065375033810642
29068,100000,1.17094498e+38; -1.08220772e+38,2.44874622e+38; 4.73607853e+37,0.006838687270470646
30269,100000,-6.40251275e+37; -1.70505861e+38,-1.84990869e+38; 1.11299824e+37,0.0017855041708230417
34773,100000,-3.29905095e+38; 1.25592706e+38,-2.4302373e+38; 2.05365665e+38,0.006918401886286761
34154,100000,3.01095028e+38; -1.62124835e+38,2.74157675e+38; -3.28528264e+38,0.002133825935922913
29309,100000,3.2968996e+37; -7.74646881e+37,2.07413823e+38; 5.67523776e+37,0.0022611297720710848
29882,100000,1.34559874e+38; -1.98845478e+38,-2.6315891e+38; -8.39038838e+35,0.006996611567569299
31556,100000,-1.83065074e+38; 3.19284516e+38,3.0924308e+38; -1.22694583e+38,0.00012000033657946179
29575,100000,-1.16060245e+37; 9.68230717e+37,2.76825522e+38; 1.59339867e+38,0.009260860666435137
29518,100000,7.15263383e+37; 1.0639426e+38,1.24646542e+38; -2.6106463e+38,0.005519563931983422
29211,100000,1.62104005e+38; -2.12867803e+38,-2.70771223e+38; -3.0816511e+38,0.004786278970355572
29100,100000,-1.12573225e+38; 3.75991861e+37,3.39332968e+38; 2.00475312e+38,0.0032427824023640917
32235,100000,3.76597114e+37; 5.5325576e+37,1.35958833e+38; -3.04119987e+38,0.0006135947617500712
30149,100000,2.86780413e+38; 2.32417273e+37,-3.29292648e+38; 2.69464224e+38,0.005029697385527749
29094,100000,-2.4865435e+38; -1.15080851e+38,1.53101708e+38; -2.93940671e+38,0.0036092599078454885
31615,100000,-3.35549609e+38; -1.58062522e+38,3.35339706e+38; 2.02827889e+38,0.001294053455090109
32793,100000,5.61854336e+37; -8.03593024e+37,2.61376735e+38; -2.88599344e+37,0.003329782081244327
41959,100000,3.0318367e+38; -1.04530073e+38,-1.37817117e+38; 6.82133284e+37,0.0013544448725940018
30025,100000,-1.67993925e+38; 6.37638342e+37,1.45197752e+37; 1.49491338e+38,0.0037382222879737705
31689,100000,-1.50096808e+38; -3.0048544e+38,-2.10370511e+38; -1.64992362e+38,0.006067202163706682
30673,100000,1.25837343e+38; 1.81149522e+38,2.30121218e+38; -2.68454688e+38,0.004281835968350333
34707,100000,2.98525814e+38; -2.82319454e+37,-2.70835072e+38; 2.88541392e+38,0.0026417399758207794
32279,100000,-1.75285776e+38; 1.81730329e+38,3.38172956e+38; -2.90889568e+38,0.00413490523272445
30063,100000,-1.86953252e+38; -1.57790555e+38,-1.91442622e+38; 8.47422144e+37,0.003187335650546584
30190,100000,-1.44832174e+38; 6.30578593e+37,6.18964683e+37; -8.08737441e+36,0.0025361449407760367
42200,100000,2.66730277e+38; -1.69537954e+38,-2.88458174e+38; 1.06017402e+38,0.004265126647544715
36939,100000,-1.34597974e+37; -1.38488039e+38,-1.37071212e+38; -1.32787202e+38,0.00209590623404588
47027,100000,3.06457803e+37; 3.30813828e+38,9.48025584e+37; 1.23591053e+37,0.006359080094661228
42794,100000,2.92076373e+38; 2.54070261e+38,2.5647472e+38; 1.32435147e+37,0.009757421966915465
37996,100000,-7.71834421e+37; -1.39612101e+38,9.9273704e+37; 2.29356652e+38,0.003980749287051631
39651,100000,-2.15346537e+38; 7.44565685e+37,1.55785842e+38; 3.18747884e+38,0.006130263184487569
38099,100000,1.27388095e+38; 4.72438116e+37,2.62573803e+38; 1.75377813e+37,0.0016461677941618847
29543,100000,1.12411483e+38; 1.45394415e+37,-2.54952201e+38; -7.74517226e+37,0.009917194309456843
30192,100000,-2.76735326e+38; 7.8862785e+37,1.81586081e+38; 7.21538558e+37,0.0032043705823455956
31931,100000,-2.84423658e+38; -2.73413859e+38,-2.15797719e+38; -3.32731611e+38,0.009329295088973778
29667,100000,-1.19172543e+38; -2.44108373e+38,7.43174463e+37; 3.35949517e+38,0.00042040127666820537
29530,100000,-1.47910192e+38; 3.6272103e+37,-5.94768884e+37; 2.25036499e+38,0.001929429499330096
30242,100000,1.358875e+38; 8.04782384e+37,9.62221445e+37; -8.49172263e+37,0.0068121891215551286
29653,100000,-1.06651578e+37; -1.65005059e+38,-8.09455705e+37; 7.90460214e+37,0.003052294844338078
29476,100000,-3.05999776e+37; -1.57592649e+38,1.56007447e+38; -2.99414569e+38,0.005483922972937835
35022,100000,-1.58107528e+38; 2.36039746e+38,1.64572212e+38; 1.32507852e+38,0.0018021376787647227
29541,100000,2.15630754e+38; -3.10332529e+37,5.63820665e+37; 2.64330361e+38,0.007714926466451646
31400,100000,-1.92592756e+38; -1.461842e+38,-2.34210314e+38; -2.46831692e+38,0.0008644748469285952
29860,100000,7.6811483e+37; 5.10903351e+37,1.57968756e+38; -1.43700953e+38,0.0002580123117556822
35788,100000,-1.46274264e+38; 1.48402456e+38,-8.47688541e+36; -1.55827765e+38,0.001721658074273303
29672,100000,-5.98098799e+37; -1.28099186e+38,-1.9229426e+38; -1.67017307e+38,0.000522706406229368
37466,100000,-2.49063487e+38; 2.37055246e+38,-2.85374071e+38; 1.50414218e+38,0.0038121720102170962
34927,100000,-3.32099855e+38; 1.8694301e+38,-2.12402849e+38; 8.44335212e+37,0.007791630622697125
29303,100000,-2.22475297e+38; -2.85475037e+38,6.52669991e+37; 1.15166747e+38,0.009183056136302978
29480,100000,1.9775177e+38; -7.0732069e+37,-7.29750044e+37; 2.60223985e+38,0.008558207220402266
34094,100000,-5.28184725e+37; -5.31004861e+36,-2.24296373e+38; -1.64838723e+38,0.00786803690502237
30085,100000,2.09442547e+36; -8.60305886e+37,2.82169389e+38; -2.92831345e+38,0.001968830118583188
29752,100000,2.52895098e+38; 1.62497129e+38,-2.40569397e+38; -2.33384556e+38,0.004944972503889582
29273,100000,-2.9774841e+38; -1.52993177e+38,-2.97697805e+38; -1.80373821e+38,0.00013127140994760125
28734,100000,1.72485546e+38; -2.78602342e+38,2.83331957e+38; 2.0291703e+38,0.002639269152759618
31433,100000,-1.66196052e+38; -2.88456267e+38,2.10962433e+38; -2.97496299e+38,0.0009058496746409344
31999,100000,-3.06557101e+38; 2.06234847e+38,-2.34663382e+38; 1.98474614e+38,0.009715901879546875
32709,100000,2.79778682e+38; 3.31696924e+38,2.35315169e+36; 6.32271617e+37,0.00802174488681809
34829,100000,1.04917923e+38; -2.92749911e+38,1.03473785e+38; -9.74113934e+37,0.004696929722021372
31282,100000,-1.64454107e+38; 3.54820829e+37,1.70761707e+35; 7.57808577e+37,0.005666662987340844
37845,100000,-1.52016275e+38; -1.74847595e+38,-1.31724819e+38; -2.6687122e+38,0.0006521573038788944
29676,100000,8.12742013e+37; 3.33612806e+37,-7.26918923e+37; -1.57451382e+37,0.006767968901878201
33547,100000,3.86440826e+37; -2.31342888e+38,-1.29188301e+38; -2.10323862e+38,0.0015282994523031152
30520,100000,6.54946286e+37; 5.32200033e+37,-1.7506847e+38; 1.35235288e+38,0.0017354315561915355
36427,100000,2.84755904e+38; 3.15304742e+38,1.36318062e+37; 3.79118268e+37,0.007945410010631732
28987,100000,-1.96600885e+38; 3.48236499e+37,2.80823347e+38; -1.80719373e+38,0.008579753677065862
30114,100000,2.15602095e+38; -2.89488155e+38,-2.9461139e+38; 3.03380571e+38,0.0027517645468652235
36926,100000,-9.91662884e+37; 2.07060767e+38,-2.88926089e+38; -2.77647305e+38,0.0035963891982945637
30800,100000,-1.39252118e+38; -1.50932636e+38,1.4021103e+38; 2.10213282e+38,0.004392976124311692
30097,100000,-3.2106089e+38; 6.41995663e+37,1.86993736e+38; 1.91122018e+38,0.0026932510852079247
29908,100000,3.53122608e+37; -2.49334886e+38,-1.83557389e+38; 1.92860626e+38,0.009630893686041891
33198,100000,2.34267307e+37; 4.01190651e+37,-3.39857303e+37; 2.68573482e+37,0.003191453896848908
33194,100000,-6.82360954e+37; 2.8903249e+38,-3.2350563e+38; -1.91831943e+38,0.0018049601721404941
29855,100000,-3.17059373e+38; 1.60985937e+38,-3.40833876e+37; -7.48331165e+36,0.006587884933592871
29430,100000,5.53556599e+37; 1.44733531e+38,3.7644857e+37; 1.77428815e+38,0.00818797407321292
34262,100000,3.10038353e+38; 9.97407369e+37,1.98277125e+38; -1.49168574e+38,0.00526267900019132
35164,100000,6.18558223e+37; 2.8127674e+38,2.73150775e+38; -1.44830105e+38,0.0010773465964287877
29700,100000,-3.28158891e+37; 1.16472878e+37,2.27578676e+38; 2.49021239e+38,0.009071536949988177
28600,100000,2.081792e+38; 2.57749855e+38,-6.08872207e+37; -2.99239207e+38,0.008181193931208405
30604,100000,1.02539709e+38; -1.0029539e+38,2.3436304e+38; -2.06733368e+38,0.001158210060795096
35328,100000,-2.57699835e+36; 1.96942684e+38,2.20263338e+38; -1.30802253e+38,0.006764731240469176
30063,100000,4.43710517e+37; 2.53403071e+38,-3.08196082e+38; 1.80618965e+37,0.007625394192564445
29994,100000,-2.91660644e+38; -2.3385667e+38,-1.4469901e+38; 3.28260395e+38,0.008651379992318084
30809,100000,-2.56874649e+38; -9.77994263e+37,1.49203662e+38; 1.31801081e+38,0.005642411181086083
32434,100000,-2.34543797e+38; -1.57350112e+38,2.45107079e+38; 1.68355398e+38,0.0038708529291797953
33824,100000,-2.62264821e+38; -2.1888673e+38,-2.16820054e+38; -1.47884464e+38,0.00443365908411952
30267,100000,-1.07457859e+38; -2.05327554e+38,-1.38178743e+38; -9.81465294e+37,0.004711818579147351
29188,100000,2.7071571e+38; -1.66508391e+38,3.13664442e+38; -3.19220484e+38,0.003239959013741398
29659,100000,2.10695415e+38; 1.71241595e+37,-2.7901369e+38; 3.04945136e+38,0.0024123532549428614
31539,100000,-3.23420038e+38; -2.27910881e+38,-1.20380259e+38; 2.19708675e+38,0.004332222163838632
30449,100000,1.54182608e+38; -6.44985493e+37,1.75353638e+37; -2.98231638e+37,0.002285639573998352
32434,100000,2.67263279e+38; 4.17012629e+37,5.42376073e+37; 2.76556111e+38,0.002088694809514427
31499,100000,6.18517202e+37; 2.12351302e+37,1.54094644e+38; -1.64837283e+38,0.00460846502093984
31231,100000,2.81565359e+38; 1.13626693e+38,-1.60933933e+38; 1.13668536e+38,0.003448642822478918
30783,100000,1.01332947e+38; -2.80803187e+38,2.96334503e+38; 2.29506377e+38,0.009025272025069142
29205,100000,-1.83046779e+38; -2.97296639e+38,1.82493211e+37; 3.06853244e+38,0.00903333370395109
34847,100000,1.45306894e+38; -3.04350253e+38,-6.57677008e+37; 1.29135486e+38,0.0025696194503933697
34355,100000,2.83679273e+38; -2.38912709e+38,-3.37683785e+38; -2.9219468e+38,0.0026445951553660508
32057,100000,-2.72787234e+38; 2.20500966e+38,-8.63396418e+37; 2.16184261e+38,0.0007007808654188891
29487,100000,-2.10039807e+38; 2.84680798e+38,-1.6691988e+38; 1.34420635e+38,0.009117204208648817
30547,100000,-1.22629974e+38; 1.4024404e+38,-1.03750123e+38; -2.45269987e+38,0.0015638021339939245
33118,100000,-9.11103079e+37; 1.01348351e+38,-2.22891573e+38; 2.38878148e+38,0.004316722606821782
36691,100000,2.09896978e+38; -2.24500617e+38,1.46184392e+38; 4.09971895e+36,0.004837800595084508
30814,100000,-1.11518256e+38; 2.24819913e+37,-2.52811474e+38; 1.43877288e+38,0.0036469785916620878
29729,100000,-1.60892577e+38; 2.83663432e+38,1.84532953e+38; -2.98709269e+38,0.007067064289635202
29190,100000,2.3376475e+38; 9.01205374e+35,-1.41498223e+38; 2.32870356e+38,0.005320257952409219
30499,100000,-8.9022599e+37; 2.33977796e+38,7.95984585e+37; -2.19466503e+38,0.004730763160840599
31416,100000,-2.6001755e+38; 1.00806456e+38,1.75678707e+38; -1.21783738e+37,0.007363725226429427
34197,100000,-3.33910993e+38; -1.53731974e+38,-1.95787844e+38; -9.82124472e+37,0.0036877479349325232
32541,100000,9.21934596e+37; -5.79278041e+37,-1.3649728e+38; 1.75079646e+38,0.0001265588608538836
29805,100000,-1.91548739e+38; 1.33257165e+38,2.7486038e+38; 2.80338212e+38,0.0074573213178790836
35213,100000,-2.75565619e+38; 1.79233281e+38,-2.42745415e+38; 3.03612075e+38,0.002493990817321287
30268,100000,-2.09010677e+38; 9.68615373e+37,-2.33890419e+38; 2.26449108e+38,0.008182677490865707
33159,100000,2.5759725e+38; 2.05506404e+38,3.10142524e+38; 2.72688458e+38,0.007370724375117113
29919,100000,2.2821532e+38; -1.33391445e+38,-1.93604321e+38; -1.4151241e+38,0.008453986225535236
30636,100000,-3.39582056e+38; -3.25830339e+38,2.67541878e+38; 1.99129858e+38,0.0019792378272605903
30504,100000,-1.57400626e+38; 2.05811553e+38,-1.92560649e+38; 9.4652054e+36,0.005658749856843998
32628,100000,1.27072146e+38; -1.96178159e+38,-3.317943e+38; 2.36899132e+38,0.006613641320918452
36726,100000,-1.18011192e+38; 3.73699391e+37,-2.02837949e+38; -3.13944583e+38,0.004591705283216846
33977,100000,3.3295127e+38; -2.88996104e+38,-2.15108462e+38; -1.73706953e+38,0.00885273915629537
37938,100000,1.55548588e+38; -1.41694262e+38,-3.26580605e+38; -1.5238836e+37,0.0008674870678616242
33472,100000,-2.95946774e+37; -1.03317733e+38,-2.30994396e+38; 5.16776883e+37,0.005040039106436389
36283,100000,1.00124085e+38; -2.17125101e+38,-2.43712541e+38; -3.057297e+38,0.009165708580064949
29930,100000,-2.06790808e+38; -5.34465528e+37,-5.37183472e+37; 2.8387013e+38,0.005623866781410668
32056,100000,9.49962655e+37; -2.51123267e+38,-6.70456752e+37; 2.15176109e+37,0.0015260663090103529
29734,100000,5.90403957e+37; 1.72681231e+38,1.58158214e+38; 8.52468053e+37,0.007103584783264099
31580,100000,1.69255917e+38; -1.17110065e+38,-8.14941995e+37; -2.88837313e+38,0.005106807596391902
29866,100000,1.83853573e+38; 2.38965241e+38,-1.06737752e+38; 2.19356187e+38,0.006511308675985072
33386,100000,8.61174886e+37; 1.27069063e+38,-2.99143921e+38; 5.03023888e+37,0.00785869901345791
29970,100000,8.77618647e+37; 3.97522501e+37,2.68779612e+38; 2.19727233e+38,0.009163037607259667
29009,100000,-2.36196428e+38; -2.61475323e+37,1.01497254e+38; -2.96880708e+38,0.003947355694597022
44546,100000,-1.43284211e+38; -3.39246423e+38,-1.93240617e+38; 1.16295199e+38,0.0012533205731655504
32217,100000,8.12336466e+37; -2.8991084e+38,3.18790548e+36; -7.83437785e+37,0.005581176351245783
32634,100000,-3.20876923e+37; 2.69879e+38,1.91704711e+38; -2.04266175e+38,0.002483164412897585
29347,100000,1.52059291e+37; 1.2350807e+38,-3.23018588e+38; -5.39760555e+37,0.007725763387417917
29726,100000,7.94025507e+37; 2.13468629e+38,-2.12862145e+38; -2.62533441e+38,0.007556810180730778
35776,100000,3.27410156e+38; 2.59883686e+38,-2.76006858e+37; -3.16663501e+38,0.008836051324972298
29741,100000,-4.45805335e+37; -3.21371454e+38,-9.27681313e+37; -3.20655018e+38,0.00833273432039699
29416,100000,-4.75667076e+37; -1.90427386e+38,-3.37873608e+37; -2.26633454e+38,0.002651418238997766
36554,100000,-3.00550627e+38; -1.81633156e+38,2.05544008e+38; -2.85212258e+38,0.007770043279248937
31561,100000,2.83038714e+38; -2.78511599e+38,-2.62970791e+38; 3.26296104e+38,0.006223689231417693
30343,100000,-3.29059055e+38; 1.47190329e+38,2.10495897e+38; -8.13069219e+37,0.004642208533591649
30091,100000,7.80712133e+37; -1.53333475e+38,3.13189996e+38; 1.49187304e+38,0.003531616039145172
33206,100000,2.23120947e+38; 7.76330169e+37,1.13708938e+38; 2.74240818e+37,0.009418835789106152
29948,100000,1.47313362e+38; -3.28026599e+38,1.02341479e+38; 3.065628e+38,0.005284999188692205
33598,100000,-7.00737172e+37; 1.82309392e+38,-1.53098605e+38; -8.15993993e+37,0.0065832193051231945
31246,100000,-6.13716609e+37; -2.75500148e+38,-2.68144245e+38; 1.59803901e+37,0.0002614270760988433
30087,100000,-2.61556782e+38; 1.19897706e+36,-3.36654899e+38; 1.82190152e+38,0.005315082326253374
29727,100000,-2.78284218e+37; -3.05933457e+38,-1.8180075e+38; -1.95260725e+38,0.004729725686382356
35107,100000,-3.8479283e+37; 3.63567922e+37,-1.33600597e+38; -3.57503e+37,0.00650890030947651
30421,100000,-7.84138694e+37; -3.139774e+38,2.58560482e+38; 1.60610287e+38,0.005666260317199993
29691,100000,-3.19107572e+38; -1.64737255e+37,-1.51914852e+38; -1.44206715e+37,0.005736440502439998
30157,100000,1.24465106e+38; -3.20869464e+38,-5.01180775e+37; 2.92537676e+38,0.0026904246307863904
36669,100000,-2.2959568e+38; 2.18446115e+38,1.34413988e+37; -3.17721229e+38,0.004153047032253113
32892,100000,5.40061698e+37; 1.72030977e+38,1.1173617e+38; 2.96925613e+38,0.005621812961937463
30424,100000,-3.28549784e+38; -3.14876803e+38,8.50208897e+37; 9.14175662e+37,0.005815324470516524
29804,100000,5.38691723e+37; 2.34552701e+38,4.42853636e+37; 9.14930573e+37,0.005012626935528013
29656,100000,-2.97047409e+38; 1.03170634e+38,-7.48539668e+37; -1.56928309e+38,0.003082438145231528
31881,100000,1.14164015e+38; -1.8595479e+38,5.79996951e+37; 1.86284399e+38,0.006919181859246825
34732,100000,2.13176055e+38; 6.90374433e+37,-1.4919203e+38; -3.20589121e+38,0.007967633011576655
30162,100000,-2.77899942e+38; 2.38655325e+38,-2.83818187e+38; -2.57862706e+38,0.007113227505546457
30042,100000,2.85767996e+37; 2.26388402e+38,-1.44635577e+38; -1.87467371e+38,0.00452323940995472
31187,100000,-1.73247333e+38; 1.76721243e+38,1.76113217e+38; -1.73995429e+38,0.00833802884986875
33104,100000,6.72510346e+37; -1.34077021e+38,2.00227826e+38; -2.7765272e+38,0.0014385131940558256
32440,100000,2.62078284e+38; -1.16741737e+38,3.03283276e+38; 5.45358551e+37,0.0011114983918622382
38426,100000,-2.6052314e+37; 1.48440516e+38,-3.33387646e+38; -3.40190346e+38,0.0013401560310308126
31957,100000,-2.58713351e+38; -2.47657876e+38,-1.33558258e+38; -3.31255498e+38,0.0014071969437657145
30712,100000,-3.0150532e+38; -2.77771656e+36,5.33963335e+36; 3.13377548e+38,0.0008630523326041842
30094,100000,-1.52965349e+38; -3.06927539e+38,-1.47298495e+38; 3.00353685e+38,0.0044362395049907435
31560,100000,-3.36092467e+38; -1.25764204e+38,-1.76031053e+38; -1.11947776e+38,0.006318660856745646
30712,100000,1.17423935e+38; 3.39563619e+38,9.16981226e+37; 1.97973497e+38,0.008286816366950315
31703,100000,2.88714706e+38; 3.57554695e+37,-2.87689551e+38; -7.13336909e+37,0.002862648382692102
30163,100000,1.40986508e+38; -2.06266264e+38,-2.15828853e+38; 2.23522599e+38,0.0008418216592271831
29628,100000,7.47710472e+37; 8.16868723e+37,-1.10492868e+38; 3.12882779e+38,0.0012176293502157184
29745,100000,-1.76475907e+38; -2.85736071e+38,1.53150862e+38; -2.29354583e+38,0.0016892282987587635
30081,100000,8.02282425e+37; 1.47747831e+38,-2.03783048e+38; 1.01209538e+38,0.001796505455226893
31029,100000,1.86317825e+38; -3.39703122e+38,-1.432854e+37; 1.17042606e+38,0.007538265870975556
32849,100000,1.87092552e+38; 5.47256629e+37,1.04561582e+38; -2.84937472e+38,0.002212054969790469
34844,100000,1.6495126e+38; -4.79144647e+37,-3.32441674e+38; -1.08850419e+37,0.005333502509894912
30524,100000,2.49450947e+37; 1.7562506e+38,-2.64693051e+38; 1.12098708e+38,0.006486800072507442
32362,100000,1.19386279e+38; 2.72962271e+38,3.06259051e+38; -4.09386113e+37,0.007568500442391871
30198,100000,-1.27728028e+38; 2.92613167e+38,-8.84354194e+36; 2.61250011e+38,0.00002209597973729936
30007,100000,2.55770819e+38; 2.39364196e+38,-5.89487344e+37; -3.3492917e+38,0.0012610170329526245
29831,100000,-2.89582123e+38; -2.33144524e+37,2.64944492e+38; -8.86561871e+37,0.008653964869989296
29722,100000,2.40048047e+37; -1.06338006e+38,-1.47672584e+38; -2.81561262e+38,0.00044579802772609704
30216,100000,-1.86618451e+38; -2.00115218e+38,1.16720045e+38; 2.08455426e+38,0.008446750837761847
29971,100000,-2.71237394e+38; -1.44529662e+38,-2.92886594e+38; 2.50095091e+38,0.002965382121175902
30613,100000,-9.12402269e+37; 2.48908002e+38,-1.52022268e+38; -6.2297918e+37,0.003276384663481787
36591,100000,-1.83595682e+38; 3.09300479e+38,-1.03865915e+38; -1.3933053e+38,0.003340788446954491
36589,100000,-1.03801255e+38; -8.07600676e+36,2.3098608e+38; 8.62490302e+37,0.002179833689525151
30210,100000,3.31252395e+38; 3.08643573e+38,-2.53009349e+38; -8.47843359e+37,0.006965256271104859
29861,100000,1.91369605e+38; 4.98737962e+37,2.88131992e+38; -6.8851773e+37,0.007100787981504476
29708,100000,1.67494991e+37; -2.67287618e+38,3.2940412e+38; 7.52454477e+37,0.005309500543458517
30920,100000,1.32322668e+37; -2.77050981e+38,-3.01866753e+37; -2.80080139e+38,0.005308688280839658
30152,100000,3.10779533e+38; 1.68561579e+38,-1.69806372e+38; -1.02951812e+37,0.009252859984001473
29835,100000,-5.29394317e+37; -2.38181934e+38,2.24665272e+36; -1.4046099e+38,0.009850978791324542
29705,100000,5.49791525e+37; -1.61260206e+38,3.28422552e+38; -1.58550953e+38,0.006873581090829061
37119,100000,-8.50939469e+37; -5.64913329e+37,-3.24227927e+38; 3.22032356e+38,0.007905158557962984
30536,100000,-2.97083512e+38; 6.07659572e+37,-2.74270932e+38; 2.69354091e+38,0.0049978545042349285
30363,100000,-9.04140331e+37; -1.58040667e+38,-1.72295926e+38; -1.18056838e+38,0.000527035170534462
29947,100000,-6.10965047e+37; 7.58472471e+37,1.41171686e+38; -1.36331816e+38,0.005179131205528067
37685,100000,1.10402591e+38; -5.29415461e+37,-2.89154271e+37; 1.36248476e+38,0.009522861425306738
31141,100000,-2.55660635e+37; 3.09567198e+37,-1.92911007e+38; -5.0196611e+37,0.004700887778300277
30814,100000,3.26983799e+38; -2.88502308e+38,-8.78433492e+37; 3.28330491e+38,0.003177687721792419
30263,100000,2.11780017e+38; -5.12703973e+37,-1.21243022e+38; 1.62454089e+38,0.008030630467172813
34760,100000,-1.82406139e+38; -3.340325e+37,-7.2455369e+37; -1.08215975e+38,0.005205608184632739
38724,100000,-8.2272177e+37; -1.58866364e+38,-2.6811512e+38; -2.1738141e+38,0.0023823733165996945
34595,100000,6.15449792e+37; -9.35519653e+37,5.74858758e+37; 1.46729401e+38,0.0048320032379721095
35850,100000,-2.04906937e+38; -2.68443046e+38,1.61784293e+38; -2.22198381e+38,0.006160503863292023
31950,100000,-2.93473608e+38; 2.78744035e+38,2.94176495e+38; 5.91862921e+37,0.006423114369348117
37166,100000,1.20619672e+38; -2.71247028e+38,3.21505703e+38; 1.76792092e+37,0.00977960256163774
37553,100000,2.81309922e+38; -1.25160164e+38,3.27643931e+38; -2.96134396e+38,0.0009292312149066215
36885,100000,2.62092136e+37; 3.0776074e+38,-3.17718039e+37; 3.38917584e+38,0.0031964813603213562
38047,100000,-1.48444289e+38; -2.13536981e+38,1.10481601e+38; 2.88598974e+38,0.006367588889973301
38164,100000,5.26965809e+36; 2.0649215e+38,4.35326479e+37; -1.87036066e+38,0.006423929995976465
36073,100000,-6.9246702e+37; 2.32700268e+38,2.16094207e+38; -1.5480323e+38,0.007573623495319916
33193,100000,-3.28790475e+38; 5.84163161e+37,-1.65005799e+38; -2.25537393e+38,0.005168161838159627
37320,100000,1.33034393e+38; -2.01657614e+38,-2.30014248e+38; -7.04249021e+37,0.007420633602322978
30564,100000,1.28676657e+38; -1.94978191e+38,1.35129992e+38; 1.8422752e+38,0.0011614178931523855
29893,100000,-3.71204325e+37; -8.5778823e+37,-6.65610676e+37; 2.90629892e+37,0.006656303347411762
31280,100000,-9.47879753e+37; -2.99409995e+37,-3.33545707e+38; -1.43654496e+38,0.008657677311001404
33721,100000,-8.27187703e+37; 3.31241179e+38,-3.039457e+38; 2.00798938e+38,0.0020225091937214855
44726,100000,2.74611251e+38; 4.26580754e+37,2.20692716e+38; -2.24328825e+38,0.008415802782645051
44524,100000,1.34716918e+37; -1.38177029e+38,-3.21264444e+38; -2.50726361e+38,0.00651953148612936
42579,100000,3.1278522e+38; -3.02141827e+36,-6.70085634e+37; 3.34613251e+38,0.004596458257902474
37631,100000,2.62680813e+38; -1.5048518e+36,1.59511345e+38; 2.85614965e+38,0.008064492688070937
38012,100000,3.07132918e+38; 2.45706606e+38,-1.08238174e+38; -1.62048319e+38,0.001020711558835471
35643,100000,3.04271435e+37; -3.17442832e+38,-1.68396734e+38; -1.7523148e+38,0.002083448535794988
32465,100000,2.39138473e+38; 1.85200142e+38,-1.25287e+38; -1.39495264e+38,0.006428605558182912
37732,100000,-6.11913148e+37; -1.53284361e+38,-6.05371234e+36; 2.68239735e+38,0.0006096680638939147
36371,100000,-1.66779374e+38; -2.74454549e+38,1.28847475e+38; 3.07386307e+38,0.008185701338085749
37413,100000,1.03981231e+38; 2.21523869e+38,-2.26240767e+38; -6.65199906e+37,0.009543211872612251
30771,100000,-2.03715366e+38; -3.30254277e+38,2.72423631e+38; 7.87115797e+37,0.001907896846128151
33250,100000,-3.84137885e+37; -4.07142042e+37,4.54968522e+37; -3.27187922e+38,0.002817145287815948
30458,100000,-3.27514347e+38; 2.21005025e+38,-2.83014152e+38; -6.49087002e+37,0.0007377498603699224
36729,100000,1.88709466e+38; 1.47697237e+38,1.68362112e+38; -1.21008466e+38,0.00038791842470926755
32864,100000,-2.10212065e+38; 1.49386853e+38,-1.5925246e+37; -3.26773816e+38,0.006345632944783498
31047,100000,3.00556753e+38; 1.87607966e+37,3.06842271e+38; 1.22232892e+37,0.006230383359079331
38369,100000,1.33298037e+37; -1.9894975e+38,1.53576134e+38; -2.60814385e+38,0.0031492860081525275
33454,100000,-2.53008517e+38; -1.92483617e+36,-1.90509365e+37; -1.87495827e+38,0.004208381541652675
30521,100000,4.58887489e+37; 4.82963673e+37,-7.93927441e+37; -1.29834762e+38,0.0008553163185402843
30518,100000,-2.63447772e+38; -2.49553936e+38,-1.20816118e+38; 6.08491455e+37,0.0052114711749348475
37209,100000,-2.60394195e+38; 1.51373647e+38,-3.11906586e+38; 1.76522902e+38,0.009937534830615094
31031,100000,-2.59850545e+38; -5.69289512e+37,-3.04964729e+38; -1.32882073e+38,0.003300947616788799
29221,100000,-2.1956828e+38; 1.70447286e+38,1.85759795e+38; -2.83474055e+38,0.006720635388164171
32393,100000,6.33535262e+37; 2.05260379e+38,-1.66541766e+38; -9.08650125e+37,0.0014358325522950452
30521,100000,-1.08478267e+38; 2.11660533e+38,2.84767079e+38; -1.92724977e+38,0.0002354326065775508
30181,100000,3.04251457e+38; -2.14920403e+38,-2.58991078e+38; 1.94415212e+38,0.00275352061843214
31466,100000,-8.0878887e+37; 1.63409201e+37,-2.7770012e+38; 3.57102194e+37,0.006872927756269104
34284,100000,1.47191586e+36; 2.91149244e+38,2.83050437e+38; 2.11902969e+38,0.007226739281413675
29865,100000,-3.33097455e+37; -1.81949724e+38,2.973771e+38; -3.34398744e+38,0.002848739803260711
29671,100000,-1.33514498e+38; -2.90265559e+38,-2.15684929e+38; -2.39709483e+38,0.00914954507567939
29136,100000,-3.37008816e+37; 2.50459789e+38,-5.08774915e+37; -4.61150803e+37,0.007546541311678816
34638,100000,1.09545183e+38; 1.24938507e+38,3.09457926e+37; 2.88337554e+38,0.003385177163986775
34496,100000,2.28750471e+38; 2.26597413e+38,-1.44309223e+38; 1.33568865e+38,0.0072951939533996485
30542,100000,-2.0154813e+37; -4.08762657e+37,-7.19410325e+37; -2.11298432e+38,0.002908624854408963
29693,100000,-2.91446036e+38; -2.14513092e+38,-2.05358809e+38; 3.04012307e+38,0.008591325923866808
29133,100000,-2.86998266e+38; -1.78001428e+38,-5.27916452e+36; 2.74317764e+38,0.003742865658453384
36214,100000,1.07635908e+38; 3.37318803e+38,-2.94043888e+38; 2.49065074e+37,0.004850148183194843
31082,100000,-2.90255581e+38; 2.0513483e+38,4.22104072e+37; -2.53240305e+38,0.007096128143372197
32021,100000,-1.50622802e+38; -5.291745e+36,1.69228323e+38; 1.63292868e+38,0.009967369817852192
31533,100000,1.05815674e+38; -8.02025954e+37,2.84991869e+38; 2.14979978e+37,0.0011451664720356905
31841,100000,-2.08580467e+38; -1.26074403e+38,-3.28555544e+38; -1.20726196e+38,0.0015481306798990283
34201,100000,-2.02595676e+38; 1.66082379e+38,8.60838299e+37; -2.92398011e+38,0.007732569552444978
30303,100000,-1.61247803e+38; 2.83676753e+37,-4.49950603e+37; 5.82508573e+37,0.00037592392570077245
30387,100000,1.43284449e+37; 5.84759261e+37,-2.66322357e+38; -2.09720196e+38,0.004741925164629751
35545,100000,1.06531805e+38; -2.21156636e+38,1.04775144e+37; 2.30014836e+38,0.004859938135794937
32512,100000,2.01033464e+38; 2.98457341e+38,-1.18026465e+38; 2.87823355e+38,0.007908642942391943
31230,100000,-1.30601062e+38; 2.46172169e+38,2.12414552e+38; -6.68876245e+37,0.009259741732740492
30671,100000,-8.09613299e+37; 1.97592269e+38,3.37763738e+38; 3.04951342e+38,0.008342802962648232
31317,100000,-7.74863244e+37; 8.99594435e+37,-1.63856354e+38; -2.88996144e+38,0.005553534459915607
32251,100000,2.44782459e+38; -2.20453384e+38,-1.1164783e+38; -2.76965126e+38,0.009995131455873529
32450,100000,-2.51099415e+38; -2.74299916e+38,2.5705212e+38; 2.28007223e+38,0.0004546171776726898
30998,100000,2.04062723e+38; -1.52426872e+38,-3.35747605e+38; -7.34197773e+37,0.0090375083851549
29847,100000,1.43265317e+38; 3.16751932e+38,-8.07123887e+37; 1.28939486e+38,0.009901568361791934
31646,100000,2.76450683e+38; -2.86910585e+38,-3.26001147e+37; 1.39934439e+38,0.007225231143199184
33903,100000,9.74764898e+37; -3.21152242e+38,-1.46180407e+38; 1.9377771e+37,0.008873747412713615
35497,100000,1.52323005e+38; -1.86776978e+38,-3.14733995e+38; 2.15214478e+38,0.0010844405423650323
29462,100000,-3.29233991e+38; 3.15067519e+38,-2.71611625e+38; 1.61516586e+38,0.004575263460557045
36070,100000,-1.77082027e+38; 1.33288512e+38,-2.82451923e+38; -2.57509955e+38,0.002880143956694649
39383,100000,1.05497321e+38; 1.98449221e+38,2.81409428e+38; 2.64196781e+38,0.00548191415861354
34045,100000,4.75410098e+37; -2.87623674e+38,-2.05092055e+38; -1.61830953e+38,0.0002907870904468457
31167,100000,8.42565471e+37; 2.88495128e+38,8.41590343e+37; -7.63406319e+37,0.0019495797275475425
30933,100000,2.91856573e+38; 2.22319802e+37,3.20847356e+38; 6.84665746e+37,0.006841184489730135
33757,100000,2.61488228e+38; -2.34488446e+38,-3.01752847e+38; -1.14176468e+38,0.008165589718247152
30263,100000,8.12384028e+37; -1.64282366e+38,1.3278133e+38; -2.40579538e+38,0.004431878749974026
30959,100000,-3.2952336e+38; -1.2233741e+38,-3.26431124e+38; 8.19147299e+37,0.00015701432526038847
32572,100000,-1.01733889e+38; 2.371898e+38,1.3824391e+38; -2.75461895e+38,0.003688965257703371
41850,100000,1.40890389e+38; 3.11605251e+37,-1.71472987e+38; 1.21410798e+38,0.002083627403432791
48508,100000,5.00547566e+35; 1.9332663e+37,2.32444324e+38; -3.08469144e+38,0.003039058236075982
40013,100000,-1.56664334e+38; 6.74292067e+36,1.13247148e+38; -2.84825249e+38,0.002433318131009556
39393,100000,-3.26211182e+38; -3.02430645e+38,-2.1587248e+37; 3.03839785e+38,0.006186528577429721
46643,100000,-1.29290707e+38; -3.03228555e+38,1.36022804e+38; -2.51804736e+38,0.004968868843497509
49172,100000,2.49008096e+38; -2.89815478e+36,-1.3511473e+38; -1.66088304e+37,0.0042772238825473695
36033,100000,-1.14618838e+38; -4.92375522e+36,-2.65898252e+38; -2.95930376e+38,0.0020637603839136895
30680,100000,2.76095984e+38; 1.39188251e+37,3.2100562e+38; 1.59358862e+38,0.009268657150258425
36114,100000,2.17752497e+38; 2.91124945e+38,1.17833792e+38; 4.69226194e+37,0.0011987077636344985
35297,100000,8.92827919e+37; -3.14021291e+38,2.90633888e+38; -1.36117107e+38,0.0015767632636000462
31805,100000,-3.29630963e+37; 1.0845694e+38,3.24583437e+38; 2.05127934e+38,0.0002780648970872087
31578,100000,-7.73984762e+37; -1.60975512e+38,-7.15995528e+37; 1.18541963e+38,0.005717901457414834
30573,100000,-4.16702866e+37; -2.96177476e+38,8.92425262e+36; -2.30831203e+38,0.0017225755318331984
30072,100000,1.80891408e+38; -8.47690177e+37,-8.01708636e+37; 1.82752035e+38,0.004074439342107138
36360,100000,-1.01723484e+38; -3.19626132e+37,-7.33630525e+37; 2.19569111e+38,0.004216607745790272
33116,100000,-3.32156524e+38; -1.94009259e+38,-7.69580995e+37; 5.79212884e+37,0.009365253815583858
29856,100000,2.76361217e+38; -3.3454283e+38,1.81460735e+38; 6.63000127e+37,0.0008702218932633477
31600,100000,4.58018793e+37; 6.33090519e+37,2.42989392e+38; 2.29961595e+38,0.009129579643328183
29766,100000,-1.37018771e+38; 2.05380471e+38,1.84200078e+37; -2.52624186e+38,0.009690176721279888
32008,100000,-1.02027447e+38; 3.03724338e+38,-1.11953465e+38; -2.63170552e+38,0.0028745657823664524
31178,100000,1.22176753e+38; 8.07691591e+37,-2.4038144e+37; -4.26663253e+37,0.005258057429456827
28640,100000,2.66019561e+38; -8.31674882e+37,-2.2525348e+38; -3.21418976e+38,0.004288632505102003
28791,100000,-2.70223557e+37; 3.39960794e+37,-5.69026247e+37; -2.81999666e+38,0.005369830862590195
34364,100000,-2.83429231e+38; 1.97672181e+38,1.59580325e+38; -1.41461339e+38,0.004006095237335929
32517,100000,1.03982357e+38; -1.272319e+38,-3.07377666e+38; -1.87413805e+38,0.005352635917493763
30020,100000,2.53911455e+37; 7.16740234e+36,2.47339523e+38; -7.0024076e+37,0.0027371069870329233
29299,100000,2.5711536e+38; 1.26533536e+38,3.83761621e+37; 2.57038247e+38,0.0055253659176608405
29179,100000,3.177192e+38; 1.81919138e+38,-1.34406377e+38; 1.22014433e+38,0.009162333523961733
30943,100000,-1.66539808e+38; 2.61654239e+38,3.29161461e+38; -2.68035957e+38,0.0000756768940823303
30881,100000,-6.52061316e+37; 2.71890447e+38,-1.53134596e+38; 8.76039762e+37,0.002921602649623291
29920,100000,1.73256136e+38; -1.66719227e+38,2.82506001e+37; 2.13728994e+38,0.006931255061143075
29544,100000,-2.28675163e+38; -1.25975141e+38,-1.14518146e+38; -6.94642714e+37,0.0024159889255835373
29809,100000,-5.58437764e+37; -1.50951022e+38,1.03828048e+38; -2.34590791e+38,0.006661797312933637
32334,100000,-4.51691037e+37; -2.95477185e+38,-1.16040797e+38; -9.33851019e+37,0.0023293041553844682
30882,100000,3.30200326e+38; 9.37833876e+37,9.31568335e+37; 1.96577844e+38,0.007881653393758598
29576,100000,3.11203253e+38; 1.90373962e+38,1.28984539e+37; -5.22391206e+37,0.006450074739245279
35405,100000,3.30151932e+38; 2.15930589e+38,6.00291125e+37; 2.41199125e+38,0.006569127788137557
31936,100000,-2.53618308e+38; 1.70308782e+37,-5.45346533e+37; 2.07056771e+38,0.0014326435699660515
38699,100000,-1.99265628e+38; 1.04741243e+38,2.4232565e+38; -1.09011279e+38,0.007486595382400202
35312,100000,1.66670082e+38; -2.83523017e+38,-9.61901186e+37; 1.41414375e+38,0.007948674888587613
32390,100000,-1.93002035e+38; 2.49289251e+38,-2.6128368e+38; 3.36484085e+37,0.0019760981009054987
35430,100000,1.50608016e+38; 1.00376266e+38,-4.62370689e+37; 1.54195082e+38,0.003976532570668456
44586,100000,-1.38775106e+38; 1.55175148e+38,-2.08729259e+38; 1.36221054e+38,0.00295579566942926
39753,100000,2.19822378e+38; -3.16562596e+38,-2.4770487e+38; 1.91179153e+37,0.006988274266589338
31227,100000,2.36113655e+38; -2.95261746e+38,3.37697901e+38; 2.01871147e+38,0.0032930868861118295
36188,100000,-1.47496553e+38; 2.74840422e+38,3.37858016e+37; -2.01162946e+38,0.004567924076700406
40734,100000,-3.31849631e+38; 3.14432862e+38,1.94523358e+38; 2.1443032e+38,0.0005859791357897923
31098,100000,3.13332678e+36; -2.02605743e+37,1.06352559e+38; -2.21568754e+38,0.004562278388950211
33752,100000,1.49958895e+37; 1.06507557e+38,2.25313739e+38; 1.45914646e+38,0.009656599674451304
35578,100000,1.84583801e+38; -9.01598337e+37,-4.95345222e+37; -2.15265853e+38,0.0014142012494909855
29600,100000,2.50095598e+38; -2.58355062e+38,1.264354e+38; -5.73867708e+37,0.005266529761168218
29118,100000,9.29988234e+37; 6.86819484e+37,1.19661714e+38; -2.60779479e+38,0.0031184154216884713
34980,100000,2.08065537e+38; -1.41526537e+38,-1.0831613e+38; 2.92579762e+38,0.007396334374676145
31176,100000,2.19496054e+38; 1.44288372e+38,-2.59175627e+38; 1.06465512e+38,0.009415199956664273
34150,100000,2.97936955e+38; -2.41313416e+38,-1.20882401e+38; -3.08323962e+38,0.008125715063057095
30263,100000,1.37947756e+38; 2.26578195e+37,2.01953474e+38; 1.79253948e+38,0.007213479524778823
35835,100000,1.19826275e+38; -1.75201127e+37,-2.52917632e+38; 2.03547225e+38,0.0022220349312120843
29507,100000,-2.60359892e+37; 1.39748561e+38,2.37066097e+38; 2.79203148e+38,0.006377423283234829
29900,100000,8.21121285e+37; -1.53148583e+37,3.1199163e+38; -1.32249393e+38,0.0037773758729075556
29935,100000,-2.65327363e+38; -1.77735202e+38,8.27883947e+37; -1.02838834e+38,0.004909960145888713
29494,100000,2.68926801e+38; -1.94940486e+38,2.71386956e+38; -2.33276126e+38,0.0010155666710181222
29191,100000,-1.90708642e+38; -1.28603011e+38,-3.00680962e+38; -2.51469955e+38,0.004325966729538053
33440,100000,-2.43374697e+38; 1.14730175e+37,-7.88005079e+37; -3.27259336e+38,0.0041558249426241235
31061,100000,5.70776314e+37; -2.17579143e+38,-2.61803842e+38; -2.75461368e+38,0.009044801099270878
30080,100000,2.28014037e+38; 1.72362006e+38,-1.4504877e+38; 1.53305019e+38,0.0034581990464623096
29311,100000,7.06224172e+37; -1.51777814e+38,1.36342566e+38; 2.89008091e+38,0.007311034627207066
29527,100000,-1.50826965e+38; 2.45584527e+38,1.11649645e+37; 3.3884905e+38,0.009104437382114338
31592,100000,-3.37043766e+36; 1.74701075e+38,-1.74430264e+38; -1.05086278e+38,0.003847943722661874
30384,100000,-6.22983718e+36; -1.09920417e+38,3.30368264e+38; -5.1301281e+36,0.0053274785549048236
33551,100000,1.94146227e+38; -2.55802947e+38,1.63732875e+38; 6.89096489e+37,0.0025863516916144157
31812,100000,-1.72510412e+38; -8.36361285e+37,1.47590399e+38; 1.36955318e+38,0.0032795099254347144
30934,100000,7.55280299e+36; -2.4011361e+38,2.82502264e+38; 5.11756531e+37,0.003304697248288529
30117,100000,1.65481097e+38; -3.17023696e+38,1.73341707e+38; -2.95229841e+38,0.002142376184786907
34567,100000,9.79185107e+36; 2.71857285e+38,-2.80396859e+37; 2.33407718e+38,0.005262892108443604
29066,100000,-2.32117859e+38; -1.97625431e+38,1.7581894e+38; 2.80633382e+38,0.007207464325142127
32247,100000,3.00064397e+38; -3.20215073e+38,-2.17160514e+37; 4.64529193e+37,0.0020150086652294262
34565,100000,-1.96178139e+38; 1.34740281e+37,-5.55134469e+37; 1.90321755e+38,0.005822790400904242
29169,100000,-1.67705854e+38; -2.73501053e+38,1.97772965e+38; 3.13645357e+38,0.0018324504956726965
29068,100000,3.05462135e+38; -3.28924542e+38,2.45155893e+37; 2.47432092e+38,0.0006408718542398409
33334,100000,-2.54521423e+38; 3.04444526e+38,-2.3400896e+37; -2.35434154e+38,0.0010592943131124367
39363,100000,3.30937084e+38; -2.25147017e+38,-1.18027408e+38; 9.49697767e+37,0.0024951273109758924
29977,100000,-1.42753714e+38; 1.86500367e+38,-2.8491867e+37; -2.924762e+38,0.007668951939698983
29250,100000,-1.23656771e+38; -9.91427405e+37,6.95452388e+37; 5.2391041e+37,0.005582474592903243
30694,100000,-2.27172399e+38; -2.3225661e+38,-2.27237363e+38; -1.31610946e+37,0.0023865942008780825
33389,100000,-2.58382626e+38; -1.07225909e+38,-2.72535062e+38; 9.94578074e+37,0.008331199413636345
30188,100000,-1.23357149e+38; 2.00744338e+38,-3.13860553e+38; -3.03048609e+38,0.008272755702271756
29772,100000,1.60257162e+37; -3.1017098e+38,-1.86207509e+38; 2.53737731e+38,0.005011232350752423
36210,100000,-2.9234187e+38; -2.62493748e+38,-6.98011926e+37; 1.20648382e+38,0.00882297309539325
34912,100000,-3.27769215e+38; -2.74044236e+38,-9.08860048e+37; -3.28482588e+38,0.005143487997081192
30966,100000,-1.38896304e+38; -1.09192748e+37,-2.17054133e+37; -1.49837305e+38,0.004124245502047416
30768,100000,-2.65569434e+38; 4.92145222e+36,2.49411351e+38; -1.98507066e+38,0.003634371755024456
36390,100000,3.1075126e+38; 1.90637958e+38,-3.23084364e+38; -1.20161168e+38,0.0026335345109727236
29319,100000,3.33648336e+38; -1.21089667e+38,-5.56207814e+37; 8.28274384e+37,0.002001182229776006
30085,100000,-9.95494129e+37; -1.78283841e+38,1.57871877e+38; -1.42708096e+36,0.00013696154114908494
29944,100000,-6.17062142e+36; 6.75628158e+37,-1.40307442e+38; 9.85210745e+37,0.006742213652270712
31645,100000,-3.09355445e+38; 2.02873707e+38,2.826987e+38; 2.86937662e+38,0.0018760084264743536
31213,100000,-2.69380458e+38; 3.31211566e+38,2.62967627e+38; -2.11012551e+38,0.005603009146417223
29787,100000,-1.29437663e+38; -2.93436309e+38,-1.91967896e+38; -2.18559169e+38,0.0011375857838628334
30603,100000,3.27040692e+38; -2.25303942e+38,-1.19814978e+38; -5.65282773e+37,0.004384625585994147
30456,100000,-3.29657934e+38; 2.69899079e+38,1.71111981e+38; 7.70713818e+37,0.005317316474010191
29501,100000,2.7769868e+38; -9.01526638e+37,-8.6137842e+37; -1.86561924e+38,0.007960361348621409
29378,100000,2.37039324e+38; -4.63642193e+37,5.0357846e+37; 3.24270621e+38,0.005829937354129845
29862,100000,1.94492042e+38; -9.52028418e+37,-2.84529775e+38; -2.71872071e+38,0.0096383532982286
30158,100000,2.55335883e+38; 2.15523156e+38,-3.38820573e+38; -2.5610341e+38,0.000620457337647823
29683,100000,1.64827968e+37; 3.33148536e+38,1.40389667e+38; -1.26424194e+38,0.004876929817243705
47555,100000,-2.98441297e+38; -1.63249794e+37,-1.28778267e+37; 1.62302012e+38,0.008409434849192198
29897,100000,7.16139431e+37; 1.07248565e+38,2.20148844e+38; -4.02234941e+37,0.005797203263595231
46063,100000,-3.05651227e+38; 9.95101158e+37,-3.20329019e+38; 1.87162767e+37,0.007904433521682934
44991,100000,2.73643314e+38; 1.69411909e+38,-1.32713526e+38; 2.91114094e+38,0.0047101563716154034
45075,100000,-1.03092993e+38; 1.34764442e+38,2.26165985e+38; -2.75100118e+38,0.004704964331449703
44292,100000,1.03321809e+38; 1.85071958e+38,-3.45260385e+37; 1.92827992e+38,0.005556023545458027
44204,100000,-1.27728698e+38; 1.7369168e+38,-2.74895468e+38; 6.86203e+37,0.005839407808097645
43876,100000,6.65473909e+36; -5.10894693e+36,2.44978934e+38; 5.12567168e+37,0.0025681802248515378
45194,100000,1.32393043e+38; 7.59626692e+37,2.64727511e+38; -1.36050246e+38,0.008654192670298488
44673,100000,-1.98534772e+38; -1.59669751e+38,-3.3694804e+38; -2.82652841e+38,0.007293815819285153
44347,100000,-7.31356512e+37; -3.27297893e+38,2.12037827e+38; 1.02670717e+37,0.00644092458233199
44663,100000,2.73893943e+38; 2.0836809e+38,-1.22641048e+38; -3.41375239e+37,0.004747570642291522
29114,100000,3.12983461e+38; 4.97231587e+37,1.94558203e+38; 9.2865568e+37,0.0030735769716437366
29167,100000,-3.37839513e+38; -2.76832114e+38,-9.00240125e+37; -1.8015254e+38,0.007647313553582549
33400,100000,-4.87362674e+37; 2.47152296e+38,-2.45215387e+38; 1.73372476e+38,0.0032083833639868697
36288,100000,1.32940192e+38; -1.0081319e+38,-1.3332146e+38; 2.47006567e+38,0.005922177969681576
30094,100000,-2.84296142e+38; -3.35201319e+38,-2.14096613e+38; -2.74610075e+38,0.002216138632066577
29598,100000,-3.65157683e+37; 1.26045643e+38,2.20330452e+38; -3.67267864e+37,0.00665992438199529
31308,100000,-7.51898714e+36; -6.42665186e+37,1.07488039e+38; -2.77627631e+38,0.001927039624640481
35164,100000,-2.97218065e+38; 2.52903419e+37,1.22192026e+38; 3.34788937e+38,0.00978425546841179
30161,100000,2.73148118e+38; -4.99060604e+37,4.80295034e+36; 3.13442634e+37,0.008321607927023154
30406,100000,9.5254704e+37; 1.32405791e+38,3.12734575e+38; 6.33105579e+37,0.0005751602552683913
44339,100000,-8.7096632e+37; 5.67770918e+37,-6.0752946e+37; -1.5511275e+38,0.008225978678953553
30813,100000,2.83569525e+38; 1.42795617e+38,-3.42522336e+37; 2.5590481e+37,0.008256306637085814
31400,100000,1.66966581e+38; 3.2641863e+38,1.16252342e+38; 2.06313238e+38,0.00760105619805838
29761,100000,-1.90344512e+38; -2.58445826e+38,-2.80627845e+38; 9.79420725e+37,0.003877959798465083
29762,100000,-2.23658877e+38; 1.93145533e+38,2.58088972e+37; 8.41093931e+37,0.008032286363092923
28736,100000,-3.04529854e+38; -2.48360803e+38,-2.41867735e+38; -3.0537559e+38,0.001970968200606626
36391,100000,-2.34550409e+38; 2.72402071e+38,2.25507355e+38; 2.97082234e+38,0.0032672919240048196
29920,100000,1.54623659e+38; 2.65453692e+37,1.65107779e+38; -2.8122145e+38,0.0014053901404706103
30065,100000,-2.85311642e+38; 3.35096743e+38,-2.04098541e+38; 2.2917766e+38,0.0017363076177241052
32125,100000,2.39717211e+38; -2.50175815e+38,3.25562469e+38; 2.55153301e+38,0.008392288498921058
36707,100000,-1.20460121e+38; 1.18606136e+38,3.24830071e+38; -8.32767292e+37,0.007673017465741766
30070,100000,3.0755822e+38; 9.09071999e+37,1.81671956e+38; -1.81817523e+38,0.0026996889433238674
29609,100000,-2.27120577e+38; -2.56709895e+38,-4.99475684e+37; -2.76402822e+37,0.009578671630722853
32917,100000,-2.60792257e+38; -1.50066293e+38,2.82589458e+38; -3.11753393e+38,0.009454547811149131
35347,100000,2.51259018e+38; 1.80816607e+38,9.75722228e+37; 1.08116135e+38,0.0020547718097099236
30312,100000,-3.21458303e+38; 5.66941773e+37,-8.73942663e+37; 3.22366996e+38,0.0028813273472529087
29170,100000,-3.06888556e+38; 1.48775612e+38,-9.22009438e+37; -2.03801384e+38,0.003939073745884924
46298,100000,-9.24205212e+37; -3.03608099e+38,-2.24668738e+38; 2.67790297e+38,0.007209771090800506
35329,100000,9.41091839e+37; 7.81319338e+37,-2.39709321e+38; 2.20785123e+38,0.003806432780742201
34177,100000,-1.60788265e+38; -2.22838818e+38,2.16100637e+38; -2.8653098e+38,0.002979917739782546
32604,100000,9.24094166e+37; -1.46964089e+38,-1.45364456e+38; 3.25132482e+38,0.003927956184408884
31896,100000,1.41879126e+38; -1.54895535e+38,7.644068e+37; 1.23154822e+38,0.005124547352685153
32050,100000,2.40646632e+38; 3.47061412e+37,-1.38335739e+38; 1.02786688e+38,0.0033339310983671487
30825,100000,-3.35441564e+38; -1.91717124e+38,-5.20993051e+36; 2.65951149e+38,0.0002946230751128437
29963,100000,9.8739587e+37; -2.77084387e+38,-1.59824272e+38; -1.89838121e+38,0.0007601054553932322
29746,100000,-1.00175926e+38; 6.42144942e+37,-9.3017686e+37; -2.88752172e+37,0.002186994553177604
32144,100000,-2.54358656e+38; -2.16698725e+38,1.46145876e+38; -2.31356807e+37,0.0034395620357103155
30180,100000,-2.56098826e+38; -5.42072902e+37,-3.09033299e+38; 1.94132739e+38,0.004540812557731158
29812,100000,-8.9793148e+37; -1.63906787e+38,-1.87055821e+38; 3.32812132e+38,0.007539287760606929
29548,100000,-2.80874079e+37; -1.21255911e+38,1.81292493e+38; 1.82795622e+38,0.007916322455892326
29219,100000,-9.86360048e+37; 2.45807532e+38,-2.18134902e+38; -1.64273107e+38,0.0021752315334220614
32706,100000,2.03254286e+38; -2.92085784e+38,-1.1158684e+38; -9.51844761e+37,0.0015775997564186498
30261,100000,-2.37695014e+38; -7.76765734e+37,7.87422365e+37; -2.0514919e+38,0.004295388864319763
30078,100000,-2.86021871e+38; -2.00314718e+37,2.61487214e+38; -3.0012993e+38,0.0025182033404788796
40324,100000,1.73627121e+38; -5.78821129e+37,2.37727973e+38; -1.71356607e+38,0.002393815340116272
30119,100000,6.32392703e+37; -2.19554772e+38,2.18850039e+38; -5.29538829e+37,0.00606184806363864
33931,100000,-7.49475701e+37; 2.26775472e+38,8.65788526e+37; 2.86564365e+38,0.004995406680648723
29526,100000,1.62145503e+38; -2.95228523e+38,1.21509289e+38; -2.11987448e+37,0.00198772178095055
32320,100000,-6.67760814e+37; -3.83378056e+37,2.11620962e+38; -8.37047945e+37,0.00015011183758631953
28908,100000,7.16873198e+37; -7.70787899e+37,3.20921347e+38; 2.90073607e+38,0.0018564113930349506
34813,100000,-4.74730941e+37; -7.51252744e+37,-1.21811335e+38; 9.43985226e+37,0.0011171193475417826
30294,100000,3.83379475e+37; 3.15719294e+38,2.92912069e+38; 3.01753029e+38,0.000820948598810217
29558,100000,1.06161945e+38; -3.36211708e+38,2.1324532e+38; -4.521265e+37,0.0026663017703167343
29301,100000,1.46156991e+38; 4.44330094e+37,8.41353242e+37; -8.02985718e+37,0.007680050041748816
32237,100000,2.94294701e+38; -2.20923733e+38,4.25949414e+37; 6.32549841e+37,0.005860407568652209
32948,100000,-1.40043822e+38; 2.53244463e+38,-2.56549116e+38; 1.52274977e+38,0.0022314370111924066
29426,100000,2.07963395e+38; -1.6331887e+38,-3.360183e+37; -2.60717009e+38,0.006237763689037142
29590,100000,1.92260328e+38; -1.32047928e+38,1.64814881e+38; -2.82447563e+38,0.0064681679891713025
34494,100000,-2.14361745e+38; -1.96103459e+38,3.16998526e+38; 2.99207019e+38,0.009073063587437452
33012,100000,1.20404537e+38; 3.88979322e+37,5.84660029e+37; 1.86538457e+38,0.0019639247549904917
29784,100000,1.72963116e+38; 3.17658353e+38,-9.67106869e+37; 1.09422809e+38,0.001970732417709751
