elapsed.ps,repeats.n,param.a.vector2,param.b.vector2
63966,100000,3.36137677e+38; -8.20461853e+37,6.17586062e+36; 2.03557893e+38
63238,100000,-2.4224087e+38; -8.5853868e+37,2.7155096e+38; -2.42048613e+38
63769,100000,-1.54440682e+38; 1.98199362e+38,-1.86502192e+38; -9.99867017e+37
62794,100000,5.05721855e+37; -2.71986585e+38,-3.12978694e+38; 2.13057302e+38
64888,100000,-2.88675682e+38; -2.442755e+38,3.14510787e+38; -2.67080473e+38
66032,100000,1.18644668e+37; -2.24162104e+38,-2.57719756e+38; 3.27226813e+37
64690,100000,-2.85381616e+38; 2.41117346e+38,-2.80177809e+37; -3.19761619e+38
76754,100000,1.94627366e+37; 2.42444059e+38,-2.95723759e+38; -8.0551894e+37
63248,100000,-2.21718256e+38; 9.75364649e+37,9.40960105e+37; 2.24267004e+38
68797,100000,-3.18255224e+38; 8.33266442e+37,2.3225991e+36; 2.74211241e+38
65827,100000,-5.58841422e+36; 1.62184272e+38,-2.67568935e+38; 1.97657801e+38
71066,100000,2.27753043e+38; 2.63386621e+38,-1.13901489e+38; 6.21483707e+37
60814,100000,1.1596703e+38; -1.31992821e+38,6.6619993e+37; -1.55837435e+37
73887,100000,-1.73977114e+38; -2.40697622e+38,1.59537509e+38; 4.57402208e+37
62688,100000,-1.42984218e+37; 2.79356665e+38,-3.44759004e+37; -9.93600361e+37
66764,100000,-3.25190571e+38; -2.00708397e+38,5.19707894e+37; -2.38051072e+38
67373,100000,-2.75817121e+38; -8.96338702e+37,2.23547242e+38; 2.90991731e+38
65812,100000,-3.33049579e+38; -1.60226411e+38,-9.51102831e+37; -6.27347301e+37
68455,100000,2.05288774e+38; 6.08873221e+37,-8.12622296e+37; 4.98090294e+37
66113,100000,-3.0007971e+38; -2.02820547e+38,-9.2047406e+37; -2.52072068e+36
74240,100000,2.59086968e+37; -1.01489091e+38,2.53095955e+38; -1.2990352e+38
65918,100000,2.58161913e+38; 2.85956445e+37,-1.24966507e+38; 1.29675484e+38
70402,100000,2.83265268e+38; 2.78470912e+38,-3.33179082e+38; -1.09426389e+38
63634,100000,-6.95378915e+37; 1.03502079e+38,2.20453729e+38; 2.91930847e+38
68629,100000,1.10124448e+38; -2.33540933e+38,-2.72431196e+38; 2.66182165e+38
97303,100000,8.33978507e+37; -2.97082092e+38,2.95883797e+37; -2.21771416e+38
99521,100000,1.77947822e+38; 3.34258836e+38,6.82394319e+37; 1.95777662e+38
102430,100000,2.39795866e+38; -2.23335535e+38,-3.11905917e+38; 4.15020377e+36
73097,100000,-1.21103489e+38; 4.2411634e+37,9.33009502e+37; -2.68726979e+38
77283,100000,1.93022946e+38; 3.32246329e+37,-7.71813682e+37; 2.60092899e+38
63997,100000,-2.82634389e+37; 1.1963483e+37,4.74420215e+37; -2.98250278e+38
66395,100000,-4.29003184e+37; 2.90132669e+38,-1.90043785e+38; -1.53662902e+38
66260,100000,1.48686022e+37; -2.01952459e+38,1.28752594e+38; -2.72104832e+38
68185,100000,3.03907711e+38; 1.40399593e+37,1.89844609e+37; -1.21758591e+38
64660,100000,-2.652366e+38; 3.05808234e+37,-2.32021152e+38; -1.91970634e+38
65064,100000,2.49740068e+38; -1.27377132e+38,3.28019419e+38; -2.10978679e+38
61701,100000,-2.68299608e+38; -5.46694654e+37,-7.01745715e+37; 4.75387483e+37
66659,100000,-1.24125e+37; 5.29080142e+37,-1.4720843e+36; 2.7691872e+38
66016,100000,3.10906947e+38; 1.70547927e+38,5.02420588e+37; -2.82963446e+37
63285,100000,2.58789511e+38; 2.77426125e+38,2.12731222e+38; 2.87858443e+38
66309,100000,2.46346963e+38; -2.50755081e+38,2.8868629e+38; -1.26064719e+38
67658,100000,3.95020742e+37; -1.9138291e+38,-2.04146854e+38; -2.47662155e+38
64686,100000,-3.39700951e+38; -2.25535142e+38,-8.61152474e+37; -1.3671844e+38
64743,100000,2.88478172e+38; -8.71947381e+37,-9.15526065e+37; 3.18058566e+38
65348,100000,1.33612564e+38; 2.94391103e+38,-6.62469006e+36; -2.84243266e+38
65331,100000,4.97864348e+37; -2.75377662e+38,5.63578189e+37; 1.72648089e+38
66495,100000,-1.7302733e+38; -2.74081819e+38,-7.58595027e+37; -2.27293789e+38
63650,100000,3.14529244e+38; 1.22434482e+38,1.65142705e+38; 1.60297157e+37
64618,100000,2.54979349e+37; 2.92355723e+38,-2.01214809e+38; 2.99295653e+38
64808,100000,-3.14067865e+37; -1.03035158e+38,2.92689125e+38; 2.34206764e+38
64134,100000,1.03826092e+37; 1.310412e+38,-2.83828491e+38; -1.12255389e+38
64619,100000,3.30721766e+38; -3.33967216e+38,-7.83600196e+37; -2.55690846e+38
65409,100000,-2.3013144e+38; 1.00243661e+37,-1.66940132e+38; 1.25066865e+38
63531,100000,2.08815358e+38; 7.38078508e+37,-1.69357917e+38; 1.61928471e+38
64913,100000,3.03820476e+38; 1.11231594e+38,1.0278967e+38; -3.00202419e+38
66178,100000,-3.1066151e+37; -1.85436534e+38,-7.26447408e+37; 2.76027572e+38
65342,100000,8.31203823e+37; 2.53186333e+38,3.00692959e+37; -7.27000712e+37
65502,100000,-2.62192413e+38; -7.70320745e+37,-2.8449059e+38; 1.7644664e+38
65770,100000,-1.88932126e+38; 2.80888434e+38,-7.83046993e+37; 1.74210382e+38
64648,100000,1.76951875e+38; 2.33381574e+38,1.7862059e+38; -3.17577122e+38
63791,100000,1.74578285e+38; 2.49742867e+38,-1.4848822e+38; 2.89866422e+38
65819,100000,-2.89453269e+38; -2.25108562e+38,-1.08678931e+37; -4.18800549e+37
65422,100000,7.99385336e+37; -2.07405041e+38,1.3036969e+38; -2.00029342e+38
63628,100000,1.79029666e+38; 1.62768122e+38,3.2252887e+38; 2.86464839e+38
63367,100000,-5.23779728e+36; 2.32014905e+38,-2.42483448e+38; -4.43723396e+37
64219,100000,3.29077106e+38; -3.31145506e+38,4.66534414e+37; -2.8991802e+38
64645,100000,-3.57293051e+37; -1.83676629e+38,-3.16337218e+38; -4.26841688e+37
63339,100000,-2.81111358e+38; -3.16649445e+38,3.2346973e+38; -2.18346731e+37
63739,100000,-1.39454141e+38; 1.70777017e+38,-2.29233036e+37; 2.82536744e+38
61992,100000,2.16551292e+38; 3.16150843e+38,-2.92753993e+37; -6.03387361e+36
71034,100000,-2.08655289e+38; 2.59580946e+37,5.02395894e+37; -1.96350823e+38
62392,100000,2.36236749e+38; 9.56441364e+37,1.72859898e+38; -1.35775551e+38
64539,100000,-2.99705946e+38; 3.02108033e+38,7.54390636e+37; -2.04434195e+38
63966,100000,-1.24186334e+38; 1.16182753e+38,-2.7315185e+38; 1.98901052e+38
60722,100000,8.91181291e+37; 1.93633548e+38,1.36891063e+38; -1.27403175e+38
63548,100000,8.05974939e+37; 2.90404251e+38,-2.74140091e+38; -7.75455135e+37
63913,100000,-3.25011467e+37; -2.37324576e+38,1.66431419e+38; -3.71335375e+37
63521,100000,-6.88054987e+37; -5.63748713e+37,-2.55192142e+38; 1.87089915e+38
63135,100000,-3.03945842e+38; -8.99324476e+37,1.66116981e+38; -2.15669007e+38
61098,100000,3.2429348e+38; 1.97203759e+38,-6.34805904e+37; 1.51757978e+38
62354,100000,3.173098e+38; -1.71301358e+38,-1.85557579e+38; -2.58773103e+38
62358,100000,7.39156062e+37; 2.80153845e+38,-1.38575893e+38; 1.59126649e+38
62517,100000,-1.57306617e+38; 1.943756e+38,3.82969999e+37; -1.42553638e+38
63738,100000,7.92066023e+37; -2.91024101e+38,-3.39430262e+38; 2.415033e+38
59922,100000,-1.99459082e+38; 2.87821773e+38,-1.13989211e+38; 1.632571e+38
62884,100000,-7.95811474e+37; -3.84181264e+37,2.69124048e+38; -3.08780986e+38
63557,100000,-5.97598331e+37; -4.2311766e+37,1.84959451e+38; -1.22338107e+37
64172,100000,8.41175112e+37; -2.03628943e+36,-1.56461155e+38; 1.2848047e+37
63922,100000,2.36058305e+38; -2.31916799e+38,2.14164052e+38; 1.96372971e+37
72400,100000,1.96876989e+38; -6.10208272e+36,8.34285532e+37; -1.26931538e+38
65513,100000,2.29861582e+38; -1.60746219e+38,-4.60910964e+37; 2.68403698e+38
63103,100000,6.04651437e+37; -1.39405463e+38,-1.98540309e+38; 9.68416605e+37
62124,100000,-2.04630589e+38; 1.83017289e+38,1.57176444e+38; -9.16910542e+37
60337,100000,-3.08783278e+38; -3.35444241e+38,9.94028218e+37; -2.22401915e+38
66526,100000,1.96723309e+38; 2.94739595e+38,2.52402256e+38; 1.53194023e+38
62413,100000,-3.01935551e+38; -2.65674827e+35,-2.24364806e+38; 1.14742145e+38
64082,100000,-1.94918337e+38; 1.13822723e+38,-2.55612921e+38; -1.04934291e+38
63180,100000,1.07299748e+38; -2.00222897e+38,-5.24538404e+37; -1.47720146e+38
68637,100000,2.90682444e+38; 3.29647732e+38,-1.0413318e+37; -2.57376045e+37
64673,100000,-1.94247557e+38; 1.48101344e+37,1.95167365e+38; -1.09118623e+38
65031,100000,-1.46588195e+38; -3.3827378e+38,3.16349509e+38; 3.00140659e+38
66788,100000,1.76618297e+37; -2.54639466e+38,-1.4196489e+38; -1.07779244e+38
66784,100000,-2.57414607e+38; -9.89348458e+37,2.36287821e+38; -3.09293827e+38
65266,100000,3.34318223e+38; -1.47524461e+38,-2.69276288e+38; -1.9875005e+38
64366,100000,2.35646328e+38; 6.87589455e+37,1.16362993e+38; -3.38427248e+36
64689,100000,-2.51157342e+38; -1.96446049e+38,-1.54026119e+38; 6.05706477e+37
62624,100000,-2.77215756e+38; 4.78946184e+37,-6.01463499e+37; 1.71958974e+38
63411,100000,2.67132295e+38; 7.27206832e+37,2.14281568e+38; -2.99389378e+38
70932,100000,-2.45831445e+38; -2.67644142e+38,-1.03571947e+37; -2.64928408e+38
62572,100000,-9.48080346e+37; 1.36111732e+38,-5.4889271e+37; -1.06232974e+38
65101,100000,-2.67195191e+38; -6.10430453e+37,3.70884015e+37; 5.25249353e+37
64213,100000,1.0052382e+38; 1.0042361e+37,2.92341119e+38; -1.52592893e+38
65566,100000,-1.77535237e+38; -1.94540233e+38,-1.12946867e+38; -7.19470817e+37
63681,100000,-7.76613819e+37; 1.18504339e+38,2.24588521e+38; -8.082847e+37
66948,100000,3.13229932e+38; 3.30458923e+36,-1.10873163e+38; 2.1587646e+37
65552,100000,-3.03870229e+38; 2.28305475e+38,-1.45907284e+38; -2.54776373e+38
66846,100000,8.87065382e+36; 2.6942222e+38,-1.30001129e+38; -1.21628073e+38
65183,100000,-1.74284434e+38; 1.47520851e+38,3.42724881e+37; 3.223874e+38
64291,100000,1.46435691e+38; 2.74056304e+38,2.49369163e+38; 7.12177579e+36
64186,100000,-2.63516266e+37; 1.48926381e+37,-2.67056013e+38; -2.45697337e+38
65570,100000,1.30609187e+36; 7.82294617e+37,-2.81999687e+38; 2.93526398e+37
65178,100000,2.73222555e+38; 1.55549666e+37,-2.24047102e+38; -2.47421302e+38
63408,100000,1.62547105e+38; -9.96725576e+37,-3.35158523e+38; 1.01316486e+37
64777,100000,-2.84426538e+38; -2.79418628e+38,2.80681411e+38; 2.67594856e+38
67835,100000,-3.25405625e+38; 2.12772456e+38,1.05553037e+38; 1.66580267e+37
64407,100000,5.33839399e+35; -2.24891297e+38,-1.06191233e+38; -2.68031718e+38
64205,100000,2.79734121e+38; 1.39714719e+38,-2.69971305e+38; 1.91862671e+38
64602,100000,-5.52853002e+37; -2.30958917e+37,5.47367118e+37; 3.23028831e+38
65714,100000,-2.45006235e+38; 2.42585712e+38,-1.48633088e+38; 1.03717894e+38
63156,100000,1.88177742e+38; -6.49447725e+37,-2.67008633e+38; -3.07109127e+38
72565,100000,3.31735785e+38; -3.17373507e+38,-4.38672975e+37; -2.51749466e+38
66927,100000,-2.58006306e+38; 1.0565888e+38,2.34756925e+38; -2.12520447e+38
72484,100000,1.19084659e+38; -3.04893477e+38,-3.20040522e+38; -8.70438623e+36
64382,100000,-1.67250991e+38; 2.52386618e+38,-2.08612006e+38; 1.09843788e+37
66473,100000,8.8931034e+37; 2.89642808e+38,-9.47313836e+36; -2.45240679e+38
67817,100000,-3.10333929e+38; 3.25309994e+38,-2.42492108e+38; 6.61794692e+37
65159,100000,2.24086004e+38; 1.85563989e+38,4.86300636e+37; -1.90278635e+38
68688,100000,-1.73683466e+38; -6.01909002e+37,8.9009385e+37; 3.15998015e+38
65127,100000,-2.22490732e+38; -2.03941495e+38,-5.49249275e+37; 1.22323385e+38
62298,100000,1.42449447e+38; 3.29856823e+38,1.18969039e+38; 3.20405524e+38
66302,100000,1.45720108e+38; 7.36813117e+35,2.7811664e+38; -7.48897855e+37
64208,100000,2.08565417e+38; 2.8767793e+38,2.10150914e+38; -2.20036763e+38
64060,100000,-2.24407379e+38; -1.49604219e+38,-8.08965327e+37; -1.23951859e+38
64892,100000,-2.88254741e+38; -2.34011871e+38,-3.25804884e+38; -7.44489321e+37
64527,100000,-1.2874295e+38; 3.82771536e+37,-1.30870483e+38; 1.59129967e+37
63086,100000,-2.68813463e+38; 2.47437933e+38,2.13103951e+38; -2.04584305e+38
71238,100000,1.2262968e+38; 4.70642768e+37,2.91873569e+38; 2.87421276e+38
64823,100000,1.56270003e+38; 1.50285283e+38,3.9562356e+37; 1.04606375e+38
73177,100000,-9.33919776e+37; 2.37810777e+36,-9.78772601e+37; 2.59497144e+38
77259,100000,2.69913277e+38; 2.6509584e+38,1.64231001e+38; 9.50321654e+37
69946,100000,-2.55882555e+38; -1.43319603e+38,5.67200069e+37; -2.13740839e+38
80956,100000,-2.35921135e+38; -7.44358703e+37,1.66084265e+38; -1.41683279e+38
63514,100000,-8.1086442e+37; 2.7773462e+38,2.85010306e+38; -4.8420521e+37
74252,100000,1.55238034e+38; 2.1092503e+37,2.73461705e+38; 1.3905835e+38
73277,100000,-1.33900995e+37; 1.80070295e+38,-5.55843682e+36; -1.43395277e+38
65601,100000,-9.45003302e+37; 2.81984982e+38,-6.90926875e+37; 1.62132055e+37
62319,100000,-3.29703285e+38; 3.32509174e+38,2.89400474e+38; 1.43454674e+38
72268,100000,-1.18931446e+38; 1.24235925e+38,8.78035653e+37; 3.11841906e+38
66765,100000,1.96634696e+38; 2.85765582e+38,-1.02923848e+38; -6.60808054e+37
70263,100000,6.96682465e+37; -1.92451327e+38,-4.088824e+37; 5.40321427e+36
66293,100000,-2.55074443e+38; 1.17778766e+38,-1.23665543e+38; -2.24259561e+38
67349,100000,-2.31792732e+38; -1.89122294e+38,2.03624095e+38; -4.19942575e+37
66863,100000,-3.37427547e+37; -1.57775576e+38,-5.55932684e+37; -2.9314193e+38
62970,100000,1.54123445e+38; 3.25530849e+38,-1.96934835e+38; -1.51318905e+38
65526,100000,1.47649299e+38; -1.03231989e+38,-2.53564539e+38; -5.28549707e+37
66214,100000,2.46565426e+36; -3.22330082e+38,9.35832306e+37; 1.28638364e+38
61832,100000,7.44299782e+37; 2.80727031e+37,-5.82101505e+37; -9.10472804e+36
62957,100000,2.92391339e+38; -2.49224996e+38,3.33136793e+38; -3.34398034e+38
65357,100000,2.62461418e+38; 1.41052649e+37,3.32042334e+38; -7.36091593e+37
61758,100000,6.94528727e+37; 1.11352082e+38,4.42058058e+37; -1.10661273e+38
70457,100000,-1.09841037e+37; 8.90033814e+37,-1.55735125e+38; -1.35876598e+38
68407,100000,-3.98753694e+37; 2.82743483e+38,1.3590546e+38; 1.57865032e+38
66008,100000,-2.30830291e+38; -1.43790713e+38,2.87546408e+37; 9.66334109e+37
68768,100000,1.80675238e+38; 8.13395411e+37,-1.20590729e+38; -2.7743083e+38
61806,100000,-1.58603689e+37; 6.09295348e+37,1.13809367e+38; -2.80376769e+38
75830,100000,1.45138428e+38; 1.16062783e+38,2.28915225e+38; -2.5150624e+38
65525,100000,9.50121809e+36; -3.17878194e+38,2.80043894e+37; 2.92938639e+38
67391,100000,-6.39416603e+37; -7.49094392e+37,-2.64720007e+38; -2.15093494e+38
63034,100000,2.2894356e+38; -1.00825278e+38,-4.07187145e+37; 1.88766338e+38
88621,100000,-2.12757203e+38; -8.14651855e+37,1.58245621e+38; 2.31554717e+38
64042,100000,2.36976429e+38; -3.35348143e+38,-1.49327758e+37; 3.03799971e+38
60926,100000,9.31990108e+37; 3.35668017e+38,3.08500054e+38; -1.44748484e+37
64343,100000,-5.15856468e+37; -2.26510705e+38,-1.63429491e+38; 7.33868539e+37
62018,100000,-3.05080298e+38; 1.98898983e+38,-9.80623637e+36; 4.88527695e+37
65387,100000,-2.31134669e+38; -2.05894914e+38,2.68078672e+38; -3.29531513e+38
61409,100000,-1.8004622e+38; 1.20168734e+38,-4.34352771e+37; 1.284959e+38
67616,100000,-3.07534287e+38; -2.01892119e+38,-2.30153669e+38; 3.18104749e+38
68737,100000,-3.19754236e+38; -1.62466654e+38,1.76378004e+38; -3.23742092e+37
64573,100000,1.37222457e+38; -2.20723424e+38,1.60524654e+38; -2.34481429e+38
61224,100000,1.42826624e+37; 3.26803387e+38,6.08198983e+37; -1.07379589e+38
65701,100000,1.84025573e+37; -3.33703423e+38,3.18846923e+38; 8.08912947e+37
71564,100000,-1.411461e+38; 3.38863592e+37,-1.31422074e+38; 1.61750726e+38
62311,100000,-2.09915212e+38; -1.87368989e+37,-1.07098049e+38; -2.49732868e+38
74317,100000,-1.39193877e+38; 2.01405058e+38,-1.5345664e+38; 1.60197905e+38
65196,100000,1.48325525e+38; 3.9660419e+37,-6.3189548e+37; -3.19446004e+38
68230,100000,-2.62373474e+38; 1.3165596e+38,-2.11247502e+38; 1.87580364e+38
64216,100000,1.02929973e+38; -1.49709069e+38,2.65419405e+38; 7.0836848e+37
65578,100000,-2.59756475e+38; -2.41371525e+38,-1.70352202e+38; -2.30076008e+38
66815,100000,-3.25441018e+38; 2.02360623e+38,-1.49866512e+38; -4.91264502e+37
67335,100000,3.54325177e+37; -2.47929173e+38,1.37785974e+38; 2.77919474e+38
62562,100000,6.7027222e+36; -1.47212832e+38,3.09081632e+38; -2.65921151e+38
63517,100000,-2.44940722e+38; 1.12061175e+38,7.58983233e+37; 3.30931466e+38
70766,100000,-1.42076137e+37; -1.57910982e+38,-1.45422874e+37; -3.02318625e+38
61872,100000,1.34287674e+38; -3.3168011e+38,2.29959323e+38; 6.19641912e+37
69617,100000,-5.4574076e+36; -2.3300493e+38,-8.37687298e+37; -9.60297151e+37
68089,100000,3.08909353e+38; -1.61201661e+38,-1.13669418e+38; 2.63888631e+38
65452,100000,-1.83365294e+38; 3.33623185e+38,-2.32586788e+38; -3.32012559e+38
64384,100000,1.01830423e+38; -2.25818081e+38,2.76717437e+38; 1.33654589e+38
63880,100000,-1.59952447e+38; 8.5608461e+37,-2.71371339e+38; -8.19829904e+37
61937,100000,-1.87400784e+38; 3.35355222e+38,6.62400579e+37; -2.00350818e+38
62655,100000,1.29309628e+37; 3.18928843e+38,1.42962836e+38; 2.3250647e+38
62282,100000,2.83039606e+38; 2.38556073e+37,-7.00877362e+36; -2.27444467e+38
63776,100000,-2.36669698e+38; 2.41791452e+38,1.45465175e+37; 4.51280267e+37
65252,100000,4.24667388e+37; 4.89934433e+37,6.34382559e+37; 1.82900523e+38
65529,100000,-2.82846964e+38; 3.34989119e+37,-2.32813748e+38; -2.6948404e+38
64351,100000,1.17352704e+38; 6.68688024e+37,-1.22202755e+38; -1.48652092e+38
67841,100000,3.50887524e+36; 2.64823122e+38,-2.73044759e+38; -2.59274889e+38
65952,100000,-1.03178514e+38; -7.46016536e+37,1.32911604e+38; 1.68728686e+38
76119,100000,-1.89991274e+38; 1.23347018e+38,2.35878542e+37; 4.15067394e+37
69609,100000,-1.06473148e+38; 1.25312545e+38,-2.68840114e+38; 6.19756153e+37
65848,100000,2.58955949e+38; -2.98716408e+38,-1.86676114e+38; 1.6357524e+38
65130,100000,-2.33522679e+38; -3.26818376e+38,5.49009182e+37; -1.95616803e+38
63918,100000,8.11722011e+37; -2.41439816e+38,-2.83001658e+38; -2.60136081e+38
64071,100000,-1.04686126e+38; 6.02213897e+37,-2.58677618e+37; 3.37209805e+38
66796,100000,2.86352028e+38; -1.73443809e+38,-3.39633837e+38; 2.95703314e+38
65985,100000,-2.12279375e+37; 1.0902931e+38,-2.14733293e+37; 2.28724997e+38
66451,100000,-2.86986117e+38; 2.22535252e+38,-2.37530706e+38; -1.47659826e+38
71824,100000,-2.09805545e+38; 2.80255095e+38,-1.82014567e+38; 2.32877942e+38
64101,100000,-2.78438744e+38; 1.33465547e+38,3.22921354e+38; 2.80870605e+38
71480,100000,-2.01717627e+37; 2.87583292e+38,3.30774845e+38; -3.16632225e+38
65456,100000,2.35967926e+38; -3.38296171e+38,-2.90398511e+38; 7.41721432e+37
67408,100000,-3.2985374e+38; 3.37431411e+38,-1.83306861e+38; -3.12597385e+38
61011,100000,6.72649229e+37; -3.07055926e+38,1.73399573e+38; 1.76498279e+38
62280,100000,1.79816319e+38; 3.18561143e+38,1.66649942e+38; -2.90072126e+38
67970,100000,1.33939466e+38; -1.10991303e+37,1.24643419e+38; 8.23857686e+37
59922,100000,-1.478497e+38; 1.51076763e+38,1.35067431e+38; -1.34536275e+38
69385,100000,1.96849912e+37; -1.9985536e+38,2.02500166e+38; 7.92492258e+37
65410,100000,1.91144836e+38; -4.85180286e+37,4.50719256e+37; 1.27981913e+38
68369,100000,2.84909827e+38; 2.9742093e+38,2.68509694e+38; 1.85637249e+38
65749,100000,4.29739385e+37; 2.11227768e+38,3.29035674e+37; -1.9529557e+38
66096,100000,2.87465715e+38; -3.02955188e+38,1.76651959e+38; 1.53411826e+38
66543,100000,-3.23694297e+38; 1.46331176e+38,2.3776292e+38; -1.18650139e+38
64267,100000,2.31517317e+38; -1.08187417e+38,3.19237886e+38; 2.45029539e+38
66666,100000,9.52509314e+37; -3.33668435e+38,-5.47739908e+37; -2.77347044e+38
66903,100000,-1.88478185e+38; 1.45229547e+38,2.06871025e+38; -1.68124595e+38
66942,100000,-1.93204879e+38; -2.27172764e+38,3.94294302e+37; 3.02997457e+38
81178,100000,2.52367046e+38; 2.50847305e+38,-5.73760161e+37; -2.76786438e+38
72291,100000,1.45923053e+38; -3.26321295e+38,2.13764752e+38; -2.98853355e+38
69765,100000,-1.9100152e+38; 7.97047282e+37,2.37103214e+38; -2.87031874e+38
68672,100000,1.69858122e+38; 2.77087611e+38,1.54478103e+38; -1.86789675e+38
62999,100000,5.214176e+37; 1.29732136e+37,-2.65772542e+38; -5.4258483e+37
66587,100000,5.24421324e+37; -1.56512317e+38,-2.79959195e+38; 1.23604787e+38
66328,100000,-3.31859488e+38; -1.79650591e+38,-3.54572166e+37; -2.95696033e+38
78125,100000,-2.70734978e+38; -1.99941114e+38,-1.59132348e+38; -5.46618494e+37
70224,100000,1.70880797e+37; -2.09332255e+38,-1.33673005e+38; -1.67876845e+38
61354,100000,-1.66434208e+37; -1.12975278e+37,-3.85166559e+37; 6.30037497e+36
68434,100000,-1.22577919e+38; -2.56233481e+38,-2.63067923e+36; 3.13221069e+38
63852,100000,1.12008086e+38; -1.90742029e+37,6.04697275e+37; -2.81347932e+38
62239,100000,2.26013178e+37; 1.55979498e+38,-3.33183584e+38; -2.03339107e+38
65217,100000,-5.20846859e+36; 8.69136137e+37,-2.26782307e+38; -3.15085732e+38
79681,100000,-2.85659708e+38; -2.69959359e+38,-2.77604245e+38; -7.02655178e+37
64084,100000,-2.79576365e+38; 8.01040127e+37,-3.47332893e+37; -1.03382373e+38
66461,100000,6.57576826e+36; 3.35512046e+38,2.82801572e+38; 2.68357718e+38
66931,100000,1.94052887e+38; 1.31827391e+36,-6.57857217e+37; -2.40021807e+37
61693,100000,4.76572635e+37; -2.12462906e+38,-2.28097439e+38; -2.12468828e+38
63899,100000,-2.59686095e+38; 3.01809922e+38,5.91286952e+37; 2.56370712e+38
67739,100000,-1.33091874e+38; 2.9725362e+38,2.88239448e+38; -3.10165098e+38
64724,100000,-1.07814231e+38; -1.51603558e+38,1.61462675e+38; 2.07759313e+38
64550,100000,-3.19270298e+38; 2.46350106e+38,1.47405464e+38; -3.24804561e+37
64574,100000,-3.20107515e+38; -1.51238769e+38,-4.97313477e+37; 8.98394312e+36
63869,100000,-3.06814018e+38; 1.91759981e+38,-8.61155212e+37; 1.51845821e+38
65210,100000,-1.64007438e+38; 1.76069022e+38,-2.30680282e+38; 2.70229257e+38
64974,100000,-2.28461346e+38; -2.54737309e+38,-1.50344963e+38; -3.23681316e+38
62301,100000,5.21739076e+37; 1.96543749e+38,2.41156836e+38; -1.48747075e+38
64074,100000,2.79859771e+38; -1.06828171e+38,1.01241747e+38; -3.11784121e+38
64785,100000,2.92677564e+38; 1.86146418e+38,9.18903377e+36; -3.05721607e+38
66287,100000,2.8969532e+38; 1.4893703e+38,3.16936015e+38; 5.84703129e+37
64343,100000,2.11561393e+38; -2.12781664e+38,1.32679461e+38; -1.2965503e+38
67733,100000,9.82963352e+37; -2.97801773e+38,8.55439629e+37; -3.17933971e+38
63026,100000,3.35042437e+37; -1.47792341e+38,-2.4658591e+38; -1.06960666e+38
66340,100000,-2.25412778e+38; -1.36100648e+38,-9.54871404e+37; -4.18466016e+37
62484,100000,-9.41146703e+37; 2.91588987e+38,-1.04840363e+38; -9.17178574e+37
62037,100000,2.74372547e+38; -8.24248782e+37,-2.59899182e+38; 2.61568911e+38
66482,100000,1.83855459e+38; -3.99472401e+37,7.37002577e+37; -2.21313926e+38
64542,100000,2.27590399e+38; -2.3863697e+38,1.97681491e+38; 3.3554541e+38
65524,100000,1.9708172e+38; -1.00266203e+38,2.33043e+38; 3.04767117e+38
68115,100000,-8.4161955e+37; 6.51188057e+37,-9.8325694e+37; -1.4949291e+38
64207,100000,1.95552264e+38; 4.87614987e+37,2.52683512e+38; 2.85193051e+38
64570,100000,-8.77577473e+37; 9.35234029e+35,-3.0351333e+37; -2.92749465e+38
65157,100000,-2.11258658e+38; 1.13523317e+36,-8.19278019e+37; -9.13054856e+37
73839,100000,-7.49211928e+37; 1.20054067e+38,1.0150771e+38; -1.46214258e+38
64558,100000,-8.99229655e+37; 3.7662016e+37,-2.6771868e+38; -2.1469677e+38
67627,100000,2.87412352e+38; 4.17760441e+37,-2.54457188e+38; -1.57395798e+38
66430,100000,3.10551554e+37; 2.52585974e+38,1.42517201e+38; -3.06573286e+38
66216,100000,-2.19582822e+38; -3.30598084e+38,-6.80156408e+37; -4.79661139e+37
67137,100000,2.56948538e+38; -5.39776325e+37,1.86002537e+37; -2.70113708e+38
66494,100000,-3.35357068e+38; 2.28997227e+38,-9.75319318e+37; 8.3197567e+37
68925,100000,1.94387709e+38; 7.24508511e+37,1.80948321e+38; 8.06348287e+37
65831,100000,-1.37503034e+38; -3.18283558e+38,-1.60064223e+38; -1.75816121e+38
67065,100000,-2.38036955e+38; 2.08637988e+38,-2.76211979e+38; 2.05085118e+38
66220,100000,-7.30310244e+37; -1.53078038e+38,2.47471338e+38; 1.59246832e+38
68701,100000,-5.97032553e+37; -6.04911255e+37,-2.36317615e+38; -2.23746477e+38
66762,100000,1.40750796e+38; 2.5126997e+38,2.55327872e+38; 3.31844499e+38
66826,100000,-1.34325592e+38; -9.05398348e+37,1.34344221e+38; 4.0764606e+37
63299,100000,-4.33304475e+37; 6.87993075e+37,1.57639329e+38; -1.88137461e+38
65788,100000,2.36582057e+38; 1.36586655e+38,-4.51496801e+36; 1.30830892e+38
65549,100000,-1.25619243e+37; -2.71158069e+38,-3.14848286e+38; 2.47764196e+38
61593,100000,3.36361655e+38; -1.21700928e+38,-1.69472665e+38; 4.91290667e+37
66407,100000,-3.06732138e+38; -1.48269262e+38,3.2205708e+38; -2.86390301e+38
65900,100000,-1.66184481e+38; 3.17099106e+38,-1.41467241e+38; -9.6359161e+36
68364,100000,3.13457481e+38; 2.86914256e+38,2.65145207e+38; 2.24063795e+38
65601,100000,-1.85396294e+38; -1.88859028e+38,-2.37303341e+38; 2.18091477e+37
68367,100000,-1.13796315e+38; 7.81372528e+37,3.90225499e+37; -2.82685009e+38
65659,100000,3.04395178e+38; 1.66023905e+38,9.04346375e+36; 2.25394098e+38
66924,100000,-3.09427224e+38; 4.18276172e+37,7.73352661e+37; 3.12250353e+38
70817,100000,1.72694817e+37; 1.94181558e+38,3.37892896e+38; -1.00557621e+38
66164,100000,-2.88038226e+38; -2.83623922e+38,7.86308405e+37; 5.86312082e+37
70229,100000,1.56449441e+38; 2.2639682e+38,3.88775509e+37; 2.1014852e+38
62592,100000,2.40518878e+37; 2.80163317e+38,9.25211118e+37; -1.05775007e+38
64683,100000,1.68028598e+38; 6.3963621e+37,1.7307907e+38; 1.9461041e+38
64760,100000,2.3675999e+37; 1.40040891e+38,1.11149572e+38; -2.58305066e+38
66928,100000,-3.08936856e+38; 4.23288108e+37,-1.95655177e+38; -3.3086926e+38
63109,100000,2.02941138e+37; -6.45032041e+37,3.3489542e+38; -3.30712294e+38
64261,100000,-3.2534707e+38; 2.15034614e+38,1.1080108e+38; -2.43270243e+38
70075,100000,2.67576196e+38; 1.32198434e+38,6.66555988e+37; -1.3815582e+36
61265,100000,3.36189154e+38; -3.13042827e+38,1.14656603e+38; -1.3491315e+37
64903,100000,-1.35601852e+38; 2.53555696e+38,-1.05020076e+38; 1.14627366e+38
65746,100000,4.491245e+37; 2.6917159e+38,4.27779039e+37; -2.13385248e+38
62408,100000,-2.08120077e+38; 1.08756522e+38,-1.7294044e+38; -1.97633625e+38
64656,100000,-2.85382042e+38; 1.27750521e+38,-2.90135914e+38; -3.21291237e+38
64202,100000,1.09362722e+38; -2.25893795e+38,1.96205479e+38; 2.74894373e+38
69483,100000,3.45745033e+37; 2.13859451e+38,-2.76559295e+38; -1.36673808e+38
66980,100000,-2.84664755e+38; -2.13301969e+38,1.91475033e+38; 3.1577432e+38
64706,100000,-2.90877103e+36; 2.85108615e+38,-2.54268724e+38; -2.88168439e+38
64784,100000,3.1827293e+38; -2.07079832e+38,-1.76396867e+38; -2.03341014e+38
67502,100000,-2.31043499e+38; 4.51940612e+37,2.5488894e+37; 2.04560575e+38
63112,100000,-1.76379769e+38; -3.18769119e+38,-3.17876957e+38; -2.63375648e+38
68510,100000,2.86815603e+38; 7.11919372e+37,-2.90783511e+38; 2.04591728e+38
65140,100000,-2.44627562e+38; -6.05745673e+37,-2.25944299e+38; -8.57230261e+37
63217,100000,-2.30967379e+38; -1.91850856e+37,-5.14422248e+37; -3.37842413e+38
78321,100000,-1.95929091e+38; -2.23866062e+38,1.35733729e+38; 2.61068382e+38
63502,100000,-2.97550413e+38; 1.27646219e+38,-8.89686782e+37; 4.12431847e+37
66608,100000,-2.33430759e+38; -2.12093157e+38,-3.32815033e+38; 7.35518412e+37
64743,100000,-2.02395143e+38; 2.5989117e+38,-2.73694547e+38; 9.41620804e+37
63531,100000,-2.95104151e+38; 2.85441835e+38,-3.24247114e+38; 1.40980261e+38
66933,100000,3.96108766e+37; 1.25582606e+38,8.95315049e+37; -2.78180123e+38
65499,100000,2.57508596e+38; 2.59416217e+38,2.47066096e+38; -7.31284256e+37
64490,100000,2.70949789e+38; -3.12416506e+38,-2.38229922e+38; -1.1133255e+38
64884,100000,3.37519959e+37; -2.04765873e+38,-3.37105127e+38; -9.14236205e+37
66099,100000,-2.35077285e+38; -2.0733387e+38,2.09435363e+37; 3.41563688e+37
68018,100000,-6.31650316e+37; 4.47148411e+36,2.87804172e+37; 2.37462152e+38
69640,100000,1.2298524e+38; 1.04964451e+38,-3.35080598e+38; 1.46116953e+38
66275,100000,-2.53288131e+38; 6.7616985e+37,2.93886213e+38; -1.07280053e+38
71948,100000,-1.3308585e+38; -1.13851706e+38,-1.882896e+38; 1.82655207e+38
64089,100000,-4.66656514e+37; 1.20209217e+38,-1.345445e+38; 2.98263603e+38
70625,100000,-1.33265623e+38; 3.21609833e+38,1.40260154e+38; 3.37169646e+38
66213,100000,-2.19643893e+38; -1.39253873e+38,1.75815654e+38; 2.57839808e+38
64272,100000,2.03007023e+38; -3.15393219e+37,1.978071e+38; 1.17708609e+38
78085,100000,1.31150999e+38; 3.77872548e+37,2.78755718e+38; -1.89154036e+38
65040,100000,-3.20162054e+38; -2.91258444e+38,1.50062622e+38; 2.45441597e+38
73119,100000,2.07623523e+38; 1.12593974e+38,-1.94736891e+38; 1.37732834e+38
67230,100000,-7.39729395e+37; 5.84497871e+37,2.57305589e+38; -2.89485904e+38
66538,100000,-3.21193232e+38; -1.92474388e+38,1.56806726e+38; -2.25484983e+38
72538,100000,-1.6820185e+38; 3.21881516e+38,8.84043404e+37; -3.37825498e+38
75337,100000,-5.52989402e+37; 8.63180918e+37,-1.09678053e+38; -1.51408715e+38
68454,100000,-2.60087017e+38; 2.70950661e+38,-1.83548302e+38; 2.36487663e+38
78715,100000,-1.90873274e+38; 1.67960028e+37,-2.39051907e+38; 3.17101439e+38
70564,100000,1.23384327e+38; -1.02652429e+38,2.79982581e+38; -4.15144898e+37
74767,100000,-2.15089741e+38; 2.48470957e+38,-1.59423309e+38; 1.71495683e+38
67798,100000,-1.66416532e+38; 4.84535002e+37,-3.05990572e+37; 2.32310907e+38
68887,100000,2.08492279e+38; -1.08364675e+38,1.80526667e+37; 1.63997165e+38
65044,100000,-2.30414319e+38; -1.49615638e+38,2.65025804e+38; 1.14640885e+38
67118,100000,-1.54611115e+38; 2.87155211e+38,3.60529085e+37; 9.87102384e+37
64347,100000,2.26618608e+38; 2.64500105e+38,-1.82938144e+37; -6.43255961e+37
69032,100000,-1.3719389e+38; -2.13266697e+38,1.01592389e+38; 2.61966081e+38
69632,100000,-2.1840194e+38; -2.99956495e+38,3.11159342e+38; -2.65469969e+38
66763,100000,-1.56654882e+38; 1.02302517e+38,6.57198191e+37; -6.90737551e+36
67564,100000,-3.47669581e+37; -2.92787292e+38,-2.61572744e+38; -8.54274404e+37
65340,100000,1.12878505e+38; 2.5638491e+38,2.57859421e+38; -1.86755134e+38
63427,100000,-2.16270887e+38; -3.28428546e+37,-1.3076248e+38; 1.94814816e+38
67791,100000,-1.38135622e+38; -2.45729404e+38,-5.90647599e+37; -2.14048736e+37
64332,100000,-2.52461034e+38; -2.63699578e+38,-1.35142861e+38; -3.36024237e+38
66363,100000,-9.10075775e+37; 2.41223849e+38,-3.01770432e+38; 6.01218982e+36
63939,100000,2.50234228e+38; 2.61837978e+38,-2.55989707e+38; 2.12124047e+38
63744,100000,3.09577517e+38; -9.18728822e+36,3.04206613e+38; 1.05280411e+38
68243,100000,1.86102568e+38; -1.87705365e+38,2.05366658e+38; 2.18492927e+38
64867,100000,-1.61017245e+37; -2.90304988e+38,-3.29122336e+38; -2.07735218e+38
63792,100000,-2.66088197e+38; 2.38155344e+38,1.42482751e+38; 7.01105247e+37
64895,100000,-2.35570493e+38; 1.18304233e+38,-1.99371421e+38; 1.71991122e+38
65330,100000,1.30127338e+37; -1.99472448e+38,1.68170027e+37; -2.43645143e+38
64362,100000,-4.13827555e+37; 2.66748248e+38,9.06596125e+37; 2.1673144e+38
64529,100000,7.69137013e+37; -2.82920143e+38,2.86168391e+38; 1.58224877e+37
61085,100000,4.31847336e+37; -1.06757163e+38,3.23187419e+38; -2.94717528e+38
63863,100000,-2.9113892e+38; 1.39496389e+38,1.50807626e+38; -8.46007953e+37
64672,100000,1.90151261e+38; 9.9625543e+37,5.47859575e+36; 3.0076055e+38
63067,100000,2.00447241e+38; 1.56873749e+38,3.38638762e+38; -2.51145035e+37
65386,100000,1.52340651e+38; 2.25136227e+38,2.63492211e+38; -1.35892002e+38
61177,100000,-9.62597481e+37; 1.55938091e+38,-2.05677958e+37; 1.21191231e+38
65962,100000,2.4338928e+38; 1.75225781e+38,2.69837319e+38; 3.22400766e+38
59982,100000,-2.12863909e+38; -3.26695323e+38,2.0573237e+38; 2.94333156e+38
61913,100000,1.72967456e+38; -3.32701167e+38,7.54196077e+37; 5.17227749e+36
61368,100000,-9.21147841e+37; 7.8135184e+37,-1.48990943e+37; 3.92440065e+35
62750,100000,-7.08777018e+37; 1.18274306e+38,2.28220999e+38; -2.44548704e+38
62555,100000,-2.01024704e+37; -1.59894977e+38,1.51378768e+38; -1.82138127e+38
63612,100000,1.35163499e+38; 2.03184839e+38,-1.57736918e+38; 1.89939513e+38
64535,100000,-9.13334956e+37; 3.03613515e+38,-2.32259044e+38; 2.5880164e+38
60279,100000,1.27106677e+38; -2.39318438e+37,2.72608302e+38; -4.01511848e+37
63397,100000,4.88118346e+37; 2.19830572e+38,-8.5040234e+37; 2.46717989e+38
64550,100000,3.08772711e+38; 6.25866178e+37,-2.17801114e+38; 2.22565128e+38
61981,100000,3.12004591e+38; 2.58487283e+38,2.97022725e+38; 2.60221895e+38
65978,100000,3.04208814e+37; 6.14472585e+37,7.57885295e+37; -3.39298305e+38
63715,100000,-1.73992942e+37; 1.57588126e+38,-7.01417343e+37; -2.32937106e+38
66600,100000,1.53085736e+38; -4.84212454e+36,-1.14650275e+38; 2.89768438e+38
65019,100000,-3.27842232e+38; -1.96248519e+38,6.28318017e+37; -9.09137815e+37
64341,100000,2.54936016e+38; 3.30065387e+37,3.10069122e+38; 3.2999233e+38
67292,100000,2.06519896e+38; -2.9682842e+38,-1.79224579e+38; 1.11028729e+38
62916,100000,-8.10940631e+37; 1.72368151e+38,2.63025959e+38; -1.26901753e+38
65479,100000,1.12930783e+37; -1.41928575e+38,-2.89644857e+38; -1.26001042e+38
67538,100000,-8.87394464e+37; -5.28308752e+37,1.47081716e+38; 3.0491601e+38
63185,100000,2.62484449e+37; 3.31330097e+38,-4.08249513e+37; -2.66118763e+38
63966,100000,2.79309798e+37; 1.09290111e+38,2.1042986e+37; 7.95286464e+36
60229,100000,6.99016159e+37; -1.79401969e+38,-3.31202165e+37; 2.43262272e+38
63308,100000,-2.84336504e+38; 1.08665737e+38,1.20961411e+38; -2.34669913e+38
61702,100000,1.64989533e+38; 2.19474007e+38,3.02872071e+38; 2.7061448e+38
62481,100000,-1.72471267e+38; -5.29290927e+37,-3.95519917e+37; 2.71792807e+38
64451,100000,-1.96014036e+37; -2.96597748e+38,2.75816242e+36; 2.70398351e+38
63032,100000,-6.69736878e+37; -1.08328593e+38,2.29983115e+38; -2.94405159e+38
64036,100000,-7.1437329e+37; -2.2772911e+38,-5.39121456e+37; 3.33754555e+37
63274,100000,2.91489218e+38; -2.52119255e+38,2.17019896e+38; -3.28261612e+38
63047,100000,-3.22327932e+38; -2.68244075e+38,-1.50752153e+38; -2.56380123e+38
64689,100000,-5.56711173e+37; 2.15428599e+38,6.39048781e+37; 1.79848081e+38
62793,100000,2.15822159e+38; 3.0753992e+37,-5.92149005e+37; 9.1873393e+37
65531,100000,-1.67616389e+38; -2.08564829e+38,2.5557479e+38; -1.30681198e+38
65491,100000,-1.72794407e+38; -3.59373063e+37,-2.70793371e+38; 1.00073095e+38
64802,100000,-1.8463619e+38; -2.52488618e+38,-7.3573016e+37; -4.0665349e+37
73482,100000,1.90764459e+38; -7.90668514e+37,-4.44647666e+37; -2.4338245e+37
64435,100000,-1.01504262e+38; 2.39882776e+38,1.50096534e+38; -2.86440764e+38
68485,100000,-2.55164233e+38; 3.04829972e+38,-1.72044201e+38; -6.24951036e+37
68307,100000,7.00106186e+37; 1.21906277e+38,-2.08410967e+38; 3.58578069e+37
62504,100000,6.63218213e+37; 9.19610029e+37,9.99898252e+37; 1.65332812e+38
74835,100000,-1.33993964e+38; 9.08279667e+37,-2.1473488e+38; -1.6015303e+38
71360,100000,2.42286384e+38; 3.06505279e+38,1.01811795e+37; 1.18254044e+38
79237,100000,-3.28248205e+38; -1.26839354e+38,1.82257834e+38; 3.29355072e+37
69477,100000,5.54134001e+36; 1.4648729e+38,9.33819784e+37; -1.74751558e+38
67635,100000,1.08889878e+38; -1.76418691e+38,3.16799956e+37; -1.73944014e+38
66303,100000,1.75535493e+38; -2.81262421e+38,1.75591229e+38; 2.83398666e+38
66318,100000,-3.08383349e+38; -1.7593964e+38,3.22909712e+38; -9.57852107e+37
79927,100000,-3.29410468e+38; 2.90054095e+38,2.46605645e+38; -3.36528326e+37
62897,100000,-3.02217395e+38; 2.95140031e+38,2.17745419e+38; -1.86549592e+38
71720,100000,-4.37535892e+37; 1.44084098e+38,2.4575711e+38; 2.10931812e+37
65712,100000,-1.31543302e+38; -2.79465927e+38,1.88355538e+38; 9.9257184e+37
64613,100000,1.87122246e+38; 2.31206367e+38,7.86661319e+37; -2.07812494e+38
65587,100000,-1.26914359e+38; 2.77302199e+38,-2.4738818e+38; -1.23406759e+38
65209,100000,2.74319164e+38; -5.73652208e+37,-2.82663185e+38; -1.81822188e+38
65846,100000,1.16598832e+37; 1.33878304e+38,1.98475669e+38; 2.76416994e+38
64656,100000,2.79543406e+38; 6.87819813e+37,2.11741176e+38; 1.55344314e+38
64080,100000,-2.48776775e+38; -3.14445092e+38,1.09629629e+38; 1.37790497e+38
64777,100000,-8.23192981e+37; 2.36978011e+38,-2.91316493e+38; 1.0691713e+38
63150,100000,-4.11612945e+37; -2.80933367e+36,2.68221318e+38; 2.46625298e+38
61298,100000,-3.11116668e+38; -7.26663365e+37,4.06771077e+37; 2.72366394e+38
66501,100000,-1.0737392e+38; -3.3284428e+38,2.1501786e+38; -1.87137782e+38
62123,100000,-1.26386367e+38; -1.80313501e+38,-4.83702307e+37; 3.27778221e+38
62756,100000,-2.99681222e+38; -2.39883628e+38,2.23972037e+38; 1.62306981e+38
67178,100000,-6.19954414e+37; -2.09311039e+38,-2.36363271e+38; 8.52981604e+37
62524,100000,-6.4458598e+37; 8.73771885e+37,-1.11103683e+38; -8.63582611e+37
67928,100000,-6.28645578e+37; -3.0087257e+38,-2.04792828e+38; -1.17506343e+38
62425,100000,2.03964272e+38; 2.58000181e+38,-8.8792495e+37; -1.04580818e+35
71387,100000,-5.65344533e+37; 3.00466699e+38,2.44694012e+37; -1.7800151e+38
63429,100000,3.36628957e+38; 1.4589124e+38,-1.96470246e+38; -2.42160166e+38
63705,100000,1.2666166e+38; -7.98453055e+37,-8.25150538e+37; 1.50564718e+37
65133,100000,-3.15440938e+38; -3.16927578e+38,-1.22242144e+38; -2.56887954e+38
60195,100000,2.47438521e+38; -2.89120699e+38,-1.02778626e+38; -9.45135746e+37
63124,100000,-1.45451396e+38; -7.93674621e+37,-4.04820366e+37; 5.39882959e+37
61487,100000,2.81424984e+38; 2.71062722e+38,1.46606773e+38; 3.22605456e+38
62474,100000,1.41243323e+38; 1.75373538e+38,3.34782492e+37; 1.85557356e+38
67578,100000,-1.98812864e+38; -2.83714402e+38,2.83759733e+38; -1.46189027e+38
61844,100000,-1.59541099e+38; 4.88866665e+37,9.49225694e+37; -1.74076316e+38
64294,100000,1.36846726e+38; -1.83834568e+38,1.61443285e+38; 1.42759352e+38
60532,100000,1.1919388e+38; 4.39833382e+37,-2.25321324e+38; -2.45563717e+38
66292,100000,-7.49907311e+37; -2.11138992e+38,-3.27493618e+38; 1.4622083e+38
64415,100000,2.83276667e+38; -1.95451785e+38,-1.8807418e+38; -1.75654957e+38
66817,100000,-5.34343567e+36; 4.46383688e+37,2.49947253e+38; 1.67836493e+38
64061,100000,-3.33590855e+38; 7.60395446e+37,-1.95856804e+38; 2.49768747e+37
59865,100000,5.84995145e+37; 1.51431462e+38,-3.10209694e+37; 1.31791538e+38
67135,100000,2.99607414e+38; -2.84654187e+38,-1.56412274e+38; 1.7569615e+38
60250,100000,-5.23421451e+37; 1.73907992e+38,-1.97190718e+38; -3.12306596e+38
67556,100000,1.315116e+38; 2.17793508e+38,2.27246267e+38; 1.35234802e+38
64037,100000,9.1153905e+37; 2.35327824e+37,-2.42279386e+38; 3.36824784e+38
65107,100000,-2.69873381e+38; -1.38830082e+38,3.71648687e+37; 8.56352642e+37
67121,100000,-1.76881434e+38; -2.48949389e+37,-1.74899599e+38; -6.40669916e+36
60956,100000,-2.66376471e+38; 2.59256574e+38,-2.42431662e+37; 3.69582493e+37
70072,100000,6.96687738e+37; -2.98726225e+37,3.0665687e+38; 3.71577775e+37
62994,100000,2.61200927e+38; -5.92307664e+37,-2.00383128e+38; -9.06196055e+37
66732,100000,-2.80283247e+38; -3.30592588e+38,-1.58388744e+38; -1.76595107e+38
63237,100000,-2.47919904e+38; -2.09614302e+38,-4.87247064e+37; 2.37003161e+38
66432,100000,1.65031142e+38; 2.92783256e+38,-3.19543522e+38; -1.55163952e+38
66507,100000,1.15063793e+38; 2.17231706e+37,8.89632323e+37; 5.18632927e+37
63872,100000,3.10587723e+38; 2.50351562e+38,1.86143802e+38; -1.89383288e+38
66249,100000,-2.82753543e+38; 2.26357634e+38,-1.20551949e+38; -2.85666077e+38
62516,100000,1.37861566e+38; -3.01436685e+38,9.3025008e+37; 2.29185671e+38
66320,100000,-4.75062406e+37; -3.06132265e+38,1.78319801e+38; 2.06729677e+38
60220,100000,-1.9586224e+38; 6.69165776e+37,1.52320085e+38; 1.58314084e+38
68154,100000,5.90847229e+37; -2.96845295e+38,2.42573705e+36; -3.06211326e+38
61758,100000,2.16040763e+38; 1.69310477e+38,2.52189331e+38; 1.14798905e+38
67325,100000,-3.57137435e+37; -2.07242558e+38,-2.28128988e+37; 1.49232271e+38
62069,100000,-2.62930064e+38; -2.67086857e+37,-2.7390739e+38; -2.73320174e+36
62165,100000,4.32932799e+37; -1.48352004e+38,9.141425e+37; -3.80642833e+36
65835,100000,-2.43440473e+38; -2.95599002e+38,1.84364081e+38; -1.36276458e+37
80842,100000,-2.86185935e+38; 2.05460647e+38,-2.91339533e+38; -3.15190917e+38
78972,100000,-2.87533519e+38; 2.09331768e+38,-1.84387629e+38; 2.22404917e+38
70636,100000,2.50306292e+38; -2.92627203e+38,2.91003393e+38; -7.55446741e+37
70707,100000,-2.96771731e+38; 8.50073562e+37,-2.17120229e+37; -1.26236957e+37
67109,100000,7.78615794e+37; 1.54437041e+38,5.70361894e+37; 6.04660767e+37
69511,100000,1.49142511e+38; -3.1137614e+38,-4.22345077e+37; 3.32255198e+38
70698,100000,-1.72131415e+38; 2.41657127e+37,3.11458832e+38; 2.92856049e+38
60997,100000,-2.48702258e+38; -1.97940761e+38,-2.39314357e+37; -1.27766048e+37
74548,100000,-2.31268938e+38; 2.17416438e+38,1.21061089e+38; -3.83469428e+37
63645,100000,-1.912346e+37; -2.70443337e+38,-1.86481849e+38; -1.94564004e+38
82873,100000,1.55664188e+38; 3.25130717e+38,2.47834292e+38; -1.98417317e+38
62269,100000,-7.37719459e+37; 1.04130814e+38,-2.14959933e+36; 1.25652925e+37
70052,100000,-1.03597154e+37; -1.26551618e+38,2.37805229e+38; -1.45998646e+38
62824,100000,1.61285691e+38; -1.52123082e+38,3.39057877e+38; 2.76451555e+38
68048,100000,2.38098122e+37; 1.94330654e+38,2.28748849e+38; -2.86465995e+38
59339,100000,1.54192925e+37; 1.02521678e+38,1.04858192e+38; 8.37869434e+37
68934,100000,3.06257631e+38; 2.98963853e+38,7.32426155e+37; -2.94838513e+38
60611,100000,-3.36896523e+38; 2.63247037e+38,6.41697664e+37; -2.82928621e+38
66038,100000,-3.28144744e+38; 7.28501813e+37,-1.17232165e+38; -3.48557291e+37
62197,100000,-4.94271826e+37; 1.81120194e+38,1.9238689e+38; -8.93468437e+37
62659,100000,2.78490688e+38; 2.09108033e+38,-1.61287547e+38; 6.0427388e+37
72671,100000,2.48321922e+38; 2.31060537e+38,1.88051119e+38; 2.15064023e+38
64310,100000,2.86719464e+38; -2.28529921e+38,-2.18202219e+38; 2.33728424e+38
71348,100000,-3.35975397e+38; -1.48957434e+38,2.50821607e+38; 5.20603464e+37
71618,100000,-1.41170347e+38; 1.93795909e+38,1.11773743e+38; 2.39416686e+38
68745,100000,-2.77461051e+38; -2.06899907e+38,-4.71176145e+37; -1.29885927e+37
80622,100000,-1.73328605e+38; 1.22904227e+37,-1.60394766e+38; 8.0065897e+37
61507,100000,3.30640474e+38; 3.1507983e+38,-4.08108093e+37; -2.79282635e+38
72036,100000,-1.13001315e+37; -1.65992214e+38,-2.16624248e+38; 2.7709903e+38
61088,100000,-2.13891355e+38; 3.16765907e+38,7.75304133e+37; 1.03802817e+38
70515,100000,1.46777034e+38; -2.30474213e+38,1.88222343e+38; -1.44834872e+38
64574,100000,-1.42705259e+38; -2.26433303e+37,1.18227159e+38; -2.08139345e+38
67271,100000,-2.96499581e+38; 4.37450351e+37,2.64086851e+38; -2.15131523e+38
63065,100000,3.10927777e+38; -3.14190162e+38,2.09244716e+38; 2.81236622e+38
68699,100000,1.39329922e+38; -1.38938075e+38,-2.50823372e+38; 5.89727843e+37
61796,100000,-8.31109357e+37; 2.19762808e+38,-3.62830225e+37; 2.60430987e+38
71219,100000,6.46992133e+37; -2.65468853e+38,1.15384772e+38; -1.4230169e+38
62912,100000,1.16474536e+38; 6.12674753e+37,-3.10654513e+38; 1.77662874e+38
69963,100000,1.45409229e+38; -1.99326719e+38,1.50609771e+37; 1.28483731e+38
65625,100000,-3.28539825e+38; 2.51568487e+38,1.44542339e+38; 3.1968558e+38
66283,100000,1.29401084e+38; 2.80241141e+38,-2.735188e+38; 3.30572731e+38
69011,100000,-2.5306042e+38; -1.55437927e+38,1.15173683e+38; -6.66468723e+37
64566,100000,-3.21211628e+38; -1.22700891e+38,-4.03371339e+37; 3.39541978e+38
66950,100000,2.4156721e+38; -1.94265203e+38,3.78414544e+37; 1.55347904e+38
67851,100000,1.63023569e+38; -1.15171685e+38,3.09061228e+38; 9.16154477e+36
65256,100000,-2.70056004e+38; 2.15709409e+38,-1.4791006e+38; -4.09787401e+37
69269,100000,-1.55921115e+38; -2.01852873e+38,-3.57180687e+37; -2.95505317e+38
63552,100000,1.89010944e+38; 4.24726967e+37,-4.47630904e+37; 1.56990373e+38
66795,100000,-1.71591031e+38; 1.94158274e+38,-1.74667021e+38; 9.66499613e+37
63586,100000,-1.19063322e+38; 2.1782235e+38,-1.88931862e+38; -7.18783193e+37
65789,100000,-2.24300202e+37; 2.63987244e+38,-1.46415997e+38; -2.47389661e+38
60920,100000,-1.95819363e+38; 3.10417695e+38,-1.19658499e+38; -1.18822042e+38
70928,100000,-2.95676805e+38; 2.08250797e+38,-4.59294151e+37; -2.31060313e+38
62704,100000,6.3884905e+37; -3.10218461e+38,7.08679105e+37; -1.33716521e+38
73521,100000,2.53423587e+37; -6.0465737e+37,1.26518046e+37; 8.14389807e+37
60526,100000,3.23167523e+36; -3.28857894e+38,-2.11247726e+38; -3.29490036e+38
65845,100000,3.63441182e+37; 2.14864099e+38,-1.06832522e+38; 1.94649616e+38
64620,100000,1.49941019e+38; 1.18863733e+38,-2.61943973e+37; 2.13383301e+38
65516,100000,-2.03396303e+38; 7.13387818e+37,-7.76185708e+37; 2.2463689e+37
62531,100000,-1.76245783e+38; 7.47119443e+37,1.67726187e+38; -1.72845295e+38
67093,100000,1.74623292e+38; 2.53154835e+38,8.06024377e+37; -2.47573927e+38
66224,100000,2.68652279e+38; 2.4555532e+38,2.74998726e+38; -1.83926164e+38
75245,100000,2.3611832e+38; 2.4350706e+38,-2.99724099e+38; -2.73859504e+38
61539,100000,-1.5264941e+38; 1.38694697e+38,-1.05284751e+38; -1.96420128e+38
69220,100000,1.51461956e+38; -1.36503051e+38,-2.66026599e+38; -1.22098879e+38
62503,100000,5.29979363e+37; -1.81847845e+38,1.57408759e+38; 6.76096276e+37
70379,100000,-2.97337549e+38; -1.39179781e+38,5.29612556e+37; 8.77408419e+37
62072,100000,9.47055476e+37; 2.36303382e+37,-1.70832509e+38; -2.68010422e+38
76082,100000,-1.08234898e+38; -1.16841871e+38,-2.83927225e+38; -5.31581065e+37
64710,100000,-1.17445506e+38; -8.23518666e+37,1.80559933e+38; 1.32683558e+38
74284,100000,1.6437096e+38; -2.66317956e+38,2.23517199e+37; 1.98537348e+38
65882,100000,-1.52066108e+38; -1.49442204e+38,1.51863497e+38; -1.43569564e+38
72298,100000,-3.13401765e+38; 1.50419309e+38,-1.12410565e+37; 2.96966503e+38
69485,100000,-3.01252338e+38; 3.10913174e+38,1.45670994e+38; -5.04655608e+37
65385,100000,1.99779767e+38; 3.29625664e+38,-2.85736031e+38; 4.32768512e+37
69355,100000,-9.43694376e+37; -2.78888487e+38,1.96845349e+38; -5.934701e+37
69851,100000,-1.56893717e+37; 2.53505031e+38,2.12946215e+38; -1.17777387e+38
65842,100000,1.50906523e+38; -1.71199319e+37,2.14751045e+38; 2.82084954e+38
64314,100000,2.86965977e+37; 1.37674626e+37,3.23338057e+38; 4.83312581e+37
65790,100000,-2.17621777e+38; -3.1271054e+38,-2.09443139e+38; -3.36011419e+38
71063,100000,-1.85780787e+38; 3.28282381e+38,-2.79884414e+38; -2.86623893e+38
68507,100000,2.54213556e+38; 4.80615629e+37,6.41880546e+35; -1.25353544e+37
68654,100000,2.35128559e+38; 2.7575027e+38,-3.0189452e+38; -1.38386353e+38
63830,100000,1.90825408e+38; -4.06044586e+37,4.79584623e+37; -1.89391036e+38
65854,100000,-8.43926218e+37; 2.94975277e+38,5.58969924e+37; -6.50279849e+36
63891,100000,-1.51038855e+38; 2.79894251e+38,-3.39725975e+37; 6.88322309e+37
86956,100000,-1.57155442e+38; 1.04168346e+38,-8.06577834e+37; 2.61173526e+38
77069,100000,-1.70296993e+38; -7.1805622e+37,-1.81548599e+38; -2.0875159e+38
63078,100000,3.33352415e+38; 1.63349284e+38,2.02146879e+37; -2.01486167e+38
64336,100000,-1.51006332e+38; -1.66089387e+38,-2.26732757e+38; 9.42437678e+37
62351,100000,4.76555496e+37; 3.90915912e+37,-2.34732302e+38; -1.09076051e+38
64188,100000,1.37395365e+38; 2.16405056e+38,3.23274329e+38; -4.99093766e+37
65982,100000,3.24889235e+38; 1.62650606e+38,-1.42677209e+38; -3.2599917e+38
63934,100000,1.5705121e+38; -4.45457999e+37,-1.19539624e+38; 2.21943695e+38
69949,100000,-3.22285258e+38; 1.72290348e+38,-1.28362442e+38; 5.14705796e+37
63028,100000,1.8974399e+38; 3.04627777e+38,-1.4030871e+38; 1.76570707e+38
71741,100000,-1.51755636e+38; -2.37240546e+38,2.62562688e+38; -7.78818618e+37
63476,100000,3.15279853e+36; 1.26199059e+38,-2.85468709e+38; -1.10137693e+37
62019,100000,2.71956223e+38; -7.02954597e+37,-9.38949307e+37; -1.11232973e+38
69502,100000,2.39181147e+38; 2.77499851e+38,1.18135321e+38; -7.97514081e+37
60894,100000,-8.12215887e+37; 1.96553079e+38,-2.22734577e+37; -1.93443035e+38
64378,100000,2.30444053e+38; -8.51917487e+37,3.67773885e+37; -2.27848675e+38
61468,100000,-1.75376682e+38; 3.32372978e+38,-1.59862371e+36; -2.16388667e+38
71472,100000,6.2412184e+37; -2.56243014e+38,1.18516032e+38; -2.10322389e+37
60620,100000,2.97209141e+38; -1.08973249e+38,2.87474193e+38; 1.63179226e+38
69194,100000,-7.3828909e+37; 3.27797834e+38,1.09492317e+38; 1.08591108e+37
65732,100000,-2.1426443e+38; 9.85976102e+37,1.66937699e+38; -1.56924212e+38
74265,100000,-2.88069908e+38; 1.05484046e+38,4.65677786e+37; 1.69582028e+38
63377,100000,-2.62358079e+38; 2.83328732e+38,3.4073247e+36; 6.38467639e+37
66553,100000,1.84052462e+38; 3.20523953e+38,-3.19745251e+38; -6.70859408e+37
74514,100000,-2.70942913e+38; 1.19408549e+38,3.93543219e+37; -5.47576939e+37
67291,100000,-2.65166138e+38; -3.11323959e+37,2.17080602e+38; 2.22616685e+38
67512,100000,2.2819952e+38; 2.19896895e+38,-2.97241836e+38; -1.17100218e+38
63976,100000,-2.54516961e+37; -2.908904e+38,2.62776181e+38; -3.39804838e+38
66629,100000,-2.95966134e+38; 2.06239268e+38,3.58891381e+37; 2.74457287e+38
63838,100000,7.86157859e+37; -2.78425669e+36,2.70583124e+38; 1.68952766e+38
64142,100000,-1.27860706e+38; 4.24576802e+37,1.21522808e+38; 5.96020714e+37
64290,100000,-2.14088602e+38; -1.43424372e+38,-4.43461652e+37; -7.70133234e+37
64945,100000,3.35527886e+38; -2.16953963e+37,1.27525377e+38; 3.03103311e+38
62869,100000,-4.13354925e+37; 1.16565868e+38,1.26186829e+38; 2.93486142e+38
65541,100000,-9.16647986e+37; -1.79179289e+38,3.03949229e+38; -2.01096694e+37
63366,100000,5.87117142e+37; -2.33664108e+38,3.41610971e+37; -2.69234141e+38
67190,100000,1.45914241e+38; 6.15125882e+37,2.03873467e+38; 2.30717602e+38
65143,100000,-2.75357218e+38; 3.15311374e+38,-9.76015207e+37; 7.02682103e+37
72173,100000,6.80895651e+37; -2.51311224e+38,2.15910023e+38; -2.92645355e+38
65146,100000,2.61585502e+38; 2.95313831e+38,3.92033118e+37; -9.35930016e+36
67204,100000,-1.59744826e+38; 3.13917405e+38,2.87694541e+38; 2.5838725e+38
66459,100000,2.64462339e+38; -1.21189958e+37,-8.09735044e+37; 2.57751376e+38
65321,100000,-1.18065133e+38; 9.41717754e+37,2.53885184e+38; 5.69988647e+37
66417,100000,-2.58975176e+38; 4.16380122e+37,3.25344595e+38; -1.53747713e+38
62697,100000,-3.03019382e+38; -1.53382102e+38,2.4030609e+38; -2.69721142e+38
66698,100000,-5.14745847e+36; -1.92289392e+38,-1.61100147e+38; -1.19610095e+38
65355,100000,3.11940985e+38; -1.25586601e+38,-3.25554762e+38; 4.96316698e+37
67414,100000,-3.15423434e+38; -1.94855264e+37,-2.09894787e+38; -7.30316709e+36
64132,100000,-2.98933065e+38; 2.75795196e+38,2.48022249e+38; 2.96366894e+38
64057,100000,-2.81717355e+38; -3.2857463e+38,3.2951545e+38; 1.88774167e+38
61361,100000,-3.31763471e+38; 1.44039477e+38,-1.60903459e+38; -7.31154803e+37
71204,100000,2.77163508e+38; -4.2506974e+37,1.51150692e+38; 1.71233695e+38
62707,100000,-1.69346113e+38; -2.87498978e+38,-2.73350841e+38; -1.39147542e+38
72469,100000,-1.10190224e+38; 3.20408019e+38,2.78534376e+38; -1.08441414e+38
61602,100000,-8.22089922e+37; -9.33444559e+37,-2.23219803e+38; -2.86137602e+38
67177,100000,-1.18651112e+38; 1.05821799e+38,-2.00697447e+37; -2.0566982e+38
68881,100000,2.64043127e+37; 1.18087576e+38,-5.55664499e+36; 2.1225923e+38
66544,100000,-2.57066987e+38; -1.58479214e+38,-1.44495628e+38; -6.97482657e+37
67642,100000,3.18575138e+38; -2.82958923e+38,-7.44330155e+37; -2.88617167e+38
66728,100000,9.39437542e+36; -1.84922213e+38,-2.40655191e+38; -3.06727351e+38
64493,100000,9.51565472e+37; -2.82745816e+37,9.70000459e+37; 3.59359322e+37
69041,100000,2.21650959e+38; 2.19643893e+38,1.78098685e+37; 3.19095017e+38
62033,100000,1.38887593e+38; 1.17762773e+38,2.5694655e+38; 3.35489268e+38
66589,100000,-1.16162004e+38; 3.16071868e+37,1.69758115e+37; -1.63412829e+38
62072,100000,-1.11527369e+36; 2.52070963e+38,4.79437779e+37; 1.96295411e+38
65689,100000,2.98622338e+38; 8.18173997e+37,-2.99295227e+38; 2.9706684e+38
62120,100000,2.49897074e+38; 3.16055171e+38,2.48112404e+38; 1.90077535e+38
78539,100000,-1.76340218e+38; 8.35427787e+37,1.57239269e+38; 2.62263888e+38
60412,100000,3.00497143e+38; 1.52115689e+38,-2.79199416e+38; 3.00628634e+38
66525,100000,1.71051985e+38; 1.02247602e+38,8.70165267e+37; -3.48028503e+37
72008,100000,-2.66454984e+38; 3.01931961e+38,4.90547215e+37; -1.51204035e+38
73659,100000,-2.07242396e+38; 1.29980745e+38,-2.21265634e+38; -1.33704646e+38
65931,100000,-1.34350549e+38; -1.69083344e+38,4.61823571e+37; 2.42359015e+38
73244,100000,9.16435122e+37; 2.47197688e+38,1.00939681e+38; -1.71245297e+38
65143,100000,1.44640931e+38; -2.23016837e+38,-2.46523562e+38; 2.41515645e+35
69581,100000,5.46291389e+37; 2.80491629e+38,2.08777004e+38; -2.02169177e+38
65858,100000,2.66341869e+38; -1.22093544e+38,-1.28138808e+38; 2.69984489e+38
71495,100000,1.71351394e+38; 6.07975014e+37,-1.9006717e+38; 3.36723473e+38
69888,100000,-6.52689209e+37; -1.21243549e+38,-1.60414216e+38; -3.00869812e+38
67397,100000,1.93222789e+38; -3.06170315e+38,-2.26000603e+38; 5.41314188e+37
66599,100000,1.37481132e+37; -3.2315158e+38,1.48377324e+37; -2.39982206e+37
67386,100000,1.22031653e+38; -1.05765911e+38,-2.66177987e+38; -4.37284137e+37
70433,100000,7.46170733e+37; 7.63811156e+37,2.04910385e+38; 2.11759897e+38
64081,100000,3.11160214e+38; 2.52232593e+38,-1.69495696e+38; 1.71001604e+38
73973,100000,-2.6617318e+38; 3.40636072e+37,-3.20912848e+38; 6.99813169e+36
72683,100000,1.61442088e+38; 2.43379545e+38,-2.06585837e+37; 1.63620997e+38
63477,100000,1.10703065e+38; -1.63229182e+38,2.59510023e+38; 2.34715224e+38
66268,100000,5.01157653e+37; -3.31078291e+37,-3.06243007e+38; -3.35841777e+38
64101,100000,1.73033881e+38; 1.58717867e+38,2.10393755e+38; -3.02769766e+38
69898,100000,-2.58581616e+38; 3.1594234e+38,-3.22880607e+38; 4.0217952e+37
65155,100000,1.23375121e+37; 2.11147328e+38,6.17756257e+37; -2.92772628e+38
78596,100000,-3.15143238e+37; -2.46083149e+38,2.81448208e+38; -1.94407647e+38
87384,100000,7.08470297e+37; 1.32522293e+38,-1.16820088e+37; -1.45906604e+38
74852,100000,-2.76896206e+38; 2.63798029e+38,-2.33408915e+38; -4.37340877e+37
66383,100000,7.22212745e+37; 2.28480188e+38,2.79605997e+37; -3.30191888e+38
76547,100000,-1.5844018e+38; -2.68966271e+38,1.97881699e+38; 2.75829615e+38
75245,100000,-1.52553992e+38; 5.88108039e+37,2.45433362e+38; -1.40382731e+38
75651,100000,2.37696353e+38; -2.82807292e+38,4.60849407e+37; -2.41415356e+38
63067,100000,-4.83540758e+37; -9.83053609e+37,1.40014149e+38; 8.00150592e+37
70668,100000,1.06195107e+38; 5.73925564e+37,-1.18138688e+38; -1.95777236e+38
64714,100000,-1.16441567e+38; -4.75057331e+35,-2.1892549e+38; 1.41892452e+38
69020,100000,-1.67956447e+36; 2.2554074e+38,-8.37006557e+36; 1.36427164e+38
66785,100000,-2.19508508e+38; 1.21258903e+38,-4.51638099e+37; 1.25928877e+38
71113,100000,3.77378918e+36; 3.14642055e+38,-1.94142251e+38; 1.05180996e+38
74318,100000,-3.09893517e+37; 2.11202942e+38,3.39504537e+38; 9.16889042e+37
68234,100000,-1.27649495e+38; -1.72851603e+38,8.07830374e+37; 4.74346285e+37
62055,100000,-2.28780814e+38; 1.55857438e+38,-2.07989417e+38; -9.09279285e+37
65213,100000,-1.33704037e+38; 1.04155822e+38,3.16217192e+37; 1.50998148e+38
72159,100000,-7.35180557e+37; -1.99238105e+38,2.77941379e+38; -3.00743959e+38
65449,100000,1.43753414e+38; 2.573121e+38,8.75926789e+37; -3.59183423e+37
70420,100000,1.6857597e+38; -1.09855666e+38,1.82689809e+38; 2.64884274e+38
66438,100000,-4.02704352e+37; -1.72193966e+38,-1.72588276e+38; -2.93418501e+38
70037,100000,-5.69523977e+37; -3.28432166e+38,2.60721106e+38; 2.75459177e+38
64021,100000,-3.16590641e+37; -1.38219024e+38,-1.68419126e+38; -2.22398609e+38
65197,100000,-5.51909921e+37; 4.17746066e+37,2.39949647e+38; 2.72317057e+37
64582,100000,1.47068857e+38; -3.16506961e+38,2.57802589e+38; 1.93405148e+38
62837,100000,1.43529547e+38; 1.43004273e+38,2.06387066e+38; -3.01419607e+38
70034,100000,8.41960852e+37; 3.19250137e+38,2.61461905e+36; -5.12027301e+37
62869,100000,9.2041879e+37; -1.01385668e+37,1.02518443e+38; 2.95912223e+38
65734,100000,1.5040076e+38; -7.62868138e+36,7.12245056e+37; 1.8453707e+38
64566,100000,-2.16114348e+38; -1.36669711e+38,1.69407133e+38; 1.34790576e+38
67032,100000,3.28757821e+38; -1.62713136e+38,1.89538448e+38; 1.48901353e+38
64447,100000,-6.94544091e+37; 1.01075778e+37,1.31572752e+38; 2.35427542e+38
64975,100000,5.95894659e+37; -7.00864292e+37,-2.52615181e+38; -1.32346718e+38
62611,100000,3.30097291e+38; -1.87880169e+37,-1.51037506e+38; 1.0543661e+37
63474,100000,-3.2937256e+38; 1.49404813e+38,1.2476777e+38; -8.47497443e+37
61641,100000,-2.06247767e+38; 1.59012448e+38,-7.04594836e+37; -2.51009442e+38
64775,100000,3.96768807e+37; 7.61684799e+37,2.89257382e+38; -1.02969762e+37
61477,100000,-4.48816664e+37; -2.90479133e+38,2.55529722e+38; 2.5829894e+38
65446,100000,-3.31237082e+38; -1.40643319e+38,-2.78887721e+37; -2.41593232e+38
62593,100000,1.77997149e+38; 2.2274124e+38,-1.84642579e+38; 1.46538442e+38
67044,100000,-2.23281786e+38; -7.17240614e+37,-3.2823492e+38; -1.21498306e+38
63135,100000,-1.40088869e+38; 5.14440882e+36,1.02459501e+37; -1.62907087e+38
64710,100000,-8.29734869e+37; 1.56029053e+37,2.64440799e+38; 1.03874018e+38
66684,100000,3.31139594e+37; 1.32298882e+38,1.7735519e+38; -1.33338802e+38
61532,100000,3.27906101e+38; 1.76303304e+38,3.71178972e+37; -3.24494113e+38
63047,100000,1.00279215e+38; -3.15226999e+38,-1.01549695e+38; 1.55218989e+38
65810,100000,-4.73745723e+37; 2.09028059e+38,2.51336557e+38; 3.00199458e+38
73524,100000,1.03885599e+38; -6.44686429e+37,-3.36509945e+37; 2.77361363e+38
65955,100000,-2.48350297e+38; -6.60205413e+37,2.98718761e+38; 1.66349691e+38
62732,100000,1.96378387e+38; -2.47594498e+37,-2.4154277e+38; 5.64741233e+37
66769,100000,-2.50939894e+38; 3.08090755e+38,1.26315386e+37; 2.9674944e+38
61650,100000,2.14067528e+38; -2.90356283e+38,1.19634465e+38; 2.59029229e+38
65392,100000,-3.11536453e+38; 2.35110893e+38,-2.1135646e+38; -5.56165982e+37
62830,100000,-6.84439698e+37; 8.76840816e+37,2.6184246e+38; -8.04387283e+37
64128,100000,1.80795046e+38; 2.20116371e+37,-2.97355418e+38; -3.3988617e+38
62757,100000,6.4518061e+37; 3.09308937e+38,-1.29573139e+38; -2.47760566e+38
63682,100000,2.39162142e+38; -1.64770827e+38,1.37273883e+37; -2.81010879e+38
67892,100000,-2.83118768e+38; -2.53155037e+38,2.22110923e+38; -5.38116514e+37
65261,100000,-1.64125259e+38; -8.28261149e+37,-1.07166452e+38; 2.58748013e+38
64272,100000,-3.10544379e+38; 3.23073959e+38,1.38279607e+38; 2.15069682e+38
68689,100000,1.95891082e+38; 1.6319026e+38,-1.45186528e+38; 1.99273599e+38
62232,100000,-1.67873945e+38; -3.14867757e+38,1.19707765e+38; 1.09177179e+38
70193,100000,2.10442055e+37; -7.36699811e+37,-2.80226537e+38; -2.46916817e+38
64866,100000,4.28709089e+37; -1.43301106e+38,2.87982308e+38; 2.86780215e+37
63256,100000,-4.66475646e+36; 1.00970064e+38,-1.24065573e+38; -2.69602408e+38
63644,100000,-2.74648185e+38; 1.6183289e+37,3.32588884e+38; 1.72939913e+38
66318,100000,1.27465158e+38; 1.02905371e+38,-1.03442216e+38; 2.63976393e+38
62192,100000,-2.16659721e+38; -2.10304005e+38,-3.15430696e+38; -3.08553661e+38
73136,100000,-7.00459151e+37; -1.16467529e+38,-5.9236055e+37; 1.19318789e+38
61705,100000,8.50140545e+37; 2.86264915e+38,8.7199332e+37; 3.09845386e+38
70306,100000,3.20504807e+38; 2.97766907e+38,6.50969615e+37; 3.02849152e+38
62081,100000,1.14903795e+38; 2.22309356e+37,-2.99342445e+38; 3.19129781e+38
68168,100000,-2.0020943e+38; 2.58887536e+38,1.58370896e+38; -7.24242507e+37
62290,100000,-2.77041591e+38; 2.32842427e+38,-7.4947565e+37; -2.62142275e+38
63281,100000,1.83883104e+38; -2.83907815e+38,3.28742568e+38; 2.69515742e+38
64533,100000,2.58865347e+38; -1.2894115e+38,2.09417116e+38; -2.25260315e+38
69519,100000,3.00074417e+38; -2.95655549e+38,3.17010776e+38; 2.88638423e+38
64769,100000,-2.53056404e+38; -5.50547805e+37,9.0808962e+37; 5.4303657e+37
70348,100000,2.28967615e+38; -8.29740143e+37,2.81444151e+38; 2.14167667e+37
62890,100000,-2.42934975e+38; 4.31610336e+37,9.78471673e+36; 4.44502602e+36
71057,100000,5.90481355e+35; 4.97883109e+37,-1.90137652e+38; 3.28742365e+38
65115,100000,-3.33068786e+38; -1.78599476e+38,-3.13265224e+38; -2.17451019e+38
71289,100000,3.07859231e+38; -1.92789675e+36,-3.22686565e+38; 1.55528387e+38
65966,100000,-2.13020084e+38; -1.84219549e+38,-1.96063016e+38; -2.98833924e+38
63129,100000,1.79767053e+38; -2.8989429e+38,1.48230238e+37; -6.85066121e+37
65987,100000,-2.27759635e+38; 1.09296318e+38,1.866597e+37; -3.03577473e+38
66704,100000,-8.71927707e+37; 4.43981439e+37,1.00856787e+38; -8.84273812e+37
64877,100000,-2.90620055e+38; -3.25809651e+38,-3.03648421e+38; 1.12780136e+38
68749,100000,-9.61556182e+37; -2.23227145e+38,-2.71945716e+38; -1.39201838e+38
64564,100000,8.49882451e+37; -6.4840095e+37,-1.25617086e+38; -6.59958526e+37
67330,100000,-5.85136666e+37; 2.21377998e+38,-1.26572732e+37; 2.7521376e+38
61948,100000,2.74996394e+38; -1.33058002e+38,9.42255238e+37; -1.63558091e+38
66086,100000,1.25127053e+38; 2.73353153e+38,1.85313744e+38; 2.26795147e+36
65157,100000,8.53156539e+37; 2.33329854e+38,6.40010522e+37; -2.99735335e+38
69360,100000,3.0216312e+38; 3.27565803e+38,-7.52913671e+37; 8.44074431e+37
67559,100000,-2.03486431e+37; -2.53523285e+38,3.1342939e+38; -3.17606958e+38
64736,100000,-8.23735535e+37; 1.04550487e+38,1.30665874e+38; -9.62992785e+37
67287,100000,-3.38453421e+38; 2.44545966e+38,2.53068999e+38; -3.25681101e+38
62487,100000,-3.29110978e+38; 1.70975582e+38,-3.48958807e+37; 3.37690782e+38
67742,100000,9.35352728e+37; -1.3357276e+38,-7.14829441e+37; 7.00735195e+37
63550,100000,-1.71953052e+38; -2.51920833e+38,-1.95934101e+38; 2.4132664e+38
63767,100000,6.82092162e+37; 2.04128438e+38,1.23508293e+38; -9.01510818e+37
70532,100000,5.6695308e+37; -2.95412566e+38,-7.12462788e+37; 5.71120608e+37
67314,100000,1.1781925e+38; 1.61184482e+38,-1.45834043e+36; 1.8437692e+38
65999,100000,-1.47037085e+38; 1.11582814e+38,-1.52720551e+38; 2.08535927e+37
64440,100000,4.19576097e+37; -2.82458191e+38,-1.75823057e+38; 7.65129665e+37
66802,100000,1.70585165e+38; 1.91999475e+38,2.36011919e+38; 1.41268281e+38
63124,100000,2.58996148e+38; -1.77174839e+38,-1.76417616e+38; 3.82400925e+37
62139,100000,-7.27197705e+37; -2.99299182e+38,1.39567596e+37; 9.57861335e+37
65012,100000,-1.89003074e+38; 2.61778469e+37,2.20045505e+38; -1.56787569e+38
63585,100000,-1.30446713e+38; -3.05922322e+37,-1.13064475e+38; -3.0451022e+38
67541,100000,9.092588e+37; 4.81225673e+37,2.14379918e+38; -1.90165908e+37
63641,100000,-3.36735298e+38; 4.88516572e+36,-2.44957638e+38; -1.65836556e+38
65879,100000,3.00784342e+38; 1.01164217e+38,-2.91331846e+38; 2.36291416e+37
64473,100000,-1.2685556e+38; 1.6291308e+38,-5.29109856e+37; 1.64919457e+38
64633,100000,-6.71162681e+37; -7.84715019e+37,2.99585002e+38; 1.88455003e+38
69079,100000,2.11797135e+38; -2.92203544e+38,2.53226746e+37; -1.78992042e+38
62479,100000,-2.49292719e+38; -1.02591409e+38,3.22601075e+38; -2.42649033e+38
67359,100000,2.62812441e+37; 2.28992035e+38,2.29812154e+38; 1.06303303e+38
62582,100000,2.27083318e+38; 4.32476851e+37,-2.28926523e+38; -7.80393496e+37
69473,100000,4.11213153e+37; -1.0257854e+38,-2.18398411e+38; 1.22543175e+38
64212,100000,-2.75768727e+38; 2.59931573e+38,1.957933e+38; 2.88965214e+38
64492,100000,6.06456064e+37; -2.06401406e+38,-1.89098016e+38; 5.55534388e+37
65135,100000,1.25318833e+38; 2.97221026e+38,2.8402305e+37; -1.35498686e+38
62014,100000,2.45920708e+38; 2.88437202e+38,1.03426598e+38; -1.96835755e+38
65748,100000,-2.86191214e+37; 1.14727156e+38,2.76826638e+38; -1.34069405e+38
64036,100000,9.50170169e+36; -9.97378974e+37,1.22627367e+38; -2.60397364e+37
61210,100000,1.4410401e+37; -1.64299322e+38,-1.63559065e+38; 2.59108006e+38
65794,100000,2.74581391e+36; -1.5279731e+38,3.36245985e+38; -1.41974007e+38
64551,100000,-8.57443937e+37; 2.42993063e+38,2.14457397e+38; 7.75734792e+36
72791,100000,-2.25024431e+38; -1.15890464e+38,3.31889262e+38; 1.34210707e+37
64527,100000,-1.1923695e+38; 2.82684299e+38,-9.06428593e+37; -1.2160197e+38
63583,100000,1.33016464e+38; -2.25872154e+38,-5.84951386e+37; 2.94133293e+38
64513,100000,1.11664127e+38; 1.33904103e+38,2.55792258e+38; -2.93348648e+37
69375,100000,-1.03668121e+38; 1.52614849e+38,1.37152737e+38; -2.04716891e+38
61606,100000,-2.46015244e+38; 2.18077279e+38,-2.00079338e+38; 2.84477893e+38
69133,100000,3.17944883e+38; 1.34904462e+38,-3.09232188e+38; -1.60471098e+38
67567,100000,-2.68762473e+38; -2.78387126e+37,1.26452042e+38; 1.08531914e+38
62793,100000,-3.02404582e+38; 1.44283667e+38,2.17501279e+38; 2.72983258e+37
67882,100000,-5.46760167e+37; -2.72240623e+38,1.53053476e+38; 3.13888178e+38
62845,100000,-2.73028919e+38; 1.43563902e+37,-2.35611727e+38; -1.01107132e+38
66442,100000,-1.56975669e+38; 1.69953896e+38,-3.40509079e+36; 1.73852641e+38
64036,100000,9.88864824e+37; 1.05872282e+38,-1.11962491e+38; -2.69642527e+38
65246,100000,-3.79374422e+36; 3.00887173e+38,-5.45359514e+37; 2.15857288e+38
64569,100000,3.30996147e+38; -1.86330278e+38,1.28176087e+38; -2.09438149e+38
69617,100000,2.34938858e+37; -2.64381919e+38,-1.28488223e+38; -2.70405896e+38
63774,100000,-6.09354979e+37; -1.19067569e+37,6.61530362e+37; -2.08550003e+38
71668,100000,-2.96848824e+38; -2.68620354e+38,1.66160234e+36; 2.73411668e+38
65355,100000,-3.06801078e+38; -1.63381959e+38,2.62784213e+38; 2.40516784e+38
68542,100000,-2.04221635e+38; -2.36242915e+38,-2.03698572e+38; 2.34655999e+38
70461,100000,1.04036693e+38; -3.26618067e+38,5.15757489e+37; 2.9108075e+38
62640,100000,-2.92508348e+38; 1.1921901e+38,1.94336212e+38; 2.03771994e+38
67765,100000,7.89806157e+37; 3.06510573e+38,2.27365893e+38; 1.30750123e+37
64481,100000,-1.36664326e+38; -7.21907394e+37,-1.58559704e+38; -8.76538507e+37
68282,100000,2.63260728e+38; -8.09272555e+37,2.76667522e+38; -1.582326e+38
65259,100000,4.78240761e+37; -1.13483124e+38,-5.72434097e+37; 2.1081928e+38
69676,100000,-2.44322089e+38; 9.31668124e+37,2.39268686e+38; -1.07125562e+38
69636,100000,-5.6334489e+37; 2.86697579e+38,1.44557266e+38; -3.04693634e+38
66077,100000,2.38073342e+38; -2.76518467e+38,1.39490873e+38; -2.94811456e+38
70829,100000,-2.35647201e+38; -2.76418718e+38,2.81215792e+38; 2.76739129e+37
60062,100000,-2.73729656e+38; 5.71756411e+37,2.33639384e+38; 5.57552234e+37
66675,100000,1.4787846e+38; -3.31344979e+37,2.12894515e+38; 1.58062775e+38
69652,100000,-2.86515524e+38; 2.44476377e+38,7.99006917e+37; 5.20357286e+37
62329,100000,-2.97377039e+38; -1.33241974e+38,-1.5999072e+38; 1.78530069e+38
62844,100000,3.18250376e+38; -2.38167716e+38,3.59267088e+37; -1.96729171e+38
62126,100000,2.6403077e+38; -1.78140708e+38,3.0131998e+38; 1.60157827e+38
64303,100000,-3.32607726e+38; 1.54347525e+38,-2.4982641e+38; -6.30542846e+37
62529,100000,2.52061653e+38; 1.39256469e+38,-1.71127984e+38; 1.72014791e+38
62225,100000,5.28041379e+37; 1.71026105e+38,1.81419582e+38; -1.98497615e+38
63073,100000,-1.96009409e+38; -1.79452853e+37,1.39381733e+38; -2.55692716e+36
60995,100000,3.19499955e+38; 2.40287167e+38,3.13533256e+38; -3.11931108e+38
63899,100000,2.47949983e+38; -1.15518788e+38,5.90565101e+37; -5.80439653e+36
62255,100000,-1.95148664e+38; 2.43792738e+38,-1.9231725e+37; 1.98543169e+38
61557,100000,-1.40209235e+38; -1.12796767e+38,2.99097778e+38; 2.87870308e+38
64867,100000,-1.67826545e+38; -1.83753216e+38,-7.02185133e+37; 8.99785393e+37
67104,100000,-1.18780717e+38; 1.74539525e+38,8.49102716e+35; 2.72641646e+38
69953,100000,-7.68862693e+37; 6.39703802e+37,-1.66909496e+38; 1.14784981e+38
70186,100000,-1.51197494e+38; -1.77604157e+38,1.83577306e+38; -2.1026125e+38
69013,100000,1.78147949e+38; -5.38388387e+36,1.24583058e+38; -1.4170056e+38
69832,100000,-9.96094894e+37; 6.3736022e+37,2.2562913e+38; -2.25734558e+38
61407,100000,-2.09480195e+38; 2.91651781e+38,-8.82938013e+37; -2.58049731e+38
66389,100000,-2.96397074e+38; 2.46214559e+37,2.05126393e+38; 1.24763632e+38
61873,100000,-1.79457117e+38; -4.97974633e+37,9.78063832e+37; -7.01106312e+37
62949,100000,-5.57749379e+37; -3.33024266e+38,-2.82836235e+38; -3.3859195e+38
62718,100000,1.76870258e+38; 9.15050138e+37,4.45155639e+37; -1.79857857e+38
62884,100000,3.5311883e+37; 2.49764305e+38,-1.9390229e+38; 7.73594123e+37
65378,100000,-2.52346601e+38; 9.43630791e+37,-3.21727973e+37; 8.60675432e+37
62217,100000,-7.36661376e+37; -2.1352474e+37,9.80462633e+37; 1.40227083e+38
65231,100000,-1.18216714e+38; -3.01334968e+38,2.62404445e+38; -2.17982195e+38
62053,100000,-2.20873859e+38; -8.32621157e+37,1.77064868e+38; 2.30246766e+38
62505,100000,-3.72245675e+37; -3.38535463e+38,7.80072223e+37; 1.51393615e+38
65081,100000,4.31153829e+37; 9.68358598e+37,-1.47052287e+38; -2.26978276e+38
62458,100000,1.93012556e+37; 9.82505173e+37,-2.75183296e+38; 3.22771062e+38
65784,100000,-6.3812152e+37; -1.34562348e+38,1.79264414e+38; 2.0019363e+38
63448,100000,3.33740113e+38; 6.35911853e+37,-6.39099639e+37; 1.6971792e+38
65501,100000,-6.11065394e+37; -2.48832349e+38,-1.14460493e+38; -1.09671268e+38
65812,100000,-9.26845779e+37; 1.05752869e+38,-1.41714869e+38; -1.1336719e+38
62088,100000,3.77594197e+37; -2.73843724e+38,2.14830142e+37; -2.32833442e+38
65955,100000,-2.64097864e+38; 3.26253876e+38,7.30848032e+37; 2.93242206e+38
60528,100000,-2.42120732e+37; -1.89982877e+38,2.31456855e+38; -1.51297862e+38
64533,100000,-2.31774112e+38; -2.34574053e+37,-2.16472271e+38; 4.99171853e+37
67061,100000,-2.73703877e+38; -9.31855635e+37,-6.04308614e+37; 7.86802231e+37
64283,100000,3.06311866e+38; -3.31518926e+38,9.30727223e+37; 4.20653879e+37
67696,100000,-3.39117908e+37; 6.89841462e+37,-9.85403022e+37; 2.8204017e+38
65695,100000,2.6418952e+38; -2.49051987e+38,-2.15299826e+38; -3.01761974e+38
64410,100000,-5.59635897e+37; -2.35200298e+38,1.46694495e+38; 2.26542574e+37
66242,100000,2.00891142e+38; 1.68567857e+38,-5.12264199e+37; -2.99130108e+38
65341,100000,2.02584115e+38; 1.4612748e+38,2.7248892e+38; -1.85266486e+38
67342,100000,1.25430503e+37; 2.81881724e+38,3.30246691e+38; -1.81020607e+38
63800,100000,-1.73728736e+38; 3.12967863e+38,-2.45779704e+38; 3.00852389e+38
66443,100000,2.68542957e+38; -1.09034096e+38,2.27824803e+38; 3.02621259e+38
66678,100000,1.57512453e+38; -1.08605225e+38,1.34701111e+38; 3.11535621e+38
64339,100000,-2.59474448e+38; 7.97533197e+37,1.42914868e+38; 2.44895777e+38
65628,100000,-1.08364361e+38; -1.47646592e+38,-7.14165141e+37; 1.50656633e+38
67026,100000,1.93248137e+37; 1.60461921e+38,3.66866323e+36; 2.57016869e+38
65826,100000,3.08346111e+38; 1.13129602e+37,-1.28575569e+38; 1.58460445e+37
70072,100000,-7.54157895e+37; 1.32041417e+38,-1.06336262e+38; 5.8512546e+37
62555,100000,6.67576041e+37; -2.39004893e+38,9.28914889e+37; -2.37862222e+38
65906,100000,-2.46477419e+38; -2.76178229e+38,-8.41701998e+36; 2.64763634e+38
65556,100000,2.7989419e+38; -3.00642202e+38,-2.91172508e+38; 2.90750958e+38
64091,100000,-3.12177336e+38; 4.957387e+37,-8.31232421e+37; 2.9000917e+38
64619,100000,1.90293279e+38; -3.08510216e+38,1.21616938e+38; 1.21082923e+38
61347,100000,3.10264178e+38; -1.83161073e+37,1.3560243e+38; -1.0055682e+38
65097,100000,-1.19944428e+37; -2.91107523e+38,-3.27721045e+38; 1.76144655e+38
68939,100000,-2.27127919e+38; -4.02288893e+37,1.28256821e+38; -1.59999398e+37
63047,100000,-3.39105789e+37; -2.26273665e+38,-1.44358012e+38; -3.11869657e+37
63443,100000,-2.45486603e+38; 1.1026465e+38,-1.45777487e+37; -3.23555748e+38
61120,100000,-3.91065368e+37; 3.24891283e+38,-1.76146947e+38; -1.17543348e+38
64864,100000,2.44309615e+38; -2.66029824e+38,-1.61642032e+38; 4.83991129e+37
64217,100000,-2.58327194e+38; -2.9537088e+37,3.17459951e+38; 1.71642427e+38
62215,100000,1.36018669e+37; 1.55225986e+38,-2.5003179e+38; 1.13336077e+38
65027,100000,-3.19464684e+37; 6.50798128e+37,-8.12229172e+37; -2.83980162e+38
64229,100000,1.66249628e+38; 7.08479171e+37,1.43992604e+38; -7.47110519e+37
64915,100000,2.47632888e+38; -2.84918285e+38,2.75300224e+38; -2.22721951e+38
75627,100000,3.10103602e+38; 2.08423948e+38,-3.33826212e+38; -1.11888052e+37
62006,100000,-5.19578695e+37; -3.06609348e+38,1.27101647e+38; 2.51075705e+38
64891,100000,2.56593879e+38; -4.02125492e+37,-1.61450343e+38; -2.58649603e+38
67841,100000,-5.76852874e+37; -3.28815626e+38,3.17003211e+38; 2.43444205e+38
62033,100000,7.3362875e+37; 2.97174925e+38,-2.43432877e+37; -3.58244968e+36
70955,100000,-3.62770468e+37; 1.02439447e+37,-2.1805e+38; 2.33987795e+38
64472,100000,5.94136275e+37; -1.53635196e+38,1.86183738e+38; -3.08818326e+38
65778,100000,1.38379468e+38; 2.75639569e+38,-1.83566861e+38; -1.53627043e+38
65186,100000,-3.31329164e+38; -4.10348032e+37,1.83472852e+38; 3.19997275e+37
61646,100000,-3.35346379e+38; -1.0426231e+37,-2.44375289e+38; -9.51713344e+36
89455,100000,-2.16325143e+38; -9.72802068e+37,9.96952244e+36; -1.90901345e+38
86671,100000,3.03852218e+38; -2.81214169e+38,-1.47221472e+38; 2.9402535e+38
83308,100000,3.23144238e+38; -4.20422964e+37,-2.21789751e+38; -2.28412222e+38
81485,100000,-3.23060958e+38; 1.89968557e+38,1.29903276e+38; 2.43674674e+38
88146,100000,-2.36196925e+37; 2.63269652e+38,-2.05553439e+38; -2.16935522e+38
65095,100000,-2.57901385e+38; -2.80810214e+37,-3.10725907e+38; -1.05260777e+38
65050,100000,2.80574766e+38; -2.79504382e+38,-8.51288732e+37; 2.9381277e+38
65068,100000,1.91599993e+38; 1.20931798e+38,3.25322467e+38; -4.04413982e+37
61059,100000,3.301726e+38; 8.41201529e+37,-3.50730424e+37; 2.05240177e+38
65827,100000,2.08756052e+38; -2.74180047e+38,1.13858724e+38; 2.38075025e+38
67716,100000,2.22696618e+38; 2.92107892e+38,-2.13014303e+38; 9.07701111e+37
65288,100000,-2.7651942e+38; 2.15673226e+38,6.13542891e+37; 2.80328497e+38
67251,100000,5.21578167e+36; -1.27895804e+38,8.81573514e+37; -4.50469224e+37
63955,100000,-2.89340418e+38; -7.97243717e+37,3.27865719e+38; -1.42841963e+38
65075,100000,-1.45378319e+38; -4.92585496e+37,-2.5722665e+38; -2.83723022e+38
66972,100000,-7.0619579e+36; 1.24270963e+38,1.79847635e+38; 2.02912284e+38
66131,100000,-2.16750506e+38; -1.06466617e+38,-3.07256702e+38; -2.70699058e+38
67602,100000,-3.98251451e+36; 2.5831833e+38,-3.48295648e+37; -7.84899183e+37
63407,100000,1.84626637e+38; -2.69080846e+38,2.98568914e+38; -1.32017018e+38
67152,100000,3.03530681e+38; -7.0655361e+37,-2.54417475e+38; 2.79376055e+38
61242,100000,2.50490725e+37; -8.84296833e+37,9.7492371e+37; 2.1260109e+38
61756,100000,-1.68516978e+38; 1.91938108e+37,-2.76961617e+38; -2.67666331e+38
65071,100000,-1.83510415e+38; 3.08936004e+38,-3.04613194e+38; 2.91211409e+38
61848,100000,2.08169545e+38; 2.22541701e+38,-1.87081113e+38; -1.33464239e+38
65491,100000,8.81089575e+37; 1.0487815e+38,2.31543096e+38; -2.76277775e+38
64193,100000,3.04986005e+38; -3.28634057e+38,8.64273937e+37; 2.1482465e+38
61105,100000,1.38965761e+38; 2.06186047e+38,-1.88162753e+38; 1.3447487e+38
62668,100000,-2.46492246e+38; 1.63189601e+38,-2.54217719e+37; -8.00604968e+37
63572,100000,-4.07369509e+37; 6.04388222e+37,-2.8514561e+38; 2.7732988e+37
64298,100000,-1.40892083e+38; -1.18543281e+37,-4.4740582e+37; 5.7433892e+37
72911,100000,-2.28476801e+38; 1.96174285e+38,-8.81209444e+37; -2.44699118e+38
66972,100000,-2.0136571e+38; -1.21080803e+38,1.1321133e+38; 1.0002969e+38
76234,100000,-1.78531286e+38; -2.46244354e+38,-2.8797315e+37; 2.87011734e+38
67827,100000,-9.60988072e+37; 1.70154367e+38,-1.53828792e+38; 2.6862575e+38
68115,100000,1.10469026e+38; -9.06316431e+37,1.2439142e+38; -1.12462676e+38
68915,100000,-1.74872502e+38; -9.79023494e+37,-1.78704518e+38; 1.86754343e+38
64874,100000,-2.95664635e+38; 2.97027877e+38,1.08564822e+38; -4.79776444e+37
69447,100000,3.7354167e+37; 1.22473475e+38,-6.92281284e+37; 1.80829141e+38
67907,100000,2.49875088e+38; -1.42701314e+38,-2.61997519e+36; 7.82774956e+37
64867,100000,-3.16281157e+38; 9.63485445e+37,3.15283405e+38; -2.53142685e+38
65916,100000,-2.64337217e+38; -3.07335195e+38,-4.37197632e+37; -7.94564816e+37
64972,100000,-5.23232977e+37; -2.10680711e+38,-3.17941526e+37; 3.10868167e+38
64148,100000,9.01729665e+37; 6.86452373e+37,-2.14764655e+38; -3.23755976e+38
66663,100000,-2.78745881e+38; -1.80690044e+38,-1.63707826e+38; 1.46547275e+38
63782,100000,3.0576416e+38; 3.05561092e+38,-1.41534183e+38; -3.12167961e+37
68680,100000,1.2344705e+38; 2.14006782e+38,8.22450543e+37; 2.54979298e+38
64407,100000,-2.30902962e+38; -2.91514287e+38,-2.50907463e+38; -1.41519276e+38
64115,100000,-3.14603721e+38; 2.51067815e+38,2.33913136e+38; -3.26750471e+38
66102,100000,2.85050668e+38; 2.33983293e+38,6.07999556e+37; -4.4241295e+37
63234,100000,1.46742077e+38; -2.45960243e+37,1.08831252e+38; -2.31099925e+38
70945,100000,2.20473322e+38; -1.30474287e+38,2.38206151e+38; 3.7297072e+37
63474,100000,-2.11242249e+38; -2.8772105e+38,-4.82248312e+37; -3.29230522e+38
69303,100000,-2.71152329e+38; 3.32061724e+38,-7.75122909e+37; 7.07122176e+37
65685,100000,-8.83611794e+37; 2.92510072e+38,-1.51938248e+38; -2.17153416e+38
63449,100000,8.7761118e+36; -7.91053424e+37,3.25704142e+38; -1.15941606e+38
68220,100000,2.97399329e+38; 3.22713338e+38,1.46354369e+37; 7.86107406e+37
78730,100000,2.21964829e+38; 3.15102688e+38,-2.91917663e+38; 1.96015027e+38
70635,100000,-1.1545891e+37; -4.54941394e+37,1.0635263e+38; -1.12982067e+38
67514,100000,-1.93630793e+36; 3.74627692e+37,9.17145716e+37; 2.57066216e+38
72343,100000,2.29219015e+37; -2.12903566e+37,-3.34500623e+38; -8.86309608e+36
66226,100000,-1.82777388e+38; -1.48961166e+38,1.56558186e+38; -2.90441545e+37
60525,100000,2.58208461e+37; -2.14802157e+38,2.98749911e+36; -2.7958247e+38
63425,100000,-3.01051278e+38; -2.18959848e+38,2.11938768e+38; -1.96054436e+38
66490,100000,2.29865963e+38; -2.07094395e+38,-2.72077004e+38; 2.36843843e+38
59638,100000,1.82701329e+38; 2.58188178e+38,3.11947699e+38; -2.34713662e+38
66847,100000,2.70164495e+38; 3.07131742e+38,-2.74787951e+38; 4.93656305e+37
63023,100000,-9.31142607e+37; 3.25200063e+38,-3.07803718e+38; 1.92481304e+38
62949,100000,1.22887398e+38; 2.38968871e+38,1.80151121e+38; -2.36023662e+38
67009,100000,-2.80181896e+38; -1.85245595e+38,-2.89174995e+38; 1.69985536e+38
62247,100000,-3.05583849e+38; 2.4430495e+38,-1.24734172e+38; -9.69411762e+37
67590,100000,-7.58232885e+37; 1.13957621e+38,-2.22466418e+37; 2.33891905e+37
