elapsed.ps,repeats.n,param.a.integer,param.b.integer,param.c.integer
11416,100000,659283041104062,6333158147409568,2853555730571332
11472,100000,6557505051184690,6656865221466564,7754572485482895
11593,100000,761768771240781,397568527779365,226195351454724
11583,100000,924171071144286,3282288381163851,3272540059357583
11539,100000,4599585215846434,2934080572074297,3370969599482501
11441,100000,5644628367609222,7825171103229017,4806114939760095
11475,100000,5659324148459085,5756748076361855,4295442115262614
11551,100000,446098272520063,4504772962465837,7739270342786434
11638,100000,2012734356807372,1432878119715259,8101979257081408
11604,100000,250878394392668,3349248106163170,3547184259141433
11642,100000,1674658665801358,629412754312112,461704443016872
11556,100000,7078060220437244,3854425318268766,3400828868212369
11463,100000,8039434730875200,218278808402917,3863577631682252
11725,100000,1720137543616989,5377803723134949,2857665135506094
11607,100000,6886394468637333,3822963860302530,8580040807824017
11665,100000,1044358263800214,876421618134530,2337619718025279
11626,100000,627760878588247,1639402451611152,4202901954460182
11531,100000,7828089381927670,5759011733808583,8987005878781383
11525,100000,5569947953134849,4506785946523205,8623829416294406
11504,100000,7687097322753218,8592849969631343,1207497940442031
11483,100000,5471536757433729,110430409425295,2208042678541722
11586,100000,545502366437841,4574379107389407,7017750172225872
11551,100000,2895987457674720,8523125668539137,1483679157892531
11531,100000,5584195320512771,3532617484072607,8055371072326229
11495,100000,1541686517023592,609476458435010,4015752948732437
11497,100000,979945671241686,1411315702485935,3466398223789993
11549,100000,4230800462831766,3108045457194472,8165333856291507
11534,100000,2255583482761357,6330490777390090,1708201994089109
11559,100000,3353789155063565,5490897034313286,8654232255638912
11682,100000,300038986979645,5736097547273335,3423457527460129
11514,100000,4758865695049968,4349514764600979,5805210088875217
11443,100000,7645718708489405,2465505343624691,7980423649725285
11460,100000,4322217277152938,644978760489338,3449434257403587
11641,100000,4604585518372341,6775131255610453,5294442484764626
11611,100000,5404919022428557,2526864509343637,3434846406287722
11595,100000,7507086258249253,1661929980449842,3973589479272983
11520,100000,6107569629232792,1736915125152572,7631581329787215
11450,100000,5714754514870536,5268941207391897,5227422164361128
11701,100000,2216163478779337,3948243253555683,6277045072767737
11594,100000,3966065219620286,8142785011512613,1172926384373144
11720,100000,8254314578320283,1310731499661279,6419674926610665
11698,100000,1254877115550492,3517139424970341,8998478138530697
11596,100000,8440470588348905,3415890785688757,7398383929337357
11596,100000,8064536710288517,2153762019571822,7429298707136651
11709,100000,870087513934986,4823504085358302,8777431211520894
11723,100000,241299140986773,150286467482692,5299653069268366
11686,100000,4012103837578482,2642703624822706,7042095709892466
11644,100000,6382987805444877,4726127295531468,5565327179399277
11585,100000,4347433434079934,2767639540995334,5643563058406994
11604,100000,1122000973298812,8229142171063959,3097197499246196
11582,100000,7980182071402760,4334831750825413,873925815209635
11612,100000,7783356461094558,1638331494862408,3478374981634901
11616,100000,2220948743926855,4073578792048531,1762635655583934
11564,100000,2162432263540126,2255935649849451,817727050222677
11489,100000,1466842536578106,2096477870746841,504560216624350
11670,100000,2992588504873161,5691967112109509,920623134459641
11656,100000,3937257982790044,3007685757652164,1028932119257221
11730,100000,6854727498743753,7943320356349067,2823672515411363
11525,100000,1095871697139520,6340664501474260,3738976984808892
11536,100000,3144942745927405,2226580074421328,196052138428770
11434,100000,1681080441471271,6269773708231521,2519106976071573
11567,100000,4094154701898492,6219070114329672,2298307105581491
11538,100000,2210635064016043,1449705128112120,8103615306270966
11572,100000,7863499320730247,8058699758228108,6795207119007388
11523,100000,2104268055984482,1348000974198472,5750469768411105
11458,100000,5180555877980059,1188232011636937,7346029610286678
11447,100000,7506302809714906,5366447565619475,8039196504056695
11638,100000,3606177839287829,1031335720232448,1915261554739383
11619,100000,6010642319281744,6982834321862195,1526694000572758
11516,100000,7006927404562796,5591308828298203,1572902847465366
11566,100000,4525421128360712,3347614904373543,5587723267176330
11450,100000,2567049412963403,1765853567048225,5452151385721114
11501,100000,4330292435119834,4029727778563800,1381138477586793
11506,100000,7087684777108793,8675050813298595,5237973890621961
11544,100000,1058143495487002,3221444066239874,4690114699420767
11458,100000,44677171654657,3656679668123535,6931145352381666
11415,100000,3584050230707420,4444438243036636,1692244843010655
11514,100000,3441022004264760,2989281179399783,1741597935058391
11564,100000,1676763231949920,3065976385410534,5162022105969244
11547,100000,7708178092244251,1486034206142959,2916658596752548
11524,100000,1040841504977114,918237191573914,8615514705896165
11471,100000,2367231242060366,7611316965594735,7736838264303325
11406,100000,2282221768630022,4273522779152668,4398679264688886
11499,100000,4263079205868744,6510248529160003,7298882432926480
11520,100000,7186127977202096,8183125986334996,4254971938726502
11545,100000,1175137626667573,6195669517566703,3901267807915493
11552,100000,1721583306347074,6749639354393741,3144016065788936
11511,100000,5167277970182571,1741584025547087,8258783611325505
11515,100000,7385390678504666,3823411861497090,1749425790186651
11643,100000,3170424353530105,2196751047833806,8223564574655353
11581,100000,8544778904113610,8321406746394223,3525375716505969
11562,100000,7550416420090479,2070955224431788,8210815253559095
11498,100000,5365619843625929,3179151265585467,5442412915907841
11658,100000,5517498395112437,7571961572648829,80570555031334
11586,100000,6328369997520778,4974284080631185,3116742883619701
11733,100000,1096446244129397,45333723296169,671790505616636
11698,100000,4421424362943549,5939942023330776,3778093878073592
11502,100000,1699870219651858,4171282793768868,5536550369774918
11510,100000,2704260949631466,1695250851007991,8967514655438162
11420,100000,8190214430688610,6686722949826279,3756249020014590
11533,100000,4539118944730216,2585306476699441,7041293441149047
11580,100000,2029231862585653,6443611522089724,2971450329801113
11531,100000,4468592268514890,624725767096489,3289136678126017
11421,100000,5723153292293344,3218817701887329,6163430127901104
11486,100000,5495369702969220,3828627441309780,6208283331704270
11599,100000,8204825316742124,8421579699531898,3879551546483566
11561,100000,6550646306141497,8921786154449612,6139462586899601
11850,100000,2416458413671895,8130439297766900,4403289531589643
11602,100000,7581061930336457,6374142369583854,2347268858822682
11501,100000,6559193782973499,4588189668499460,2148083907579506
11517,100000,2326048823994335,5587958273558441,5595707927048222
11763,100000,3667164825241259,1647347995836181,1339932519317559
11581,100000,6119472671966007,7013327716366544,7225890542010375
11582,100000,2652957008786329,6407973629415795,3459239905225004
11578,100000,313243651254351,7061753403015485,5118163817731926
11479,100000,928086886144419,1735694865750705,8169681279325371
11616,100000,8929967319081761,7769834186111862,1034129659973341
11574,100000,2951405334457162,4825761079139116,572324699673343
11553,100000,134030771343941,8782824904477139,4881021010196707
11577,100000,6042634850295433,3694365742665217,2907570325001166
11485,100000,2786554348706023,4698861826457634,1382200383737109
11465,100000,8299065528935486,1585680276517230,6360129083320573
11704,100000,1126006755530424,4012201443917145,1867955911583531
11863,100000,1972430233172482,4387701810793367,6420065185809618
11658,100000,8495206635847527,8621149166775260,1332170221883839
11546,100000,5176967861592717,5531880644806346,2306950670509566
11485,100000,6183655439278818,1326604371737427,2515157349601536
11484,100000,513799702511317,1585355281911211,6172620034317920
11575,100000,2225194082520429,2409314864968815,1156242217675282
11604,100000,5264032990149710,2209410511387436,6745496681336018
11631,100000,4201099464882931,5113316649862992,1476282751205130
11579,100000,5113047292129358,564715786885866,7100124948768971
11583,100000,6223949717523793,3936216464966357,5038407674408261
11765,100000,1587830932300243,6055523988738824,3139343049334488
12149,100000,5309003000300718,5614791516593120,5898154064555064
11555,100000,6917449906387237,6101170745855042,2187254317836285
11654,100000,8923461837900730,3684670905376283,8533965323382509
11505,100000,4000635871170923,5146084423497363,5145361245152291
11556,100000,6916598946817372,1338560905481616,2176619735102344
11461,100000,6379838575486392,5840983624731223,3780420125227920
11524,100000,7316568449940789,7992139767954638,6006035347445413
11525,100000,8472402310245414,14790355463191,2773028934387079
11475,100000,213944762436978,7264806533945268,1437109434056549
11445,100000,5480540922905606,1130732161868293,1150946202778062
11485,100000,88824226034922,1334695144976993,1022066819232628
11516,100000,7595158580623726,724202275761965,8463613639414433
11521,100000,2525197058004069,7595359411494442,4668561878739120
11495,100000,871085967264875,3581934498257162,2709487082206167
11472,100000,1112590077520658,5444569344845645,6086915384895564
11548,100000,5426462790203796,582086273434971,8960664312248609
11494,100000,2101110338226832,1908681992725661,2062025207112564
11615,100000,288143294480264,866877095828276,3576766161382924
11658,100000,7362425985767841,2638155654610856,6684249007120144
11642,100000,1786807582498136,2810262806966996,4972248488238367
11454,100000,1012242398062537,892081872921622,1834742698912997
11583,100000,4398433267706318,3936694785068177,2617731630048786
11752,100000,675855560178042,8771276067200890,3674592504551196
11672,100000,4461447245903772,2399510571172727,5771865963141315
11712,100000,2661801760944313,1246647531061199,5589476768222470
11549,100000,8173311357172246,3528115257480845,4410716511519670
11724,100000,8025913002706966,8643718322295333,5489985824732276
11604,100000,1176716419190013,5549058079376209,5659095661557088
11613,100000,6606060845980203,1445786326071706,8981498946587971
11608,100000,5650662076075184,497631563678047,4582080707186991
11552,100000,8491162757501079,6242381809729653,6736014603998659
11487,100000,1061266093517014,2375269265205006,2996479576543321
11493,100000,5981495195871596,5308781496923927,4928216863513729
11588,100000,495913926748968,8814046890388101,134358612402955
11602,100000,5719726035931877,695932976317032,1563826130557542
11862,100000,8951599139583905,3099868279820542,7610301063022385
11535,100000,3693669094819729,8586518979186514,4339623839370950
12709,100000,4923755649029853,3942633131825632,4082456302373006
11574,100000,1743115365475303,374616070846285,6209973816928602
11624,100000,7967193181124341,3960808161421883,4302606226510524
11581,100000,1233900750525835,4768579279398090,5611245951268900
11638,100000,7983703623313517,5022166440548383,3231764771694382
11562,100000,6169944841074300,5430043649254450,4530235166962134
11645,100000,4066369993763478,6565656576460319,5247867168230189
11516,100000,8729765196256865,8438071865448284,5646479169376797
11451,100000,2719850717299366,2743087185498973,1712097737322588
11567,100000,8272713140098731,8153350423706269,6420155553968027
11590,100000,6020508810065455,8630065728585311,1921158337894502
11571,100000,8436534687326851,273861401610027,8755605672313511
11441,100000,6136003709906144,6455951345788241,295448189859112
11422,100000,3089582011938541,1509609104689462,15737353838679
11588,100000,8948205708023419,3677977113201237,2415062413696212
11556,100000,5856958334727534,8097945596657960,7457356835675056
11488,100000,5830212297921681,6884408588655833,395586099845284
11447,100000,6706724855286607,3106425414580012,2691282854037838
12536,100000,4349946004232341,4415315222214692,3053235090916958
11531,100000,8673803811984330,5625502236493181,4954700035284506
11723,100000,1135775325484143,3432201439999196,3726164125759835
11767,100000,240653105975396,3706492404662391,8990424411656425
11801,100000,6036223326650780,7333118608560800,7528312339974767
11634,100000,4445040574401980,5862446535186384,1652456108759655
11507,100000,2880978902476280,2968983176986508,3605136764490035
11679,100000,8427511239305032,5337622773012975,1248444141739976
11721,100000,537531476690079,5465722771857037,7254038321577588
12656,100000,7371060062740333,8125045688951473,4844933844506613
11607,100000,4505509351627883,2518543103803454,5594364232713722
11625,100000,1114552124762408,4834433146615822,8204299320723676
11542,100000,3182261682537561,5688160957654899,2864889678842082
11509,100000,4530747931580546,3551497108257800,6062145371851499
11616,100000,3659299699451367,7910718747345984,2792712306494800
11619,100000,1147408779540666,6510826989894656,2278580799818588
11658,100000,373805386682364,3998738927969072,3058708675868272
11537,100000,3584025746266986,5078496021395891,2557566715715403
11476,100000,8117017845665921,4111114788133831,2017254469349334
11513,100000,8286063848467425,79204765590407,2745565664463187
11624,100000,3084678032176554,5966534136072230,1078580191254723
11970,100000,5754086751543258,2497801945299111,1884305504210790
11684,100000,3970032025464879,1222544855022795,7060415935134098
11495,100000,3991975515001897,7877411101018295,6389454280442451
11500,100000,5121966212472317,4571919194129991,5247051574232921
11598,100000,8645637895679794,3225891817784805,7814980284557966
11557,100000,2676854503937023,139842968200897,950459829067165
12051,100000,4318981419690025,4616625088690573,2005588040043397
11772,100000,1921703789781540,5494658542726277,1512543153171881
11691,100000,8670317096322330,7296535665619503,2468116564582872
11435,100000,1322333467285486,3111410081966196,4646884197151527
11453,100000,6182265342042338,1681851583761583,6895164895563431
11585,100000,1283069867150594,7235549705633675,6581317398062771
11584,100000,3458379464352507,8866475583655921,5643625435376139
11531,100000,2281829236569468,2468349346091679,4094611756259606
11467,100000,1824887495671644,3839390647025261,6115768445358622
11480,100000,187210157580084,8200539669386817,8846992928246962
11576,100000,4305639052206224,3367828529936353,5468492669697016
11592,100000,4193073431550123,931230052681915,8330476530243833
11532,100000,128425442530563,6588237576427973,361334457611939
11560,100000,6466317445906084,864785072115213,7101645641096406
11468,100000,888792117050463,7621274792284901,7585127372003317
11431,100000,6371673564684820,6470708164791147,2048491802500498
12452,100000,6068589018156402,909803513022675,5968316702418688
11785,100000,8368269102706450,827214687374692,7474882966553452
12405,100000,7241888303513594,1364624160199054,7116475053427073
11668,100000,4303979223657597,6079339243617141,2622206426268949
11574,100000,6467766675358746,2427751312720251,5028378465792081
11526,100000,820994422826919,4865278810194267,5598117949975260
11566,100000,4485633664561481,3459979747519608,7650522402877612
11537,100000,814650856636646,4912042117241589,7047774826526593
11506,100000,8593227569155603,1592814108457746,1146330122084269
11484,100000,7237489999031170,7340867336042649,720643403250849
11406,100000,4000528876524709,1036291729953805,989698491357642
11471,100000,273087173080492,7107940960318275,3913550101728214
11506,100000,6337134157847295,6720530786512399,1602588974615180
11501,100000,3551551913237131,2971953467713983,1174945193192529
11496,100000,8755542043985253,374444902170591,6344367326580209
11443,100000,2489990451570382,2894603294431921,3175958497241746
11420,100000,1062409973985500,6843566098081711,7297961882024142
11565,100000,3357378677865076,921697993098423,2400009808575275
11736,100000,5161458435642998,2081124619921683,2054453045852503
11714,100000,719105993564189,8492105149729951,378301080862685
11531,100000,859967565814596,3154271055881793,6950148183092607
11527,100000,8118722670956028,7070636300446683,3356607484551561
11549,100000,8902779591893018,4957213012777188,2862162287108517
11635,100000,6488728621080280,1534842746562432,7846327314763042
11680,100000,1420016563579970,1447135455008610,7275528502933716
11669,100000,6380940829541555,2461380704060133,520150383495269
11627,100000,2379114737033867,5439205059848132,1434818780899939
11499,100000,426356360074789,2727889737701674,6256057315908956
11515,100000,2430774123899687,273179876627271,5318886720715373
11607,100000,2943301718741839,5550997611300439,8621947159681849
11610,100000,1338181329479650,8890804484482475,2249922058881177
11601,100000,715985326183011,3042947318987853,4246732021125984
11568,100000,2778207381503064,3532339787539548,6107944516568798
11504,100000,8737575799978569,739044336481060,3301170210325134
11614,100000,2067164582836822,1026393195116939,2971058861550606
11603,100000,5912649801629412,3329674855221419,4539808690602260
11634,100000,2137297791955070,2013814943781188,1898478425651382
11701,100000,5231221925433301,7020570389075503,782420863506317
11549,100000,7432353778274763,6227660357388470,2293836729368866
11581,100000,6974254760030229,4168885721002329,7449704069536158
11704,100000,1879711587928490,8267721849082769,5836069766211177
11944,100000,7722999735562891,7909458012127249,5187842010888281
11723,100000,6799996593258476,608603400095298,6146145156981071
11646,100000,5677153269916559,1902059649059343,6639965260146502
11504,100000,6094981095575033,3497186796266092,4097109746979810
11511,100000,2833581846391630,2011383695048381,6338321372763826
11500,100000,4269114805806036,721718543333897,8850769591431239
11645,100000,2118225501470129,803064949348175,5322498921423073
11646,100000,1340621221495833,3518669841360244,2421288216169963
11588,100000,3330054121374319,6426885289549433,904439422133611
11533,100000,5165416540736026,1108506273108272,3091988064990513
11633,100000,4416209998508918,7559201113885957,2289959806083496
11642,100000,5944646409336786,6104486080752301,2182518819738426
11635,100000,7084246852860596,936914903038601,1857609326502465
11585,100000,8893772413161438,2611131445558923,3350239527927645
11331,100000,1023656894915029,1079402005996528,5462657685006019
11491,100000,244380839076282,2677180164069949,4991942891434466
11444,100000,5135504706888922,3542631301445622,8180428305267813
11613,100000,8743961289852462,5476667806848714,4841345938260486
11542,100000,1103445080374775,2251931170817907,8267926852943973
11545,100000,1636938705023666,1921799676631483,8812862946278734
11537,100000,6703009473774755,7335961997778042,4041687403935392
11469,100000,3187919793451301,855469257541588,7798797532122063
11592,100000,2839828282587435,1008536542353101,7484793133684403
11614,100000,7693106559171026,7439540398448732,2664563195750297
11547,100000,5149933559815373,8611932257849799,2078308336126943
11505,100000,3176672779315835,6526839898960939,8295349949617342
11458,100000,7568728887183635,8308632410691591,7666603092997961
11417,100000,6170240895042876,2152496581035553,7898418612496028
11554,100000,2700128740980506,4711446092738991,1830380866965409
11524,100000,4965175623750095,8553790874519262,2179241380547566
11489,100000,3153110804606849,7342509644032313,5910306750230134
11430,100000,3299717742964970,8530196359705447,5751555379883685
11593,100000,3710561350358944,3946073482893106,7242788663758777
11674,100000,1471726230213586,7602281318053805,6801023130700735
11646,100000,1336264145232119,4950784799214276,5710229411156962
11594,100000,6162070790296039,7136960642766703,6634746588611067
11560,100000,2776721158207834,1652055196572588,8659013996701792
11439,100000,4631405180688023,3870903827642134,7333773702951174
11518,100000,221734927378600,8997558222970495,5653624987223419
11628,100000,2021687398136924,2372726159723394,3005010250651343
11620,100000,5347280513416514,8651564919590403,6129866060195301
11536,100000,834382416612630,4006808864532200,6086957076899689
11533,100000,6165624981395832,7317736523424608,1903509153127793
11452,100000,2638640529018138,7591705455464643,1095684552696035
11623,100000,379170830073785,5484032060575533,320406177909264
11677,100000,7091579896541900,1874715633638106,36360028498459
11649,100000,1271330375549291,490133287653071,5773140937195843
11506,100000,583791222594260,3314647243386443,4131283836397022
11496,100000,6522462181393351,1464065945728412,5638926257873101
11498,100000,7291911044859876,2661890823289909,1257822321879526
11618,100000,1434990498862133,7194931756513061,2773724759805671
11577,100000,7802398897605010,7718547603698656,4680877612120332
11497,100000,2924165686146660,4123265944182411,2626962313024934
11697,100000,2183486928618181,4019467267977802,7931670245987804
11479,100000,6024120273660075,6032504867574869,2731938963200456
11581,100000,5595192098652409,5284674085126052,376907187494929
11909,100000,3419690178098479,6245002563938282,5752231710026658
11641,100000,6206675857363560,10472860217817,2158069172695845
11824,100000,2846931341311208,3383045591626223,3996958897475531
11568,100000,3583454541624718,7826857149500212,4137354138213350
11493,100000,697125162130354,250062628519150,3601634895988811
11787,100000,232616439551472,3880134857210427,8107425345254470
13981,100000,5115094613995401,7674702870033686,5133091490208519
11612,100000,1759964185367071,309807427823885,4674426820491847
11554,100000,5125268064363022,2353729069944122,3281124587340931
11563,100000,194164768966114,8820206404620341,2268742936544281
11651,100000,5888556040867934,2862349121652628,6134157624643472
11518,100000,5256730130204403,3260430786015916,7209789735290501
11662,100000,4779920499187542,3847932683745925,7629046771564389
11604,100000,3765608668096212,6143219091310700,6096574189668610
11619,100000,8558115940351147,4440939229210922,4282858699548967
11567,100000,5153810384925528,3451683901166865,8853650897447031
11529,100000,2746408050797236,8685576326680775,4827994619491865
11520,100000,7228057229311578,6230678092723378,6353363554681349
11659,100000,4144869473073476,8724243020140689,5483160651690288
11644,100000,1647488024816636,5506302245861497,720533125583122
11647,100000,7348684841485262,8324776017330894,4585992493346372
11484,100000,6670365628823266,1770977715012839,7579523677814002
11471,100000,4904010116340259,4981551164216449,8574035763218328
11449,100000,6998317114811877,5847199872218281,3321926515452188
12205,100000,1055234756565674,3832097061296667,7886477733144849
11682,100000,4673566884113853,439791720094827,471232348871535
11607,100000,2042918452833476,2511533372638282,5694787723602464
11621,100000,8115437663780520,6370033361290516,7507091134466851
11640,100000,5802663305748562,2989811476799378,9003335420292079
11637,100000,2622369519308256,2991303187028290,3584890440713702
11589,100000,2691490074666674,3511914262424133,657966642758626
11588,100000,8057019586823185,2022006079345786,2511932082179612
11482,100000,3190522452156467,6031907084662681,1639899685028216
11449,100000,7050112915922246,5666776010751867,7239186618899312
11446,100000,823495764467379,3865020550906423,2074694724969064
11521,100000,8992023049885333,303650089915579,5172514948464681
11536,100000,2846859153993799,8121112860901725,6900232130431007
11487,100000,6319101090754589,8902788672954728,6078000650274824
11469,100000,2813759629113722,5466035956474210,8263520896698269
11457,100000,2960215311609385,5447353212786325,2415836060051785
11724,100000,8076600884756705,3125242268096332,1477183523898166
11644,100000,6787934077782973,2648215217019546,8850027609649490
11530,100000,6600489165110245,494741024987178,3771607173039871
11870,100000,4859242178877272,6539702384076590,1000237680532068
11588,100000,1779276170220869,7949600276578229,425150414060065
11490,100000,1718841801281614,7053977689468759,8432775000022386
11711,100000,7685785300356650,3408466459987008,2152876695558558
11658,100000,5675780777538251,1852978799580825,2137841544534377
11545,100000,7905971803124953,7041890992184555,1509031594069105
11625,100000,8791539971238544,5512907556044828,6604158645785679
11430,100000,7486451272213445,6465514732819443,1587212769718789
11468,100000,7913295156253375,724848740450554,8550408880487849
11570,100000,3859056935071106,5977471210384103,5631512755178008
11562,100000,1482524447187632,3328215521083050,8563116714657406
11493,100000,6594308873062424,6078030754294174,3265102099100304
11437,100000,3044924108385914,1202846901062626,674913320495386
11426,100000,6653765491066903,397958717989635,7819259019760372
11505,100000,8591125318724076,7749010350089035,4662678095959844
11548,100000,8977254485434083,3937359829789659,1582717954081413
11463,100000,346311609377448,7583541581103230,4529411473866355
11612,100000,6461617490927972,2907516337565362,4737483911008129
12268,100000,7089792385443249,419835817175820,251513841324604
11498,100000,7602632440904445,6264635816924337,7194161155161120
11647,100000,7707709518480363,8559201684670801,1334849730786103
11603,100000,5974274656024958,1486539999787717,5904717042589266
11565,100000,3938712502585459,4914597114495818,3592270143766901
11696,100000,4787902087876127,7091245397547087,3090454320153572
11773,100000,6109024424416971,2149981734675914,8727431930638424
11571,100000,7557077585213197,5244255337121827,7095811722891092
11553,100000,1462612884302696,2715594238977266,5474210053373287
11593,100000,2438598000950655,2947768002067874,2844600958305300
11535,100000,5196808052120141,5438034499444201,6931458297721953
11510,100000,4448628719831206,5580900366376502,8649845540969889
11562,100000,1288365811725082,7305344775905462,1063952886770516
11629,100000,133507689996541,1120391991398956,4912322849728234
11597,100000,6237165719216457,3187908923521415,638336193547953
11588,100000,5555131641559955,5042419581478420,4078044846222146
11592,100000,8313457242193617,6377005608018021,6912969945197732
11532,100000,6477400384367482,6639965873534304,2326247960991200
11604,100000,3986799353779830,3031418859679892,2726367101787035
11516,100000,8787735094781964,2102960621195131,4087100023472920
11553,100000,8798365853713981,1825780323407887,5192835477863821
11633,100000,3450040584840784,8946227435916495,8893699545040312
11738,100000,5441684967954853,4508320648216969,8000958692961596
11492,100000,7092355470380732,1144583848147425,8576702468160716
11487,100000,2707976331460913,388390672484681,3762229169050249
11577,100000,4666580951883219,3089646759855917,5014381547490257
11599,100000,4291291792812799,4059689232971120,267803921295069
11895,100000,951564391956749,6769053951044965,6628425458493497
11551,100000,4695528258455455,6763635547728941,8953483388323039
11458,100000,2651799986645644,1789556598981640,1572921676365980
11580,100000,1361715259068107,4716090703202595,1933055883461781
11602,100000,2375359935438430,4205307857880460,7465210495043017
11613,100000,2314455084897523,514013820783291,8939077325515829
11548,100000,2631172955577695,3532638815696267,4318929374308994
11452,100000,486242460013672,7437366485792526,2283328658502472
11529,100000,1585328766648551,3602679216119407,5318768713493810
11531,100000,6442827321400209,2891458658603168,7525522246231347
11560,100000,3023647942822574,4393505536808720,5510860307266733
11518,100000,5998094588071552,4261359937200325,6463922297120487
11597,100000,6070919887741666,7745581875819566,6005215795335155
11510,100000,7673685029024585,8064845588572305,2694852894675066
11390,100000,8486808698882469,8842137287624563,6713402346081231
11556,100000,5353431443746315,4329891549197131,996440845781045
11586,100000,1472331316769886,2855452695223617,3448067583181811
11525,100000,267938169201112,5972201041349986,3900829916200618
11541,100000,4974890790353117,6033769346799739,5467188617015478
12108,100000,4457102111397944,1244762400780369,6660939322102024
11690,100000,8480045398079236,3977988093335429,6950209716242388
11590,100000,543445472883517,2694370067025168,3525035972843666
11587,100000,2124857194475167,4924470377817024,8043801984509610
11561,100000,3979328209188795,6424646506330231,3475984144862728
11526,100000,4728031562009288,4871161253538187,7588248448141714
11555,100000,6962036454099003,5212784896594200,3800861773250514
11556,100000,4114674675339070,3834453178591687,2955961959128096
11579,100000,4373675493082881,5623704021723663,8171620638359500
11536,100000,5576176362744049,2795929694497824,2756024788517506
11465,100000,1898930307130982,1017519647271154,6933886410584229
11572,100000,4741880606616909,3727289460741478,2096889188407615
11585,100000,4568161601980533,5744345025899523,8583590931897749
11638,100000,3235700688529708,4845749887857726,913752142150139
11787,100000,5837585208831654,1098802882821383,6636159828722895
11689,100000,7299753040122870,4304467594708101,3848666061304341
11531,100000,7314767542418823,240622023586272,5514390109127021
11553,100000,4458202293233963,4878893412268943,8277776847571099
12372,100000,4848154416663284,8670718828291276,1397535032863465
11589,100000,353069302190464,7756448502639150,4206545190529976
11603,100000,1359046248391112,1849242967844732,5011697918825296
11471,100000,1441027583568601,5281883147972889,8196906985709451
11580,100000,698427287045416,1685603926283811,6707152681272627
11570,100000,5373391323089173,5041630760976525,335930427626309
11668,100000,2726218254120587,7561850775687084,230791898055328
11597,100000,4880844937425962,3117038656307195,6456935387835322
11943,100000,6309681391222032,5176175139186926,4302892358423738
11578,100000,4892066487989118,6076096301701482,2599486633247781
11636,100000,6221251081440354,976445636859430,654805556539818
11577,100000,2570398746796268,4570841521644229,8991699139470252
11634,100000,8053645427172542,8358204225707915,5114850701478044
11797,100000,4440887657535054,6948222837841229,2386737461650812
11651,100000,1514062425882004,7365896855075716,7370841654809389
11655,100000,4340043464488437,4708411261434449,2661395342227513
11457,100000,8648805314535404,5632317934411914,7006654438704265
11539,100000,3113358002341939,1809792826035090,765228585076261
12525,100000,2376030858353511,8077613069054572,7490943725519365
11639,100000,4299373288852379,5878712186418976,2442984153082100
11596,100000,6439476799444032,4181763681768056,448786735759984
11521,100000,1602507863789461,5333716199057005,2604264802511722
11631,100000,7813167040954337,4549023269144451,7496423360383821
11592,100000,5532648738191722,549646254361315,6970772818950090
11567,100000,4876882447684222,4943243501200634,8484410545686706
11592,100000,7224151918228174,2713815304301493,50318400432473
11514,100000,1777102174094980,1043391448282054,6272170846995857
11968,100000,5481592241398979,2170483464750622,5242061811652484
11462,100000,2876950800348626,110059310843732,3940558825549281
11655,100000,3844685432434441,5351898870587419,7529117186656659
11648,100000,702111522309488,322270778562982,6328191386939720
11773,100000,2796918539352865,5416434323330255,2833769133190458
11554,100000,2568112577514278,365265999633256,5295855606502793
11459,100000,6574078225101710,6779734712471829,2237209131273007
11556,100000,3980452978390575,1808450642061525,1948350278123832
11536,100000,1823672915824741,8988617203831566,7770152328194668
12632,100000,3745169198303924,3565294003183849,5044147151623255
11558,100000,5082204200781649,3735095624068376,7515505652931289
11528,100000,1043596906042661,6347868562575858,2027468414773429
11587,100000,8275581036699295,1251867313149258,8860192295833512
11512,100000,4343844705314846,1175728842114537,4835804657299813
11681,100000,6253044769132548,7060728519758401,455209781089954
11570,100000,7937784267368415,8542393595641996,3985569369218589
11563,100000,6597247206765469,253576512333847,3011287376221075
11606,100000,6974348926719727,5872339130956355,8225206479225754
11434,100000,1216010408926816,5814989717940381,5310540447839474
11543,100000,6163704279235480,2333375487657872,4131922227632145
11687,100000,6700012050218818,8211742839782257,6915084066253109
11632,100000,5133568420437729,3099964722343121,5887061457060884
11536,100000,689123080298125,6748266938150788,4042978620917947
11481,100000,4601983182825205,3980938449900517,2708556882856955
11612,100000,5835997737568910,3700022401212207,1222632474676977
11761,100000,1813438005083546,1456955471152210,7954719510859625
11766,100000,3715879108958026,4302994773893817,8322849537903399
11686,100000,1893034299163297,8806525050952566,686897633273161
11503,100000,4733585804933502,2178956497657365,2516088388495997
11588,100000,847305577660810,2769711464070817,4743121660811912
11575,100000,5120098701311380,1579879570555531,2671997165505423
11650,100000,1389636513413235,1732683704890020,6614528112978705
11607,100000,3897568281373569,2246355087560776,6109871918192875
11680,100000,5604056122651558,1019785503578484,4641109265473575
11592,100000,2659404478979839,8074709967828960,1452311025263949
11533,100000,2833222441853343,898011454425809,5094303229633138
11475,100000,4869751237933823,7963675886201227,937072878616664
11655,100000,8994255599674883,5855960694015986,5802261325677169
11960,100000,6059507825037933,6491945178807919,5287939814899168
11762,100000,4169207346463366,5300379374518994,1686282375109055
11651,100000,7420511485568518,3259809252570515,666369806125169
11666,100000,4902076711930460,6751937363306415,372532822396684
11475,100000,6165194883621832,6178861604101936,6674166328614294
11660,100000,728844527393488,998263061589145,263821834065941
11610,100000,1191767020988036,8444613359463524,8610979373716198
11478,100000,4051432617483064,1734673733478757,8389629653546546
11759,100000,4888034443562002,6429687481450610,8245734312883263
11475,100000,4917058008259626,6753451861789555,3944675978777657
11397,100000,3833263207450282,8869811953788868,3234171723140721
11553,100000,5208883161293180,5815273219802308,7085674092001125
11508,100000,353264530222945,7568636976702864,3870301263237062
11445,100000,69908451457261,6492948272571641,8106819060055404
11496,100000,2107326229804671,8371161086130365,6487426012097
11475,100000,3289352266250029,2971586488462081,5405148801733225
11524,100000,6713645094191052,1158170888313274,4331123808038761
11534,100000,5440204673444358,3656582374527187,5546642081361239
11447,100000,2973797792808072,8413674809016633,463833441881166
11500,100000,1981450092405624,4916564246973790,3646012541625238
11497,100000,3292716154858298,1116174036359475,3640414069593162
11567,100000,2308387174587716,143209257575151,6641313056131859
11676,100000,4559008281091011,4148250668991198,3303264349111854
11675,100000,6215646776775950,3006443169746215,8789167242367285
11550,100000,6338901242554627,1607561570897037,97888823020843
11509,100000,7909508556813852,5631260479223207,751160261143097
11508,100000,8679056485571824,3636163756974000,3087275638422479
12169,100000,5682222946336725,1854853213301904,6206658516043047
11635,100000,1039843141010609,8195913582354471,1306135638579812
11517,100000,8705551270252957,1822980510916350,2958497795727506
11547,100000,8124587191159783,4254232720457391,4921208487986317
11489,100000,4319365813051495,6565330486068799,7437796851144476
11602,100000,2128293533287228,8440934606043955,480551712203607
11720,100000,4296912455955755,2899507546433230,5272214834644727
11787,100000,2837765205328784,4593220252643949,4680809607670076
11678,100000,2962457540262262,4328005121246984,6758645899694768
11625,100000,4963770955168567,5614246704476534,6596269254080746
11643,100000,239322597272504,8581124475890840,3698726773927039
11706,100000,7611491125415335,4677750154471608,7682009943193725
11698,100000,2115898679097801,7850124847839161,7068934366708963
11661,100000,8064908772911595,8608115571797660,7838621806861234
11787,100000,4530123239414398,7020175146325094,2540857800076976
11612,100000,4991387729772554,1032680145088528,7132442064584958
11464,100000,1817469948511977,3769701186943515,2281878946339277
11697,100000,3903076697476698,8615755315262075,133776120156583
11681,100000,8669231918025245,4043352951058226,4596272298392973
11569,100000,7083097802692748,8175844346602694,3251573219322785
11657,100000,11738285539809,5187666249190980,4036047727868520
11517,100000,4934019720819842,8017325359929347,5155836311118421
11517,100000,598152558232129,4385186995085119,7213141801621357
11591,100000,2601793144438083,8478133803963010,6385102517057703
11484,100000,5756832703926650,4129895972264680,2447329449876004
11739,100000,5454738321708680,6616140880633484,8645329152118126
11606,100000,4130589119175115,7934870342586582,6376640685094062
11623,100000,5114147374930502,2045856079314128,4871321217872540
11512,100000,1077125749457663,2393306602461617,5200693133984964
11531,100000,7203094919072161,2418428145309731,5812355878271718
11648,100000,7444284107784922,3258902542844432,1629293408187085
11623,100000,5651793753843004,1178126392897472,2277454602769430
11632,100000,1892465362368570,3904501992909032,2612480381927820
11616,100000,8178357388960513,8825309104745584,3499692095948007
11557,100000,51353474557902,2211399483300356,605990903316404
12112,100000,5297452650824568,5401724467950992,560324858235326
11772,100000,6601503073711185,4951757867264457,8961796620295720
11638,100000,2787865759685944,7664693928120442,1556379045268611
11751,100000,3716772637815409,2955830456014698,3920332962450594
11723,100000,6915848996039995,3104681192417113,5332709691926510
11606,100000,6517127972232919,8058509920682335,5252774492264189
11831,100000,8623698497372783,6582849609216255,5718588032133489
11587,100000,974814663597626,4540076098703244,2119327061803079
11573,100000,8514464299015042,6663364635148124,1669619229413503
11629,100000,3456925330498205,1561037015281919,970983071884959
11522,100000,2287231478536833,140148034997872,5007525442793756
11459,100000,7360579297151959,5114336277359635,8828523292822791
11571,100000,7356808061820609,6825693427955653,2246381772557745
11611,100000,608985661506661,2988908534289285,6726968190128825
11587,100000,2724955324585212,3827509776543599,1019198818134718
11568,100000,5575076772353187,8677450577097813,2225589036522003
11582,100000,8573766338204231,981682230024664,3846819903434482
11447,100000,5658993119131982,7865933739834634,8640069523743263
11840,100000,8255712670239510,5806170326353268,6317685903133143
11653,100000,3417831890970473,7626458171724839,8397304831635750
11638,100000,5841874418108913,4724971830651434,7170937268148265
11577,100000,2878970852553530,2214194524998799,7534753297710697
11498,100000,4801043552135472,8206929379532893,1752255148305549
11495,100000,6966905776613005,667936058766746,4258377934499901
11678,100000,5523240632017430,1093401707641287,1588644713172589
11669,100000,4419123628443730,5036197032853958,516304853716227
11640,100000,6573970627142084,8896750899478498,4330333687369100
11601,100000,1651283166659268,1709378561126519,428993936838975
11481,100000,1783130548731157,101897930475288,8961319409653639
11487,100000,6380813178180791,1961070600961852,227549499233161
11570,100000,4928714555062665,8612921433693300,6363699493611228
11841,100000,8723952411267676,3925454788274350,3977291422945379
11531,100000,8317182084186086,6988041482794335,1662551463885974
11582,100000,4747874026178477,8145263599748561,2563430269302929
11310,100000,5881383354266806,3637150240798475,8783929175614523
11595,100000,1249391681846729,5792028592200526,4344807275607122
11571,100000,4393295537769626,8214048311988251,7583285060817330
11728,100000,7510122721180901,6243939189244243,8324435519686939
11610,100000,8403729432272595,8612639359382056,330812642535592
11751,100000,3072351651674767,2967511993393119,266053018014061
11571,100000,2085520451905461,5552387114426274,5208345978616255
11640,100000,2271903787337256,3958878831015512,4359954720800524
11627,100000,5534726629682867,736773504418425,2350319691636196
11614,100000,6528606780661393,7483333420029296,4239335364467336
11542,100000,4804617390220350,3717990168157572,4385136792141067
11727,100000,8906252725897752,4981516120008015,6943467486743265
11657,100000,7297352038332641,7253770703591226,8586497540499404
11669,100000,4318603118421897,5004622457181117,6497511640643480
11578,100000,8956624533022248,3933021615076206,2099226282465635
11615,100000,5340037759190717,7368162695625405,5756132128411837
11561,100000,869125579943178,61175092715916,1368204596406490
11487,100000,8404195155014124,5316282035015150,6453851149687815
11553,100000,6448943535629257,8126286351840001,4571624397379716
11540,100000,36239705403168,1540210584299273,4796895004804664
11571,100000,5200912387157343,6343045749538648,7895472409302414
11537,100000,4353809663827826,7578627020133290,1255912521157668
11585,100000,4256029332842129,8837326563340037,2326344469823099
11539,100000,224055730092200,2651607987423140,8267802461723810
11534,100000,2194678777042333,7349378532490915,6183433747521924
11653,100000,9000363421361727,1652603835073072,1352935833187732
11760,100000,1030179933749102,8164962363255586,2449883116842831
11522,100000,4061402181915567,1079061719571971,8055484433311488
11517,100000,2187422145768343,6482367101676016,3190839668963313
11656,100000,1283227664448750,3659095408284303,4862485521647890
11514,100000,1271554525508625,5710551722822548,773148061424736
11652,100000,8966219691325053,4707694160472771,395059367085156
11534,100000,2359631119401298,3278075546485054,5142269955879201
11531,100000,4176685257367364,6243690974160742,6055372494056033
11470,100000,7791966106270231,7752363004272472,5386941262639278
11547,100000,6002024435586518,2500847392161910,4656795548602672
11568,100000,5546018094476759,27478814591630,2925963994985030
11527,100000,2458027638603916,5371026920167309,143559850708063
11648,100000,6035458712759640,4999806532631218,5924707218496141
11516,100000,2933863211318640,8150002884197741,7580414053879595
11581,100000,1521823544539801,6206355139730373,3367403936734936
11601,100000,1688006212710534,3227977035954065,286444958460908
11608,100000,7579179454142980,6312494197131363,4846755880966840
11428,100000,7346951699156332,591044786452004,800561070070731
11454,100000,4823416814804642,2385809602903737,3139678097116689
11451,100000,2436861472244970,5231650106942957,5994117084024303
11572,100000,534903314490294,635659988700682,8301150966054126
11701,100000,2039424559657200,7410677950648769,1946172501544654
11599,100000,6887372770883482,1685366781886408,5667767897485393
11559,100000,3129451891698196,3610788266579959,8520885843006556
11456,100000,3530990479666577,3141396078797185,2532771224067867
11528,100000,1360229420611118,7991113173065190,813570459637132
11549,100000,3165468927518104,7774500017053615,6264817237596866
11550,100000,4225062558045864,3289804811387237,5104994523498310
11419,100000,7504170309938192,6986467002409849,5110352460332931
11335,100000,1928785686071183,540621730527946,3543961974842482
11465,100000,83535711243577,252224040792474,7286364391276632
11747,100000,4971000578692589,1700699375142773,8919171805794918
11569,100000,556159127754562,2117048800349072,2300446919312328
11587,100000,665579126374634,2454847863773171,6569515632553117
11550,100000,7129819164273625,7290209115092479,4031679180389107
11581,100000,571067182075744,8807945863941010,8367338663918085
11555,100000,8348510883146970,3711938384134126,6204402159413415
11567,100000,3771985277125457,8164511329937833,8436728067837181
11955,100000,8188478737811521,7467477794168545,837124099779411
11590,100000,6251300088389348,1063164693046481,6632149910560882
11547,100000,7329555105227103,8321091542513792,3783818882572687
11516,100000,7191415617927712,3043762119454259,2066230044388921
11688,100000,8197799869372494,2142920151103443,6564470825655447
11535,100000,6346626095683855,1281902604440703,536689403633266
11532,100000,609622803467703,367703925039324,7603808872423924
11504,100000,2126778299643260,503638700052890,4948804177108717
11483,100000,2620101587992945,5637604776985582,2175957447161696
11478,100000,2445413044492261,4285321138704226,5311851632374920
11820,100000,6620748096531546,1287355140411854,488131695534678
11628,100000,2803196655356773,3555947764056338,6579433370511522
11557,100000,206464775612310,1857495417135339,3694945113143007
11595,100000,3659546380129689,4602429776998098,869232311191258
11449,100000,1010621571099934,635001158870937,1936813521457455
11479,100000,4144663618180908,328988966755449,5670628425411875
11588,100000,28683717483929,5496104071166445,6301933160418735
11699,100000,7990038551732564,3939946009665034,1031259855378255
11550,100000,1993658513955851,2793836772760633,6136474116130121
11514,100000,7081789485673529,2996687147224207,6921962655035980
11503,100000,7286531994272994,3921832114602400,3439640274550025
11638,100000,8714658266524250,6945931130579171,2879436066115605
11625,100000,6282900865723131,5438113983598460,7512865905647445
11649,100000,7086965522414764,6771871200108910,1562840716050678
11591,100000,2906589027394056,1524364697434880,6199283525406455
11535,100000,6315046618524974,6081260549509,8173425710026146
11552,100000,8416111774531083,5589237704950784,4459635000394879
11657,100000,7441200372232928,2643662648862848,7926949929571301
11610,100000,6616783738938831,4793557394181317,3543843882338399
11565,100000,2866621395406521,6006001761573796,345304515202646
12550,100000,8821956135360031,5919919757867779,6280841452521007
11532,100000,2959577075114405,5343375916776359,4569193503507257
11463,100000,7282491236628871,1175483332108323,3835621368443695
11573,100000,2640393584745143,8140671053893275,4722780653769749
11554,100000,6355161668126509,8095097887389583,1093624157731109
11751,100000,1989343404468462,4597379775666577,3002556309343763
11547,100000,7935409347707023,7291988581489029,8278518311756237
11609,100000,758204390559885,7087608291076552,281500890425703
11454,100000,162716118786014,8684559608057489,217729862997573
12652,100000,7234603353410749,3363802745754309,4132871751686801
11575,100000,7354868153028419,3573555949721657,3864815551732883
11541,100000,3894363552088179,5317097904340642,2470133767640628
11480,100000,930176175301238,7522862355824345,2595940100403226
11433,100000,249618142217405,3997782599234498,8611050470530798
11453,100000,8570638758434422,1942097900090624,1160550454564379
11932,100000,2925396624088683,5799303998456357,662174037734756
11656,100000,6111248669588366,4295356823319295,6092946245303225
11575,100000,4192622363289166,3048129401815899,5778031319209087
11523,100000,6143729521401194,567092511065253,3561109738695200
11552,100000,6054149012925119,1715290312259166,3196339353974068
11548,100000,6750618846898038,1058729263306547,7935688892324677
11671,100000,5017865438573564,4017203093964973,3432283138973945
11678,100000,8254662309471176,5140366871832633,2325844269422410
11585,100000,7194995972271736,348902114683764,211646064472912
11368,100000,7673924218529239,8477311603333371,4342694003855234
11456,100000,967410387886159,469869995869491,3740203015377615
11564,100000,7500840602595561,7496804768828534,2711369396099035
11958,100000,3368127388191844,8720449314012977,2096739306967123
11543,100000,3993502280898751,2091607472056739,5577530722544029
11614,100000,6157234277363744,1341333522729314,148209525966704
11570,100000,4570501449753399,6234252396928921,6878360258402430
11488,100000,5565437591327736,6814439091791556,4941300372034415
11661,100000,2411287688714002,3146080444254480,1794271355456975
11625,100000,5502639762061511,6474998352026387,416855341944337
11608,100000,1275525329456491,1197302749260685,7825907102226138
11559,100000,6660383976948274,6193913972250075,8181285905097349
11528,100000,4105040734039571,6751412735821812,8705657646219235
11642,100000,3568714359449417,6362103712760912,1981055656443831
11657,100000,6802508421979499,8327400097610585,7435783351799723
11696,100000,3635001919646983,6245641647587951,7030921115641278
11570,100000,6759419195109566,5373328821177901,5962126259022600
11540,100000,4342107370671401,8888825119751662,3834003757247932
11580,100000,29914994592171,5228408983220999,1290548465660900
11765,100000,1519531806074626,5382300308777655,2699965804164069
11566,100000,7880681306616278,8366290336182939,2611786399945156
11576,100000,7600756167325787,4810703154041632,880757856826188
12185,100000,7023476512214384,8385721719639402,910318288480249
11432,100000,2332591421201299,1690130045442871,4316005391966857
11456,100000,3260905888032925,587566549722626,5597854903055597
11769,100000,977820724493844,3307374876812673,5290380332187830
11589,100000,836674279032027,7759644998019445,6170834203794691
11557,100000,5387286616712310,6181847035085095,7974907961256748
11500,100000,1793570761621328,4558828618712268,2813926678190295
11448,100000,1886546877433273,1098575474050188,3562801131169837
11450,100000,4648200885639326,4799775182192791,6616108252064922
11560,100000,4288282029089258,5131556224156815,8994225495451128
11565,100000,4082033750412752,8512964171377028,3899581254803051
11517,100000,7910197525671251,7142245768248462,7132908478272995
11456,100000,1428013217620328,1324729628252342,4821105432592020
11427,100000,7174574583542469,3527492212330600,5690733306865797
11880,100000,2412191562498067,5376951748857466,1421446647011983
11655,100000,8632757291704368,8384913984707139,3527137793599776
11614,100000,6500470923808362,3360176632209488,8615073686958088
11634,100000,7569665279822171,1296098636502845,1904439620875797
12177,100000,1699068961303775,1621817808653016,2758923913241832
11559,100000,662431421479276,8553002940307033,5944234978991559
11609,100000,4873650107837852,5439346384909613,2614082743824371
11747,100000,8384728554389381,5645187010394467,4472883928599917
11660,100000,898543226296286,2679071970381974,1398854852331460
11609,100000,4788912496154475,2620536668327552,8143936027661943
11616,100000,2875700326064017,6269081508686461,7414616725908525
11439,100000,729585048534507,3749521215419035,6059195668545803
11556,100000,3100456658697205,543461658744427,6044329272126507
11533,100000,510842678511634,6298852591249321,7042117893497893
11533,100000,5039622229932938,6802196389340554,8657630541216362
11492,100000,6258403441547239,812043642468358,2788335060098436
11463,100000,2699724938802840,4323862113799599,833359783869849
11551,100000,4781259615357711,2437777357707854,7415743896396514
11533,100000,6532950851060544,3597585899757454,1775610356001262
11526,100000,1377307847724160,4936270758049853,3243785644670448
11529,100000,1734570924422385,5018141324611400,4551559897713027
11508,100000,2117462472533685,2926076978655419,3108894314172258
11498,100000,5588381959210987,634931195128757,6819472396023816
11592,100000,4367438664785808,4192289530129354,8822452608954204
11580,100000,1483065962083196,3473819883310392,2083001709547570
11539,100000,1833666627660789,4916130992922499,998863205001178
11532,100000,1190435697978386,2919194508670991,5769729001784682
11523,100000,5905776277911120,2029202887659746,4966019127916761
11627,100000,5991150895476181,1923597223608596,1262070718580587
11659,100000,2161250849654534,5541979676417824,5703702059607841
11575,100000,4104376066524117,8948215569150580,3732854086626795
11505,100000,2093986777154199,115193788202310,5846250742699998
11414,100000,4981085769214832,4863055205615234,8614454264446950
11416,100000,3396612777869314,5190974516661297,6546940907248533
11513,100000,4781179846566179,8873677889136416,8924403213657431
11538,100000,2012088719748996,290730268158887,7747907852464715
11464,100000,8187983635284546,4110311282721825,3396776282080806
11437,100000,841147108533241,6653947896800536,8808817856689030
11457,100000,2818887009455248,3312792438255117,8590507185391324
11495,100000,2070230504214317,6257146258292381,536451863055753
11545,100000,7568525789808311,2611014213720111,7255557658199908
11538,100000,1136285450486464,8612295858301766,5119472042746251
11520,100000,6655238699372352,891257380126981,8466729654041362
11484,100000,1810477143702750,3258847846135550,8992152968504684
11668,100000,972884200710357,247699111955323,6765607106581254
11710,100000,7174656978547639,1325726708903270,5743323925986899
11708,100000,8342195534502217,1441996316824319,8849187939500278
11633,100000,3261968239075359,3052535606249291,1338007811464940
11546,100000,294799759799369,7600410315182018,2634964415978341
11630,100000,7748046217258922,4815300159991069,8596166142400523
11658,100000,1209488931573690,2145762125879726,6613849157223070
11620,100000,63863254352963,410444988717267,5397775666894416
11647,100000,3147495016980369,3828875567390868,4647093179983328
11660,100000,1540351198280540,5321867791820276,7678194196804228
11614,100000,5556370026132335,7075529428608763,8662846068425832
11647,100000,2844699101728222,5237216431683856,6127126564117919
11733,100000,5958434480525768,8183263480807945,8622140599679254
11723,100000,6139604292364236,6464938837376925,7040564771992436
11607,100000,7370824293089489,2284614841138900,2173619728548510
11532,100000,3896970624242640,8024906492645449,8182363236822818
11571,100000,5343662008737920,490016316648336,5965862310651549
11545,100000,5678924509466328,144475565031472,3681666184680152
11711,100000,7669269666555188,3799332289707288,319651654172417
11707,100000,2218904508018217,8735994147085713,2304260146565021
11607,100000,886060685572627,549325222009767,1416616232735465
11812,100000,6712977889604674,1918579411488629,7450489236916458
11674,100000,6834936722631047,5203534648772792,8014776048734667
11550,100000,3683066978379626,4222452260048472,3429892923724371
11604,100000,2552961719760914,3187471224465865,3993461380071925
11586,100000,3345071088513175,7347992055276950,1054537646872587
11536,100000,8575802435146974,5787136219704940,4349419251141020
11475,100000,5452730486235895,3617076678526655,6446944093950552
11469,100000,6219251699322413,2961070315503419,7564479015020301
11795,100000,5077122183283055,5209269682901633,3269652022921512
11607,100000,581476939597014,3924509347505130,1715731102931942
11616,100000,8521742687900437,2109212013680235,2297903741298165
11570,100000,7639905341126106,4868890197958129,4183188793541133
11655,100000,8996937178804097,2022928417573047,3876546145020741
11572,100000,7782700210487091,3067103777976175,3778490233699017
11583,100000,8480541284322052,5892552181715225,7376518687408474
11609,100000,4891879451624599,1587793630451733,787417682827946
11613,100000,3467113261971668,8730370356017428,8542997416426622
11630,100000,5702181383927211,7831488664569148,5666931804155671
11480,100000,5204994515522676,3077329732695173,7763636822366590
11641,100000,8403180712647865,6799989547318519,8354822024457902
11544,100000,4612152232946501,7909748005570099,4365105202977593
11578,100000,2196145903255739,8279354128723005,1612182275564520
11575,100000,4599746907864157,4216927533024103,2729016478310720
11510,100000,4886483054542571,8365864374943520,7649956564504988
11627,100000,8057733060659836,2857421797039778,1323094120367570
11680,100000,2755269594608857,4300308948721370,7272173905975062
11696,100000,4411079187489353,97152078913730,4984186641165055
11672,100000,1621628896784602,6614229150702132,1252363023913550
11632,100000,288327324450983,782154288266435,30007608274905
11569,100000,1697137401369285,1264963341850646,1203796566466926
11673,100000,2703184578483222,1944956605320183,4699056726250118
11703,100000,6324547127348494,5108688269714062,5623779436971190
11698,100000,2135564340441979,6026180374015562,3164950904124389
11584,100000,2974475986383718,4528209020073001,5837853655897004
11621,100000,7912980378264374,7311575385972115,898870004148866
11575,100000,7242500442459242,555465544107031,3729432150014769
11572,100000,749718160751207,6502353846595576,7070513417962776
11543,100000,5192603015360091,5403042491755565,8954138545083660
11535,100000,4231042107451289,1396900895566634,1159334821848507
11512,100000,5324042310445355,6014220856170807,2152927667448279
11563,100000,455177609746661,7373551435146740,703104858355799
11543,100000,5767567784737816,417108590070708,7455895831996672
11639,100000,2138991575838487,6022881859295739,6460863157909628
11682,100000,1452694372102514,7585684497787730,3235166739491610
11647,100000,803908744236654,4808390202301874,768501434505928
11651,100000,4257497884183867,3170409174800722,2450077732494837
11496,100000,2476623828072480,7586964928117631,7975685260755309
11498,100000,5288637485408459,5502375144391786,3792538258896860
11921,100000,8724421291339648,7353320572895162,8373776733170321
11830,100000,3614492414265249,5851089867570045,8532388934500127
11613,100000,3463430716917648,8139279215009764,5693817162682876
11591,100000,3441784068471941,7343579248607203,7767047909870117
11551,100000,4816392954819419,604104986010501,8540650129689594
11687,100000,3969949208721688,233761432845535,571461584787688
11639,100000,3581855457928631,4868371258684368,3593547840961720
11739,100000,3565174504852207,4875129231757476,4066574852632541
11631,100000,7553785277668894,4809721758208339,2820177536344890
11452,100000,7810617255414727,7634348741036217,4992923912280104
11593,100000,604149262689185,7580648345337388,7411958170070954
11605,100000,6421573386226156,6184003310180442,4706890454642762
11600,100000,138809887445321,1663775278190234,7051759342283753
11648,100000,8166726365266102,7718692735961716,7169059136459208
11710,100000,2737623361128288,7887832587977132,6922209455852586
11587,100000,1683926216009070,1725649525308299,4016580467784954
11613,100000,5433255607960211,7441533775199902,7912458600373127
11984,100000,1951859319518886,8191421685372410,2291611035066737
11625,100000,7088065187719017,6300656586125396,4001453307757745
11552,100000,2027228160450143,1090062221606499,7931886751248251
11590,100000,3349257783563019,85376785576490,6087173904725588
11647,100000,3914800701034974,7837985953645469,4998028213251555
11625,100000,833142160494301,2417566166516705,7578783703628629
11674,100000,7542205656835206,2696256838309128,1898372352762276
11642,100000,8767658884726194,401720907253015,6559918092494860
12283,100000,8732243881429605,2646761346835433,4845882449483352
11626,100000,7669257476477131,1719627394695704,5031654714883403
11545,100000,7552038585705912,732119202234309,254696543971180
11494,100000,4236956681956984,1883294593139920,76041038400875
11523,100000,6186244172247635,5950907434587842,3415700412936297
11539,100000,2990753420856878,6303282588146106,7487912663171464
11547,100000,2764492916587523,6357875084567958,8370985684706737
11583,100000,3515714226893215,5220076211964523,5787249091760472
11466,100000,7384066317762311,5294610461520758,3478288377131248
11535,100000,6231856529557167,1489107783343151,2079617354209987
11613,100000,8569993830669164,1495583216626679,2822756851711051
11593,100000,3786058973719119,2359528594498337,4054980832890247
14429,100000,7970992614687588,1995415074806058,431868785788474
11873,100000,2065942449662089,3904340901329004,1327098696242930
11699,100000,2151630695993820,5482864687285433,5586457936343482
11503,100000,6008680246123449,2803901046106640,2654532299563575
11668,100000,2310550016511363,1256878255690328,2260936068252602
12043,100000,5034550132036457,4297274965187759,8228301841601351
11777,100000,5766119399792792,8266496627273963,1707997268801812
11619,100000,254888398893234,5380317921687399,6674835349804160
11994,100000,2372080072220542,7778107929591269,3836701888891441
12639,100000,4233845342469869,6584477633209747,6276255360231862
11524,100000,769033801591688,1661616632449420,4790471582878542
11512,100000,3809802144079010,8834920272610715,5334532612166860
11705,100000,2125841609026424,1207097041714952,429822437421929
11595,100000,6862977141393031,6723545704937710,8726954084116690
11599,100000,5393937197063163,5128198298773942,5423839851059542
11551,100000,2042945224524192,4831882552356491,3034779297940631
11480,100000,1509416477141462,2341896056335304,7301731527180373
11650,100000,7021839756530237,3286851831887395,1877184066577246
11595,100000,7351753627372156,918304297699073,1408535171997159
11619,100000,5737941782904768,385379270725718,1852914487120000
11721,100000,1230251126171113,4203145697447548,2031594868508425
11665,100000,660643700948027,4325178654412052,6531856053039609
11444,100000,4631874082172104,8542836001970605,8173460363187337
11666,100000,8779719228693090,3534070381836914,3261137480028277
12808,100000,6666888452647051,7571574290655500,6508600088888481
11592,100000,6089837628080077,5314319776584463,126715176090603
11759,100000,2890035592150119,4221893012263185,4985541569661925
14643,100000,480396190299170,8756655288403544,5278300140666121
11794,100000,6046569974527321,3417029602246140,3273453700354343
11561,100000,2681866530444321,162342097711428,8695901122596106
11464,100000,730365686101634,6510835739408504,1061660875108404
11420,100000,8899126826039479,7578087456521856,40833993556668
11592,100000,5451852333373743,385715470037526,1441182300139232
11592,100000,7753749440403697,3285615821114892,1962511921980821
11528,100000,3262760090026685,8927625947838931,7239823947225852
11500,100000,7983207996293996,1226776765739002,6240990806409967
11504,100000,1933227147632200,588247608505647,7915743080833893
11565,100000,7168414832170314,7958470354671321,407153545402525
11537,100000,833278059818245,8220828523629635,7819969697784551
11528,100000,4759385988227391,361329468031202,6230626367406960
11637,100000,139386621438566,1073557262587500,5489879063715913
11533,100000,3814466107725685,7971991338281919,8131519919169911
11935,100000,2969050891283624,7236858614873888,8987111772204885
11696,100000,2726911013164869,8413433320258540,916860068379950
11597,100000,556574147887833,1882002269175434,3169191081505775
13512,100000,7948878605229188,8460568459964616,4758658181073724
11577,100000,153675295713427,1629763083098841,3752459061946752
11504,100000,8351621177098492,6344913539503667,6935573629902246
11976,100000,805634570494307,7243427446006548,5196379954871640
11563,100000,5750910701264666,4322328356821533,428655538579795
11642,100000,6992023372112907,3458520410429695,3065412575904380
11580,100000,6841604934366885,5700996350440259,6677106051437657
11613,100000,723642580250063,2660447957320408,7428342224825294
11478,100000,6057631547649807,3736224518719592,328304912813555
11427,100000,2754857416097580,1294612005116105,65138032663660
11567,100000,5983082457759042,8503182825273327,929581646449437
11541,100000,8133635000488585,251220829700408,5043467955223636
11623,100000,4392362522524617,6927649411501296,6313734180083958
11486,100000,5316946971245819,6704773076351287,7780908735883156
11465,100000,6005288410201530,7135518430437491,2534262325959855
12660,100000,4652620233429320,7868931270229991,8049326799171210
11523,100000,3561327461452128,5548647287914192,7051390837482240
11681,100000,5453573755413164,6282648574086479,3182642419623304
14092,100000,2590966123535555,1130491553024520,646373082867464
11692,100000,2467385832469284,2792543630336504,3801594011020137
11623,100000,3560528945662721,2637842015709575,5919966230421861
11688,100000,1207174457343945,260810798666,495248336515040
11542,100000,3021683060221965,8740153749399321,6500010179293324
11565,100000,3364323250137390,956995573241545,380026369480883
13077,100000,4234004230811889,82943772249172,8926251987099603
11581,100000,8509462389006518,4630303729014676,4073320173888687
11619,100000,990358761706538,3782351411019117,7632899302175899
11481,100000,7773393768134532,5680583761947129,2142937697210358
11462,100000,1525625452586277,513747063807516,8689184269642999
11521,100000,2323779743067586,5435219012246383,505215598150585
11715,100000,7078611305094016,7559682630617899,5646310309986535
11627,100000,6328551816760259,3827030696109524,5637365618358109
11634,100000,5237770717869699,467848572147484,7824949662195033
11518,100000,2906931366292272,4065500603469592,1596819330676882
11649,100000,2983011098780066,5838053996473847,4659888255428279
11598,100000,1362274443760306,8845569039855729,5492048578399154
