elapsed.ps,repeats.n,param.v.float,param.min.float,param.max.float
20441,100000,1.0117074461306435e+307,-5.195321548014594e+307,3.3382826406104806e+307
20320,100000,1.5848957394505617e+308,-1.468091631317045e+307,1.1378797395736081e+308
20232,100000,8.88989564680461e+307,-8.286210650886888e+307,4.573663425423017e+307
21777,100000,3.5139546416684734e+307,-8.896442386748205e+307,1.8348550848555407e+307
21123,100000,1.331516202169332e+308,-2.8774745791095455e+307,8.730573998350998e+307
20366,100000,-2.2677517536764686e+306,-1.617617569420346e+308,1.4612315934359103e+308
20556,100000,1.4082693736273687e+308,-1.0542314201010431e+308,2.6017206077729963e+307
20370,100000,1.2485683939389338e+308,-4.210198998513956e+307,8.080140310568352e+307
20427,100000,4.542953067239766e+307,-9.510841217850301e+307,5.513283259968838e+307
20515,100000,-7.208915684186636e+307,-3.904634786143503e+307,1.413326734198953e+307
20496,100000,1.2780108255829207e+308,-1.3111192289990224e+305,8.559531512723758e+307
21393,100000,2.9133759492965835e+307,-2.020189887267649e+307,9.615899974158232e+305
20234,100000,-3.088836341692825e+307,-8.790741317061788e+307,1.7373114050706137e+308
20345,100000,5.082206793715899e+307,-1.3404166840985932e+308,6.486122730910181e+307
20497,100000,-8.676925350506635e+307,-1.7607577399541108e+308,7.713425060882429e+307
20718,100000,-4.60900603739218e+307,-1.5444398333042542e+308,9.125320699825624e+307
20423,100000,5.94671557991815e+307,-3.3531354102487837e+307,1.7788703462574884e+308
21719,100000,-1.0119738986019064e+308,-1.4416937352762e+308,2.683026575400942e+307
20305,100000,-1.6929750455807368e+308,-7.543631638713128e+307,1.0914172098755233e+308
20523,100000,8.290527784113299e+307,-1.3583236491606342e+308,1.6353678016978569e+308
20431,100000,-8.945907609813021e+307,-5.332222163322631e+307,2.961502893785491e+306
20371,100000,1.1969017661986533e+307,-1.1006381644539836e+308,1.0256951458850328e+307
26196,100000,-3.2097863171656394e+307,-1.8775199812515515e+306,5.786072559162005e+307
26747,100000,-5.584846093733419e+307,-1.7327901173292765e+308,3.873631520818451e+306
27197,100000,4.054461426326033e+307,-1.339043675378298e+308,7.795194842958e+307
26285,100000,1.0009030252782541e+308,-1.6140451992620987e+308,1.3290160687426834e+307
28417,100000,-1.2061120736385805e+308,-1.7645982475393989e+308,1.0076703950895616e+308
28940,100000,1.391236171777214e+308,-5.973274801409216e+307,7.102055472683525e+307
27886,100000,-1.5924086405925946e+308,-5.109795515497591e+307,9.997070312997239e+307
20829,100000,-2.2171260946496163e+307,-1.664981420924798e+308,5.726959857066024e+307
21952,100000,-9.26055162683764e+307,-2.009057712107526e+307,7.231463939780911e+307
24576,100000,8.394549132383167e+307,-1.7349066878347816e+308,7.570053112365082e+307
22745,100000,-1.7199865617212623e+308,-1.2437502430244404e+308,6.351311926541738e+306
20585,100000,1.2514190265739222e+308,-8.490976301616189e+307,1.2278563919183496e+308
20460,100000,1.7242389909524585e+308,-7.442919905179323e+307,5.16950871995467e+305
20498,100000,8.50778268667371e+307,-4.469700497478456e+307,8.444577563598519e+307
20447,100000,-1.373427430533464e+308,-1.6179736491537396e+307,1.5611670319739898e+308
20851,100000,-7.068194904583705e+307,-1.6190694420675333e+308,9.386921123363932e+307
20299,100000,1.7671754661632758e+308,-1.2124371762215074e+308,1.5192928600810978e+308
28594,100000,-1.3792524294627982e+308,-3.3870749096096495e+307,1.5134415929101846e+308
20279,100000,-8.545621843207756e+307,-2.491497881605076e+307,3.1243547315708925e+307
20382,100000,-7.198429972621546e+307,-5.426725468435976e+307,1.7893118192210541e+308
20210,100000,-7.478036154162668e+307,-5.3205581859412143e+306,1.3418763771166838e+308
20560,100000,-5.532422350705453e+307,-1.4656564433976614e+308,1.5511940356206966e+308
20786,100000,2.762372594233161e+307,-2.1744450163794546e+307,7.490734932648998e+305
20262,100000,-9.43920842778226e+307,-1.5956659131957904e+308,3.0447780248446747e+307
20306,100000,1.4292678920159374e+308,-8.385415337856226e+307,1.3695133130224341e+308
20369,100000,1.4535585875030253e+308,-1.1733086536541254e+308,1.2304431774006086e+308
20513,100000,-1.6200530878124291e+308,-4.986989185120375e+307,8.782966222430839e+307
25013,100000,-1.062254116542588e+308,-4.3291200705629754e+307,1.2504558947288632e+308
24596,100000,-1.991837835057785e+307,-1.4102598013890999e+308,1.7549146953841336e+307
21158,100000,5.65891470002223e+306,-7.654694582281563e+307,6.194446030850417e+307
20536,100000,8.528231997349023e+307,-6.873669027790377e+307,1.0544113167784462e+308
20350,100000,1.7091168131690757e+308,-8.410317658965738e+307,9.747014090030058e+307
20454,100000,1.2376008034299736e+308,-1.2240026471259922e+308,1.0789974466912048e+307
20681,100000,3.4329023865810013e+307,-1.3286820520396728e+308,4.755822035584785e+306
20275,100000,3.2111590112318513e+307,-4.313102555836396e+307,5.315837825029136e+307
20331,100000,1.7601662609208877e+308,-1.0550426932374826e+308,1.395878809540359e+308
20263,100000,-4.0045825084549303e+307,-1.1254316660534394e+307,1.5765377449860089e+308
20652,100000,1.5674242599835891e+308,-1.425837034863614e+308,2.6574248564526807e+307
20848,100000,7.866138920144114e+307,-6.658420433038456e+306,8.74310748570927e+307
21068,100000,-6.680678621249965e+307,-1.181565722794067e+308,1.2873475000164857e+308
20702,100000,5.116253481309574e+307,-1.2093717999340194e+308,1.1398370250287642e+308
20334,100000,-9.004124512436376e+307,-1.4998296269432726e+308,1.6771165013269462e+307
20465,100000,7.518992222073672e+307,-3.4791307734582925e+307,1.4613647430588755e+308
20573,100000,-1.1036703167581928e+308,-9.736208313039036e+307,7.95833412577388e+307
20444,100000,6.963604547757643e+306,-1.7443867300205763e+308,1.3141881848378277e+308
23950,100000,1.3531716213293144e+308,-1.6889833112634256e+308,1.5290399470397097e+308
24188,100000,1.7239538441671711e+308,-2.827724854887865e+307,4.820797331436037e+307
21756,100000,-9.251409287668673e+307,-1.3149053509095823e+308,1.7486586340834117e+308
22068,100000,-1.4844395652592183e+305,-1.2243708481631665e+308,1.3550646230185423e+308
21088,100000,-5.362577669800005e+307,-8.686509049038347e+307,9.805088551472395e+307
20957,100000,1.1584951740910744e+308,-1.7333891515821057e+308,1.7067971397851624e+308
20802,100000,-9.113704090519735e+307,-6.98292039427052e+307,3.4299582037533183e+307
20587,100000,-1.7352463137441421e+308,-8.391828574608119e+307,1.1299207445144758e+307
20335,100000,-7.186884937837458e+307,-1.1941957287476503e+308,2.7377912240909713e+307
20812,100000,-1.2647451621733217e+308,-1.8149172174521798e+307,1.186036262372038e+308
20867,100000,8.334513356374742e+307,-7.839287738447162e+307,5.342575090101685e+307
20556,100000,1.3343109598169954e+308,-8.365770022458144e+307,1.693792302972771e+308
20431,100000,-1.222388196320651e+308,-7.693496238406609e+307,4.865821888818868e+307
21016,100000,-1.6012995400275204e+307,-5.876017813696002e+307,4.991362826580132e+307
20690,100000,-8.007677424253943e+307,-1.405330608846159e+308,6.074448909105573e+307
20371,100000,3.4315554351084274e+307,-1.252255775663641e+308,3.438386324268014e+307
20974,100000,1.7056698839688525e+308,-1.0043401454198747e+308,7.980007689833753e+307
24632,100000,7.789965702746843e+307,-1.1532001342319068e+308,5.710823916747789e+307
24943,100000,1.2573169501796899e+308,-3.1074915965427057e+307,1.3675962324384014e+308
20791,100000,-4.795708130936201e+307,-2.619416342807028e+307,1.0433349105927378e+308
21003,100000,-8.279328067974151e+307,-5.685708612493562e+307,1.2773421690939717e+308
20479,100000,1.3334840372176374e+308,-7.436470013682419e+306,3.4150798514317526e+307
20984,100000,-1.5908585304261352e+307,-1.0257234981290977e+308,7.341776613458888e+307
20627,100000,4.60451027115461e+307,-2.8959870310099806e+307,1.4352588762021866e+308
20941,100000,9.30663358277207e+307,-2.4196573516920345e+307,5.127993319957892e+307
20508,100000,7.043216365439179e+307,-4.157327873560319e+307,2.874937859377321e+307
21232,100000,1.9679807059127526e+307,-1.7144033904266675e+308,9.449028675305536e+307
20786,100000,9.046714818492497e+307,-4.2144014328879317e+307,4.784228516748066e+307
20771,100000,7.792031888706632e+307,-1.3324120209681383e+308,5.864489634529647e+307
20762,100000,-1.64538511322401e+307,-1.159790199081995e+308,8.325900398010003e+307
20909,100000,-2.837764666041119e+306,-1.6882832429199997e+308,5.234228988336999e+307
20483,100000,-1.085305248343152e+308,-9.555398480171533e+307,8.780453937474857e+307
20629,100000,-6.486837906726486e+306,-5.896735775657716e+307,1.5057465800865914e+308
21452,100000,3.2453613291152237e+307,-3.7325639083324754e+307,1.2211768747121761e+308
20720,100000,-2.0427532575024939e+307,-5.624894671265366e+307,1.6527228477624026e+308
20677,100000,-6.479577003545839e+307,-9.320410628224791e+307,1.31687166337891e+308
23091,100000,-1.4810588676872408e+308,-1.0617854038656082e+308,1.4873380065897842e+307
20412,100000,8.056690916000456e+307,-1.190812852146628e+308,1.3183238975618688e+308
20474,100000,-1.1484697793026537e+308,-2.332979396795416e+307,1.640764841003222e+308
20643,100000,1.094964863855133e+308,-4.3732038134658424e+307,4.295591346434944e+307
20817,100000,-1.037814486509728e+308,-1.543771241139111e+308,1.2229066350108419e+308
20772,100000,5.461206378162487e+307,-1.796531962475732e+308,4.584211916392364e+307
20817,100000,4.859214601126794e+307,-8.726554372939773e+307,1.5285818526793603e+308
22933,100000,-6.014871722298099e+307,-1.51254657496471e+307,1.7852358845568812e+308
20822,100000,-2.1216384471836493e+307,-1.7120980290364036e+308,1.3184517209217353e+308
20808,100000,-9.724743846942953e+307,-4.856075117199686e+307,9.128549350712362e+307
21903,100000,2.378958206461108e+307,-1.8159767814698348e+307,6.502896434020859e+306
20911,100000,-1.4511939288951928e+308,-1.647232661161815e+308,1.1770712089575028e+308
20828,100000,-6.768334844807703e+307,-8.77103466966403e+307,4.072166140344396e+307
23755,100000,2.560284205379808e+307,-5.143428121903163e+307,1.7017951200015475e+308
23519,100000,-1.0333466858688419e+307,-1.358261894776013e+308,1.421196497070111e+307
20545,100000,-1.113905925951204e+308,-6.591517246810162e+307,1.7922418586891995e+308
23631,100000,-4.299392031216665e+307,-1.0788620359654188e+308,1.7507002592765335e+308
21164,100000,2.344771758878508e+307,-6.19699302516232e+307,1.70546248918881e+308
20238,100000,-1.7847865783762204e+308,-2.8296805900838035e+306,9.12031704344374e+307
21572,100000,-8.137204955881352e+307,-1.1906112495389777e+308,1.7744104986261644e+308
20613,100000,1.7806581958048713e+308,-1.2253408552024578e+308,9.236214806791007e+307
22350,100000,-1.3843527680324458e+308,-2.574321943986616e+307,4.590942230043108e+307
20427,100000,-5.156853141586983e+307,-2.859763757340304e+307,2.2599788848328038e+306
20820,100000,-9.46787897417062e+307,-1.8674664930006734e+307,2.460643056575181e+307
22576,100000,-1.3682138856842273e+308,-8.935978436157055e+307,3.777008308492032e+307
21375,100000,1.4559355969422113e+308,-2.13190828910131e+307,1.0119673079592684e+308
25400,100000,-1.553945270707443e+308,-2.2744976193062116e+307,2.0076784141781213e+307
24826,100000,1.0916367372156805e+308,-4.822968778611678e+307,1.0147570054819265e+308
20474,100000,-1.0791296356027543e+308,-1.0401433698658435e+308,5.277231836937857e+307
20419,100000,4.2949504296810176e+307,-6.353578280711176e+307,7.101326620928099e+307
20185,100000,-1.3778643851433728e+308,-1.1610256874606257e+308,4.453450619727661e+307
20398,100000,3.4725245669248305e+307,-8.621974037550156e+306,1.5643862964503483e+308
20892,100000,-1.6885760183858651e+308,-3.7932926744887034e+307,2.0023900869411374e+306
20925,100000,1.1025892945569315e+308,-1.628782283878424e+308,1.0195435526198008e+308
20552,100000,-6.310771481020215e+307,-1.1737017735868255e+308,1.1029277829481142e+308
20548,100000,-1.1916115102079917e+308,-2.2857601487022165e+307,1.4102562892502548e+308
21065,100000,1.1087099618540116e+308,-1.7059893666303618e+308,1.4108816993128e+308
21098,100000,9.961424070220615e+307,-8.104705710655165e+307,1.546796867460619e+308
24121,100000,-1.1033406248979633e+308,-5.031163990054823e+307,5.261381930367643e+307
23718,100000,-1.2787054790500898e+308,-1.78825024425367e+308,6.239385795120445e+307
21634,100000,9.546673862260949e+307,-6.588386875286642e+307,1.335192328013332e+307
21053,100000,2.963044348479722e+306,-2.2803297529155675e+307,5.318744944256457e+307
22153,100000,4.1285698399414075e+307,-8.064335532319643e+307,1.2778327177877734e+308
20604,100000,1.0262177637648927e+308,-1.719704605413051e+308,9.21647483078087e+307
20451,100000,1.7756655845068903e+308,-1.6102380809059181e+308,2.821570236689653e+307
20778,100000,1.2524647182879997e+308,-1.2678643655078148e+308,5.779627378092228e+307
20732,100000,-3.126271929649129e+307,-2.0576733947905297e+307,4.150714304168006e+307
20864,100000,1.4741716048576918e+308,-1.1560543023103607e+308,2.62983583961652e+307
20714,100000,-1.934200079665587e+307,-4.1649222808281217e+307,2.590364459885783e+307
20819,100000,1.6940301322876317e+308,-3.613148361527633e+307,6.331264421521261e+307
20211,100000,3.983401206769962e+307,-2.9077070003463805e+307,1.296867039182938e+308
20658,100000,-6.023917544144657e+307,-1.7421222982789767e+308,1.3312259793061898e+308
20258,100000,1.5782659861366257e+308,-4.1951904986750916e+307,4.200983329119265e+307
20153,100000,-2.633435529660197e+307,-2.0087058881853737e+307,1.2330685593918557e+308
20452,100000,9.919840114968135e+307,-3.0798598271547467e+307,3.2809034032961673e+307
20714,100000,1.362916122279618e+308,-1.3599425795521214e+308,1.2147569821232204e+308
20764,100000,1.715257077752286e+307,-1.4401730618709375e+308,1.427175226892806e+308
20332,100000,2.791873572253243e+307,-6.615942125412363e+307,1.606451454962926e+308
20644,100000,6.265083890794207e+306,-1.338229961274031e+308,1.5010969914137685e+308
20576,100000,-1.7883179610384244e+308,-7.913551123724063e+307,1.2411649518748158e+308
20238,100000,1.4019428052779779e+308,-1.4405214539679168e+308,9.746437682653457e+307
20474,100000,-9.907547447439556e+307,-6.574910369892579e+307,9.407573336044313e+307
20724,100000,3.9302852472281223e+307,-9.998406289892956e+307,1.5940300716496528e+308
20932,100000,5.616882244676234e+307,-8.542018341514832e+307,1.326521769811048e+308
20554,100000,-2.3642245901130114e+307,-7.128121810707559e+307,1.1354245828203326e+308
20582,100000,1.4623166258347175e+308,-1.6535761447221831e+308,1.1037888247518896e+308
20837,100000,6.35797814408789e+307,-1.6775294278258177e+308,9.925652433576295e+307
20468,100000,-2.0992633760025679e+307,-2.622303671651588e+307,5.176774290244002e+307
20748,100000,1.7896368442745263e+308,-2.990287701370232e+307,9.133959059109754e+307
20290,100000,1.358689341822008e+308,-1.6929583677349367e+308,9.485782533924375e+307
20263,100000,3.461276169749346e+307,-1.7677685844875784e+308,9.919774345904477e+307
20736,100000,-6.040633055386798e+307,-7.399377317290502e+307,1.958387491810033e+307
20375,100000,-5.143307373864798e+307,-2.6633468340456794e+307,1.269779278882424e+308
20293,100000,9.170219339184535e+307,-1.7444733452674615e+308,1.1866594119629191e+308
20159,100000,3.3099833275228805e+307,-8.366383369509468e+307,1.4143172396077204e+308
20206,100000,-1.3232210287833772e+308,-8.234411106012709e+307,1.1973876277500388e+308
20345,100000,1.3935073931676594e+308,-3.955215496655789e+307,5.780909764948781e+307
20453,100000,8.210171402178481e+307,-7.641527148860803e+305,1.4942981080600286e+308
20245,100000,-1.29792957071654e+308,-1.4873054797503836e+308,7.12866071688778e+307
20781,100000,-1.1437548577179676e+308,-1.5794423137755407e+308,3.651652531157854e+307
20523,100000,-1.082414763809017e+308,-4.271630123068668e+307,9.655832034177422e+307
20514,100000,1.3378142777853703e+308,-1.4380525770046322e+308,1.3114416589864013e+308
20264,100000,-1.2764309638193574e+308,-1.8371615512469277e+307,8.130453623254651e+307
20528,100000,-2.9199202596862223e+307,-3.1714621892104425e+307,4.933817102844982e+307
20301,100000,7.393306636808031e+307,-1.201808381230663e+308,8.216612061622453e+307
20101,100000,-1.6037939773784112e+307,-1.5000086678896777e+308,1.2912592153135972e+308
20406,100000,1.4537618663537737e+308,-1.5668522996006474e+308,1.1143255002606982e+308
20475,100000,3.3710420055593924e+307,-1.6146765376401559e+308,1.7841298128458744e+308
20267,100000,8.742911644789478e+307,-1.5510182346874365e+308,4.3675006527708e+307
20525,100000,1.7583716048689836e+308,-1.2570952555553826e+308,1.787485284869451e+308
20516,100000,1.2040019873818615e+308,-1.1489870841673315e+308,1.1940047258751597e+308
20312,100000,2.4823089499606255e+307,-3.49053852283562e+307,1.0668962078174523e+307
20306,100000,-2.6238595712573203e+307,-8.669846822565011e+307,1.5524826998655276e+308
20437,100000,-8.852470857203422e+307,-7.4756633879936e+307,7.956391022576778e+307
20289,100000,1.2540845923192843e+308,-5.097285292123487e+307,7.35000521298187e+307
20103,100000,1.4067181923339505e+308,-9.52757478769122e+307,1.277288491419826e+308
20337,100000,-9.63891332840047e+307,-1.493461308490042e+308,2.550445049483421e+307
20917,100000,1.7934613172821481e+308,-1.0603181722229113e+308,1.6128666582120624e+308
20439,100000,-1.6582520260445216e+308,-5.013911933079623e+307,1.593467155217266e+308
20410,100000,-1.1619747315345616e+308,-1.4170330185125797e+308,1.4448895472663181e+308
21144,100000,-1.5732704757645765e+308,-8.604822599419915e+307,4.2342070000731353e+307
20613,100000,1.1714074061924319e+308,-1.293635338335919e+308,2.3110879544046205e+306
20405,100000,1.4489521823326456e+308,-3.0192738670064244e+307,1.5050761526987246e+308
20480,100000,-8.225956549992402e+307,-6.405040206774482e+307,7.973066951536505e+307
20796,100000,-2.881904138832781e+307,-8.296619378581409e+307,1.7600290613795522e+308
20257,100000,1.3093698906659457e+308,-1.7845264190701529e+308,1.3946056651509701e+308
20428,100000,7.087442427738115e+307,-1.2476671282468314e+308,9.272932062259593e+306
20736,100000,1.5643903155691672e+308,-1.2899406112481802e+308,1.0115776632660297e+308
20935,100000,-6.929130342860632e+307,-8.062001321297767e+307,1.7092769267559148e+308
20553,100000,1.5819423360942485e+308,-9.068208766543242e+307,4.3111375170936683e+307
20199,100000,6.332693387621176e+307,-7.96837588844493e+306,1.2793941625800977e+305
20360,100000,-2.8782986913061514e+307,-8.81078713588584e+307,1.472972594403872e+308
20540,100000,8.200751786642135e+307,-2.8249182521563865e+307,1.1977611699897106e+308
20426,100000,5.086443902162343e+307,-3.8307935837709773e+307,1.6628897931025366e+308
20687,100000,7.756826106687295e+307,-5.535134283969986e+307,1.3703467513013449e+308
21086,100000,-9.95303458523463e+307,-1.0963896615488263e+308,1.037169698742428e+308
21157,100000,-6.54720012375046e+307,-1.7075685334471463e+308,3.465100068933129e+306
24219,100000,-5.003353245066074e+307,-1.3572790558515087e+308,1.1778405347325734e+308
21124,100000,1.803534448523468e+307,-7.153921449202307e+307,6.406572035695356e+305
20588,100000,-3.405943364272011e+306,-3.34654629907198e+307,1.3764486811619464e+308
20568,100000,6.164351773584075e+307,-1.1427687377194132e+308,1.6076627481725026e+308
20686,100000,-3.939288770754439e+307,-1.3736039266920742e+308,1.2759222548921469e+307
20493,100000,-8.23117569676236e+307,-7.76794612790884e+307,1.193144320611657e+307
20435,100000,-1.5099834741031364e+308,-1.7506218907735598e+308,8.220782239052665e+307
20373,100000,-1.6994712495116657e+308,-4.017523323660185e+307,1.4607019643337772e+308
20582,100000,2.6774514869792864e+307,-6.300176016981972e+307,5.819482997497037e+307
21128,100000,1.0739526785556268e+308,-8.878886049867829e+307,5.250578630338577e+307
20145,100000,-1.6749946764790935e+308,-1.1015035058580516e+308,1.3441127020131861e+308
20869,100000,1.3755971311567517e+308,-1.4490307602133812e+308,9.862634941248377e+307
20821,100000,-6.421521898457709e+307,-1.5791369366839857e+308,7.205843164612074e+307
20709,100000,-1.1513200524711372e+308,-1.3599905043945583e+308,7.342911606672478e+307
20544,100000,-1.5096464090878215e+308,-1.4035999349332944e+308,6.681555890133752e+307
21129,100000,5.036076344481799e+307,-1.388300979287197e+308,1.246146591055398e+308
20712,100000,-1.5988534683816379e+308,-7.737871890912815e+307,1.2743552648813201e+307
20641,100000,-1.2934833485795021e+308,-1.0423508877384012e+308,3.6965788399535294e+307
20931,100000,-6.123381685002749e+307,-5.69833624845949e+307,5.243780226871724e+307
20776,100000,5.728652026136106e+307,-2.087156587300033e+307,9.473167904649427e+307
20463,100000,-1.3332794312262622e+308,-1.7171379411784084e+308,1.2040680958175984e+308
20431,100000,-9.39358745064456e+307,-8.764874450307469e+307,9.525814818795832e+306
20722,100000,4.3106908343611647e+307,-6.188442503246768e+307,5.055424794427577e+307
20808,100000,1.2606468669281845e+308,-3.5900973165731375e+307,1.0312411881703146e+308
20635,100000,-1.3622558856355168e+308,-1.6693436784823042e+308,6.58432055644453e+307
20760,100000,-7.363732910322232e+307,-5.118120529969667e+307,5.496203267197478e+307
20610,100000,1.1935251115097133e+308,-1.6971905526542414e+308,1.2567706605994952e+308
24055,100000,3.1827994916490147e+307,-9.277639095860399e+307,1.0258321617274694e+308
24767,100000,4.0381108142334254e+307,-1.7528791995374306e+308,2.7860697786652146e+307
25033,100000,-1.0206519177172101e+308,-9.935820444141204e+307,7.022026067091564e+307
20131,100000,-1.1643126470745835e+308,-1.5375975583260298e+308,4.0003699937675793e+307
20553,100000,-5.651832540652681e+307,-5.28861201765388e+307,8.88047352427325e+307
20467,100000,1.6078720898361432e+308,-1.4051436620860812e+308,6.629106481151747e+306
20230,100000,-1.823004085383409e+307,-3.9842877592236677e+307,8.6665922924647e+307
20637,100000,-1.0719395639205849e+307,-5.640987366335548e+307,1.661485671880818e+308
20990,100000,6.398890831785172e+306,-1.9384331148257057e+306,1.1946537772360537e+308
20224,100000,-1.2630028645334362e+308,-1.29061528910033e+308,3.2994690890977216e+307
21719,100000,1.0753456817835757e+308,-8.745719479655203e+307,9.738527697340921e+307
20664,100000,1.7245072383313835e+308,-1.3015342327266049e+308,4.44706279769653e+307
21538,100000,-6.071877527463257e+307,-7.086018082790382e+307,4.696331049005404e+307
20544,100000,4.3478131615514627e+307,-4.969499366347478e+307,3.6115992137566167e+307
21754,100000,-1.7658912201962587e+308,-1.0905638368413371e+308,7.363691631816799e+307
20762,100000,-2.7599870735339546e+307,-5.634068820689731e+307,3.1454698288048003e+307
20850,100000,-4.2466338852736653e+307,-1.3755168252488388e+308,1.5479295910874274e+308
20711,100000,-1.7589858342520465e+308,-1.5732663780291406e+306,8.704251855402882e+307
21372,100000,-1.4704447779113625e+308,-6.337218019923414e+307,1.0963410762210077e+308
20875,100000,1.1697902319968277e+307,-5.000087444212538e+307,1.6470059832217184e+308
21254,100000,-1.7320239569943268e+308,-2.492581597144145e+307,3.153954601923722e+307
20941,100000,3.414023779509109e+307,-2.14888294218884e+307,9.172599951998077e+306
20584,100000,-1.693694444262345e+308,-6.519383872757605e+307,1.7980094666170927e+307
20474,100000,1.2338534508229577e+308,-5.673034500220243e+307,6.45377818607119e+306
21132,100000,1.4740607743869684e+308,-1.0393691066900184e+308,5.605218898193593e+306
20478,100000,-1.0190196212103202e+308,-1.5797808437903098e+308,1.1680099454673242e+308
20918,100000,3.114522893971277e+307,-1.3352152256130162e+308,1.713007218093269e+308
24149,100000,5.570536346339498e+307,-7.438095788499328e+307,9.74933015556895e+307
23435,100000,1.6384621916019393e+307,-6.200481591186895e+307,8.996285019409011e+307
20669,100000,-1.4533914263357138e+308,-7.453463155093317e+307,7.326458182745408e+307
21651,100000,-1.6855070582226383e+308,-5.980086838747984e+307,1.3051956592601645e+308
22383,100000,-5.868954845579953e+307,-1.7117961467613008e+308,8.411890452482576e+307
20437,100000,1.6659277454180257e+308,-1.4194916233985293e+308,1.5166905399382544e+308
20597,100000,1.1462714516881027e+308,-9.625010218228162e+307,1.3373641484155695e+308
20348,100000,7.29643464778201e+307,-8.034138026225772e+307,5.274078317105769e+307
20175,100000,-2.612102307839987e+306,-3.282681442624082e+307,8.715991818731364e+307
20717,100000,-1.6020992467033132e+308,-5.855646047830465e+307,4.244000793787014e+307
20571,100000,-8.532747182192822e+307,-1.106533576409597e+308,1.4854913744421497e+308
20406,100000,5.934180674414885e+306,-8.629298276324093e+307,1.4371730963842144e+308
20282,100000,-1.216344611515089e+308,-4.1592414089516905e+306,6.488746367764837e+306
20379,100000,-6.168417971583455e+307,-8.470991920878744e+307,1.0160257576110467e+308
20193,100000,-2.6860592919775425e+307,-1.6055274227445712e+308,3.932548131995365e+306
21162,100000,-2.525201214354345e+307,-1.1397648786725792e+308,6.912298680957678e+306
21206,100000,3.9169487144938163e+307,-1.4155129201168491e+308,1.0680975018958438e+308
20742,100000,5.319043131246207e+307,-1.0609118326896618e+308,5.346297906255867e+307
21362,100000,3.3000046575642157e+307,-5.611295387473067e+307,1.7616703468097202e+308
21384,100000,-6.20874209916804e+307,-1.256679893282814e+308,6.118524574210454e+307
20266,100000,7.512321987538299e+306,-7.16910779402338e+307,1.4568533240392557e+308
20492,100000,6.041288704788342e+307,-4.909430463863682e+307,7.092958731884447e+307
20165,100000,-1.17391971315801e+308,-1.6621637910467473e+308,1.37421525825431e+308
20322,100000,-7.708885209856328e+307,-1.2815076242780977e+308,1.6324741080062897e+308
20340,100000,1.6714607744849262e+308,-4.765955352300639e+307,3.495667947742204e+307
20769,100000,-1.4431836841942404e+308,-1.524027572973558e+308,3.769516527521401e+307
20638,100000,4.2658931168608136e+307,-3.355715085788989e+307,4.891031406707462e+307
20469,100000,1.5379364641673796e+308,-3.6624265155546717e+307,1.7644720852550734e+308
20505,100000,1.4656398493531926e+308,-8.849064470001281e+307,1.4797294627060255e+308
20664,100000,-1.4788710161153805e+308,-7.971505469625452e+306,1.569829014046912e+308
21219,100000,-7.22826145711306e+307,-1.7941464751816114e+308,1.36185383930323e+308
20811,100000,-1.4790229754621369e+307,-1.7107776059348529e+308,1.745290005270902e+308
21905,100000,6.493568965246056e+307,-1.5530182235110699e+308,1.2814889922600093e+308
20830,100000,-4.801157448303718e+307,-1.731069737078242e+308,2.4207544897231234e+307
20620,100000,-7.850957787642632e+307,-1.1389525771514804e+307,1.3622292986773505e+308
22226,100000,-3.3141421871180827e+307,-5.031084962415045e+307,1.7005936941249952e+308
20610,100000,1.630819236340747e+308,-1.0968357557722352e+308,1.6979659609348974e+308
20216,100000,-5.83577065400108e+307,-6.183673883969964e+306,1.2707767689731581e+308
20560,100000,-9.18722165146191e+307,-9.934255155975163e+307,1.0746253174966225e+308
20400,100000,1.3885942831033625e+308,-1.3716743940157123e+308,1.1098703129284748e+308
20399,100000,6.632284406978176e+307,-2.39501523846725e+307,6.192113032554372e+306
21349,100000,-1.1104837054883482e+308,-5.496570276101694e+307,5.676713687696619e+307
20330,100000,1.098568353337131e+308,-1.8688228887184822e+307,1.380992477559985e+308
21276,100000,1.3689463316258766e+308,-1.6066375175127142e+308,1.7743913246384887e+308
20301,100000,-1.3181894326776606e+308,-9.504168621421584e+307,1.0145110280149511e+308
20797,100000,1.3720201201702404e+308,-1.0135818703112635e+308,1.968537330300436e+307
20505,100000,7.501663132473832e+307,-1.464721914435682e+307,1.2645910120766415e+308
20689,100000,-9.231440970305489e+307,-1.6005174922704832e+308,9.016624899669822e+307
20370,100000,-6.252176916349324e+307,-1.1926026906597255e+308,4.0261387595099013e+307
20657,100000,4.056895564764743e+307,-5.191588839333823e+307,1.7114480652808601e+308
20836,100000,6.707617350604635e+307,-2.758165765486318e+307,1.7221973720837646e+308
20675,100000,-1.418208543744154e+308,-5.416282505029369e+307,1.7774046272101816e+308
20601,100000,-9.043654909320603e+307,-1.3538978037350458e+308,1.7494658253091103e+308
20803,100000,9.016777654283453e+307,-1.147877432323215e+308,1.2105044278651884e+307
20706,100000,7.291275760158105e+307,-5.86032328268916e+307,4.4229304655163016e+306
20374,100000,1.6516599051930637e+308,-1.0467433848588602e+308,5.453927399012841e+307
20239,100000,1.7571246906233465e+308,-2.6032733214117203e+307,1.03405751880216e+308
21001,100000,-3.635992186407915e+307,-1.914159791406285e+307,1.5699121205602407e+308
20430,100000,-1.8072686639001624e+307,-5.888836985868406e+307,6.761147354203663e+307
20892,100000,-1.6372264559459168e+308,-6.003847895864141e+306,1.0943953481095116e+308
20264,100000,-1.3439900858073314e+308,-6.760870736741226e+307,9.923184418980532e+307
21053,100000,1.0774056153866536e+308,-1.873123231681193e+307,9.77409558886975e+307
24495,100000,-1.3094686277141952e+308,-9.638482896810682e+306,1.4835317549563176e+308
23841,100000,-1.4219966802267604e+308,-1.309990499219864e+308,1.5828714416415938e+308
21190,100000,-6.516004090082414e+307,-8.240641981567902e+307,6.031386658889007e+307
20760,100000,-1.5053821224301781e+308,-9.012013619681527e+307,3.602842443893385e+307
21356,100000,-1.4420663919300146e+308,-5.07234360598426e+307,1.5188205163995522e+308
21465,100000,1.0714616630583978e+308,-1.7217574188861943e+308,7.539127883815367e+307
21450,100000,-5.598170349505442e+306,-9.5117490190151e+307,2.2264710878271578e+307
23272,100000,1.3266710841888567e+308,-1.3889429475888348e+308,1.207759954895405e+308
20820,100000,-3.3512234522659554e+307,-8.946432919815938e+307,1.6614366065315652e+308
20672,100000,8.75707233881706e+307,-5.815171481550408e+307,7.32603234660532e+307
20725,100000,1.5286267753770137e+308,-1.326888359463333e+308,9.886421417750137e+307
20409,100000,5.399111708123331e+306,-3.9206350322498076e+307,1.0038063207748462e+308
21922,100000,4.620689034511764e+307,-1.1505334841626116e+308,2.895111550288233e+307
20632,100000,7.762199002201973e+307,-4.552897910572508e+307,1.4571909383477974e+308
22771,100000,-4.0159344849347956e+307,-5.020879359215953e+307,5.676753082555383e+307
20506,100000,-1.0808751866668409e+308,-9.818442411376877e+307,1.6681739809801393e+308
23936,100000,1.1189017713870222e+308,-8.928367880322566e+307,3.801329551293142e+307
20260,100000,5.140210237375293e+307,-1.1583781490486405e+308,4.4036494832710916e+307
20543,100000,-1.235876839375254e+308,-1.784173262127144e+308,1.1737207410706603e+307
20244,100000,1.7676383763726172e+308,-1.4171267838716877e+308,1.0684002698815464e+308
23068,100000,9.631292469344059e+307,-6.439237068532113e+307,9.69510239662248e+307
20324,100000,7.471795749504735e+307,-1.8855296931029373e+307,2.6639498403002735e+307
24089,100000,-1.5342386081684796e+308,-9.43322571698369e+307,1.4122466378444537e+308
21925,100000,1.2331280093876571e+307,-1.649108002139742e+308,6.188044238673634e+307
20484,100000,2.9113485095198984e+307,-3.851954391614912e+307,7.936962668040818e+307
23977,100000,8.045354180961979e+307,-3.307055648010013e+306,6.117861526786422e+307
20982,100000,-9.050483208348744e+307,-7.726465799002149e+307,8.688173270695715e+307
20563,100000,-1.2697365216232948e+308,-1.319954421062283e+308,1.603236145905133e+307
21025,100000,-2.286725508773224e+307,-2.0417139742887926e+307,1.2041712459268073e+308
21131,100000,9.70658926597303e+307,-9.898894356664176e+306,9.215368349323148e+307
20627,100000,1.0259072585466167e+308,-5.451486644761325e+307,1.2273756886521241e+308
22816,100000,-2.5832247177220667e+307,-1.4741917222779074e+308,6.212801014710532e+305
22492,100000,1.3895863466366544e+308,-3.9276837059965186e+307,1.649640585780597e+308
22245,100000,-7.320224642584875e+307,-6.29975130894363e+307,3.6972142518996926e+307
21026,100000,-1.4363936627234095e+308,-1.4491769744393728e+308,9.3164177821976e+307
28065,100000,1.3950961032120049e+308,-1.8584914233528283e+307,6.217878225873261e+307
27797,100000,1.3655627696465726e+308,-1.596776789416482e+307,4.036743406027631e+307
27570,100000,-1.1315239664980478e+308,-1.7032374706673956e+308,1.0303635534971938e+308
24502,100000,-1.1498693887915594e+308,-2.384293188378362e+307,1.7176004106274966e+308
20441,100000,-8.301462902414872e+307,-1.4721614212021113e+308,3.1481724201685517e+307
27655,100000,-7.65541308663072e+307,-1.5632355148375312e+308,1.0991956460795858e+308
27760,100000,-1.6622874251056053e+308,-4.929130277798206e+307,8.163689854784503e+307
27378,100000,1.4592954692353547e+308,-1.0562904559696093e+308,8.410034055455063e+307
21575,100000,-1.6542374086374514e+308,-8.062982157556775e+307,9.010981384451166e+307
20294,100000,-1.5353703644805285e+308,-7.57023684019402e+306,8.573112743721366e+307
20765,100000,-4.0409513865971666e+307,-8.962375790130534e+307,1.4697989511637475e+308
23113,100000,1.5092070345451666e+308,-4.7575873294713175e+306,1.2434110700574884e+307
24077,100000,-1.1522519229257462e+307,-5.007829100386167e+307,1.439720777347123e+308
21377,100000,1.6313981421889082e+308,-1.3764975334402244e+308,1.2800261195018876e+307
20884,100000,-1.251544155372907e+308,-7.556907632169674e+307,1.7545120409151782e+308
20812,100000,-6.891266522874929e+307,-1.561868352488e+308,6.323840200522541e+306
20988,100000,-7.479178228729444e+307,-1.053791991210695e+308,1.1538335361532444e+308
22333,100000,-6.857883625728234e+307,-1.481885814529983e+308,1.5894453207559147e+308
20192,100000,-9.23872958320532e+307,-7.937729296732108e+307,9.997259414441566e+307
20727,100000,1.4290309885396397e+308,-5.0609370685707004e+306,1.380744412468658e+308
20809,100000,4.475534696765543e+307,-4.288058338192348e+307,1.5696150385226783e+308
20462,100000,-1.2667040576715655e+308,-1.729401857536706e+308,9.118502804008868e+307
20766,100000,3.3879637214773187e+307,-1.4585760244958553e+308,8.024919863898955e+307
21660,100000,3.6518124432545613e+307,-1.0589616312047701e+308,1.2700650663609357e+308
22694,100000,-1.1632950214188281e+308,-1.3018864818524588e+308,1.5616194139418963e+307
21263,100000,3.134431980560963e+307,-6.815739488310813e+306,1.5755868858126786e+308
23087,100000,1.5869558509216283e+308,-8.409125539351219e+307,8.767554961679867e+307
21590,100000,1.4194529920522042e+308,-3.4532891228201654e+307,1.3369127620329704e+308
21088,100000,-9.583206710595094e+307,-1.5235206243549175e+308,5.142918945163307e+307
20314,100000,-7.50696408472103e+307,-1.0917857911222497e+308,1.7340642506396943e+308
20765,100000,9.62161861488017e+307,-1.2130459664052535e+308,1.6975759972545642e+308
20944,100000,1.3170516956798745e+308,-1.0611201094667197e+308,1.391289615702281e+307
21373,100000,1.6418395696755439e+308,-1.310491346759116e+308,1.358957100936142e+308
20970,100000,-9.8106746214868e+307,-6.414948018081005e+307,4.357303759694245e+307
22014,100000,9.451700747201084e+307,-6.39616122315991e+307,1.3300855676276158e+308
21387,100000,-1.3196025655346308e+308,-5.849675951700412e+307,1.569216539613631e+308
20199,100000,-3.8946338260162756e+307,-1.1296725563330259e+308,1.4526941860963761e+308
20784,100000,-1.7734202154424543e+308,-3.82028986161558e+307,2.788211570246633e+307
22768,100000,-1.6050944550692082e+308,-6.572437914082322e+307,1.2342013600718847e+308
20558,100000,-1.2335438759884063e+308,-1.1431502898499613e+308,1.0427584368471764e+308
20897,100000,-9.1851884357691e+307,-1.5087257703898581e+308,1.4565936093311889e+308
20522,100000,1.1685655027650004e+308,-8.010967414039416e+307,1.549467944411284e+308
21494,100000,1.634832884094247e+308,-4.015745080165396e+307,1.6028074404081775e+308
20838,100000,7.602912732460797e+307,-1.538909467114382e+308,1.5551570884687993e+308
23727,100000,-1.0333734605114719e+308,-5.056523393485982e+307,3.4486516384179845e+307
21177,100000,-1.4597472402239053e+308,-4.890234158632102e+306,2.7234484439394843e+307
21953,100000,-6.031747758969361e+307,-8.822702433488882e+307,3.485286523419954e+307
20321,100000,1.3362882358855998e+308,-8.559057240575785e+307,4.436877043493805e+307
20235,100000,1.767209828345513e+308,-1.5913527630480295e+308,1.4414301464104031e+308
20283,100000,1.22167432365654e+308,-5.996440346576132e+307,1.6522214005853214e+308
21005,100000,3.8042848005498455e+307,-4.56781293996605e+307,8.833315506044419e+307
20350,100000,9.83037310803325e+307,-1.553192492008756e+308,3.3130099556172736e+307
22023,100000,-1.6705844444469323e+308,-9.777216209677696e+307,1.7960958731817654e+308
20391,100000,-6.685574669446533e+307,-1.1007436815886887e+308,1.4638579821512933e+308
20307,100000,1.366290469179458e+308,-5.987120631981992e+307,3.558328311799991e+307
22904,100000,-1.4922625027446554e+308,-2.6580318438967e+307,5.742512989735252e+307
24543,100000,9.81312934814415e+307,-4.950154184775581e+307,5.441454037235191e+307
22527,100000,-8.032387185086742e+307,-1.0039009963354794e+308,1.2555838924782813e+307
20228,100000,1.741565811154427e+308,-1.0004405981888284e+308,1.41552381152477e+308
20180,100000,9.270697282267318e+307,-1.0207047297172392e+308,1.59383283780056e+307
20542,100000,-1.2863918833157773e+308,-1.577543822059536e+308,7.332180387337598e+307
20822,100000,8.877225579809417e+307,-1.8345739929319742e+307,3.4810603183450123e+307
20823,100000,-1.3366962661629843e+308,-6.828866569833772e+307,1.4127134778461015e+307
20330,100000,-2.43777721123816e+307,-8.961680770081625e+307,1.7322219324646987e+308
20888,100000,2.888418775403568e+307,-4.4874209183965914e+307,8.8108470455287e+307
20624,100000,-7.67679303531333e+307,-1.7429435566359456e+308,1.221756874046731e+308
20382,100000,-9.112436333838788e+307,-1.1332554296491259e+308,5.842372917963258e+307
20533,100000,6.668218877134772e+307,-1.6797162402643542e+308,1.5721838759211307e+308
21761,100000,-7.238211974823415e+307,-2.499155416191709e+306,8.125855455906051e+307
22208,100000,-1.1134586587571799e+308,-7.493593806532283e+307,1.0247829809451079e+308
20589,100000,-1.0384512060001739e+308,-1.3200152874457722e+308,1.1104895584328414e+308
20364,100000,7.743426181291435e+307,-4.1106544426461213e+307,1.891079678766631e+307
20933,100000,1.7165218012251797e+308,-7.755600866265707e+307,1.7309881766893515e+308
20731,100000,-6.350510179975028e+307,-5.868683274392285e+307,3.6984887819579894e+307
21466,100000,-1.4063030462172355e+308,-1.4842905136570669e+307,1.1088560458959616e+308
21845,100000,-4.1993460180567426e+307,-7.055487938250117e+307,1.1092342632132009e+308
20442,100000,-1.738847852531341e+308,-3.985262888137907e+307,8.531206844525771e+307
20359,100000,-1.3159725347748735e+308,-1.2183017638224753e+308,1.2511314861140322e+308
20507,100000,-2.2986385703671955e+307,-1.8264011177658127e+307,1.727364273725156e+308
20878,100000,-5.501615000734846e+306,-8.068673334812259e+307,1.0492797875238696e+308
20237,100000,-5.356889389104878e+307,-6.421136987410324e+307,1.0282859134888204e+308
20688,100000,1.1165049285682194e+308,-7.328186647899537e+307,7.962920355847091e+307
23227,100000,-8.962626844484435e+307,-1.0395292359381617e+308,1.0847929096031824e+308
21604,100000,-1.3271806592713364e+308,-9.773444322101178e+307,1.3682358827938271e+308
20455,100000,-1.6490492890108892e+308,-1.2614706939677786e+308,1.6075830817763445e+308
21058,100000,-1.0851315332514624e+308,-8.540295895123274e+307,2.758993616182654e+307
21252,100000,1.194757734022444e+308,-1.3635557953144794e+308,1.218815370400798e+308
20410,100000,-9.10548294001174e+307,-5.778456624379994e+307,1.3063892142524711e+308
20670,100000,1.7106626718180857e+308,-1.137155108003394e+308,4.831088713468952e+307
20840,100000,-5.425930459577096e+307,-1.024471793896912e+308,9.813435133344513e+307
20482,100000,7.729347484415956e+307,-8.462206339483252e+307,6.617457055948507e+307
20541,100000,1.042659290550162e+308,-1.6038397141717273e+308,8.389205098355261e+307
21578,100000,3.6762574589039594e+307,-1.7156961674444138e+308,3.8916253530242935e+307
21489,100000,-2.3828691902047356e+307,-9.462622890980286e+307,1.4894787147775648e+307
21399,100000,2.1125897729839993e+307,-5.39764613749428e+307,1.6650718866598503e+308
20565,100000,-8.107528419236047e+307,-1.2736692416309418e+308,1.2977386251001975e+308
21099,100000,9.782093183635582e+307,-1.1904456612133336e+308,1.2986934393494273e+308
21034,100000,6.124727796935779e+307,-1.1114001870191285e+308,7.132222606586123e+307
20668,100000,1.4046324248701606e+308,-1.7201377974138015e+308,1.7263456202369186e+308
20364,100000,-9.458901234260724e+307,-1.2747847125172544e+308,4.1062547294354096e+307
22668,100000,-8.044193341318437e+307,-3.790156605240044e+307,1.7527026069940624e+308
21202,100000,5.774442569485039e+307,-1.5721859814410977e+308,4.334857466704972e+307
20489,100000,1.345236677692483e+308,-9.892871039924353e+307,1.1365002740340332e+308
20419,100000,-9.981084245828772e+307,-1.0260906092248342e+307,1.439910326714492e+307
20986,100000,5.016225521119088e+307,-4.0276922061488704e+307,1.7678272228125089e+308
20598,100000,1.638833569806282e+308,-1.1223820022117128e+308,1.421639418302081e+308
22221,100000,-2.416323405083719e+307,-9.492025622150226e+307,3.1277359919518116e+307
20243,100000,-1.5467304277316305e+308,-3.2322294236361624e+307,4.957725896148627e+307
20460,100000,-5.281663960210592e+307,-1.6078578382587803e+308,4.099945169593744e+307
20246,100000,-1.7115399061431505e+308,-2.1812973036769063e+307,8.659506964246113e+307
20138,100000,2.5306628974300637e+307,-1.0243546718854288e+308,8.578197336164697e+307
20378,100000,1.1767932089050872e+308,-7.858997330897211e+307,4.928987573878136e+307
20422,100000,-1.4840052914895475e+308,-1.385806705093925e+308,3.611731401569352e+306
20390,100000,-1.0857662513420122e+308,-8.318149189098577e+307,6.332663880044009e+307
20812,100000,2.4173409221485343e+307,-1.2294054124323521e+308,6.547557508706557e+307
20394,100000,1.6347520866462485e+308,-1.2284270245873244e+308,9.203781697607349e+307
20184,100000,2.4105262296106944e+307,-4.3769015170631064e+307,4.245544079645833e+307
20121,100000,1.1957562381907895e+308,-9.558420189319962e+307,1.5816847784907964e+308
20366,100000,-9.475763279223249e+307,-2.143209318381129e+307,3.4271233776011413e+307
20575,100000,1.546866573864956e+308,-6.38681222508779e+307,1.566641804504156e+308
20370,100000,-1.7907237073519236e+308,-4.690112016115673e+307,8.535585029090298e+307
20656,100000,-1.5747390198492437e+308,-1.7564034847374668e+308,4.936715682356459e+307
21737,100000,-1.447364969525463e+307,-1.6824107240389551e+308,2.1094851173951649e+307
20960,100000,8.693276380487282e+307,-1.063884861766452e+308,1.0769305707225114e+308
20474,100000,-2.373774302966345e+307,-1.1400014814884381e+308,9.815553544626632e+307
20047,100000,-4.929153556782868e+307,-1.283014666326285e+308,1.3628299471957687e+308
20499,100000,-1.5709538165781425e+308,-9.787999147938607e+307,2.2194373934040718e+307
20440,100000,1.7251576386623009e+308,-1.7942091791582738e+308,1.6333828866803246e+308
21243,100000,-6.424900613373547e+307,-1.0804323616276766e+308,8.215241178930739e+306
20459,100000,1.7376237563122485e+308,-1.6092198219422195e+308,1.6323371396039438e+308
20448,100000,-1.6262933145721977e+307,-9.023983231133234e+307,7.265011824002614e+307
20296,100000,1.1198638181537049e+308,-3.9030581661301896e+307,1.5842936455373588e+308
21381,100000,2.8801422841818953e+307,-2.3622160614415644e+307,8.077350729083075e+306
20538,100000,5.12040787635869e+307,-1.4632403797620145e+308,8.099346207650068e+307
20325,100000,-1.0955972585936099e+308,-1.1242506281794605e+308,2.644346352699899e+307
20257,100000,-1.4673768671453935e+308,-3.0864114774209036e+307,1.7787476145312649e+308
20385,100000,7.400612110271619e+307,-1.2931439319136137e+308,1.3298827108398418e+308
20376,100000,-1.62238797461406e+308,-3.4664034785116395e+307,9.674069661326497e+307
22874,100000,8.355746854445514e+307,-1.7758773096651612e+308,6.086567060815532e+307
20439,100000,-8.203912574753391e+307,-2.0309954549055988e+307,7.270601931018242e+307
21035,100000,-1.4717330241635211e+308,-9.218766498612241e+307,1.0524773154875994e+308
20147,100000,-4.227618124870775e+307,-7.722221624688088e+307,8.415005573214909e+307
20568,100000,8.890095218934132e+307,-1.3916001165640962e+308,4.2125251925128575e+307
21098,100000,-1.7461178822359515e+308,-1.771162655232994e+308,1.3954269730642787e+308
19886,100000,8.102653830272662e+307,-6.201269429924462e+307,1.0608716377071628e+308
20265,100000,1.077334740175094e+308,-1.191004664724126e+308,2.4484383499168337e+307
20763,100000,1.5139667500961705e+308,-2.5751882965333334e+307,2.635897848842871e+307
23145,100000,6.91983372121793e+307,-9.79535808227563e+307,8.849057639840488e+307
21653,100000,-1.2439391430351043e+307,-1.0557928384976147e+308,1.410813024921523e+308
20452,100000,-2.0607701564456677e+307,-1.7244566530203271e+308,1.4906386031753267e+308
21143,100000,-7.633789991124441e+307,-1.388793134894308e+308,2.883732141448409e+307
21304,100000,4.685095119395574e+307,-7.711274726495136e+306,1.4545365833997293e+308
20482,100000,-1.0798735035467243e+307,-9.123792981766431e+307,1.72664730030116e+308
21357,100000,-1.1785586019937215e+308,-1.2058137839569141e+308,9.369362751481333e+307
21108,100000,1.3830130196585998e+308,-7.21537448712686e+307,6.268638939866714e+307
20543,100000,1.0143010833349346e+308,-5.817711083814256e+307,1.207096007400313e+308
20199,100000,-2.5502817246388207e+306,-5.082699504794006e+307,1.5520242621274915e+308
20347,100000,8.216018615305735e+307,-9.181105528580711e+306,1.508205967686986e+308
20640,100000,-1.4282520673994324e+308,-7.044501665143196e+307,7.341072262211638e+307
22619,100000,-7.286220604311544e+307,-1.8144201431046876e+307,7.541318486424302e+307
20662,100000,-1.1760847287354592e+308,-1.5342451660400816e+308,8.298322042836565e+307
20749,100000,8.209763833857997e+307,-1.2322980455037157e+308,4.3666005205333825e+307
20530,100000,3.0274656118214027e+307,-2.8847368558885217e+307,1.0394913499546663e+308
20647,100000,-7.569352095543611e+306,-1.064992104807598e+307,2.797419463005126e+307
20719,100000,5.183510892205219e+307,-1.0710293579850105e+308,6.955886291549247e+307
23175,100000,1.6942268522122918e+308,-9.273378519693607e+307,3.485247996717808e+307
20392,100000,5.563361249055623e+307,-1.0393091124187074e+308,9.88066288179267e+307
20519,100000,-1.1914088300404176e+308,-3.190173892600607e+305,8.272658574009147e+307
21009,100000,1.2274239206756146e+307,-3.1634668532068583e+307,1.5561380628985293e+308
21081,100000,-1.194076879757522e+308,-1.3923165552625694e+308,8.843528886324895e+307
21124,100000,9.277853546603083e+307,-2.2146444405570937e+307,1.2327383605919491e+308
21189,100000,1.5822318691249892e+308,-1.4916256099730545e+308,1.0109722193181307e+308
21273,100000,-1.5191171503751109e+308,-1.2507839430006995e+308,7.659333003854149e+307
20188,100000,-7.718140939754612e+307,-1.1723615130758098e+308,1.1447540498325378e+308
20450,100000,5.099112721452992e+307,-3.7798837594717796e+307,4.926496104736251e+307
20394,100000,1.1959996901243116e+308,-1.3030612130085462e+308,1.6303023617108286e+308
20875,100000,-1.17646104183515e+308,-4.525434289230929e+307,7.365161007009812e+307
21874,100000,-1.117195361886601e+306,-5.14433242116784e+307,2.8480903595677315e+307
20459,100000,-1.102395361571309e+308,-1.8935127827807686e+306,1.6774872170354528e+308
20742,100000,-1.1327311186271654e+308,-1.530109534447084e+308,5.809228615951586e+307
20126,100000,6.706301865563079e+307,-1.0428777990637488e+308,1.0485190233202427e+307
21065,100000,-1.0763856127135783e+308,-3.749267112365489e+307,1.7194017832035813e+308
20270,100000,9.07151870986598e+307,-1.2951900359963286e+308,1.355973887174028e+308
24101,100000,-7.290471902392088e+307,-5.730962084388002e+307,1.6605901740770025e+308
20332,100000,9.328275280655116e+307,-1.4373735699019577e+308,1.6419466883204533e+308
20553,100000,-1.4031025945962625e+308,-1.5009693636423238e+308,1.3335771861227098e+308
20801,100000,3.1499171465514357e+307,-1.5986486105124193e+308,1.6429997593811642e+308
20921,100000,1.2198512301644697e+308,-2.859279405684097e+307,2.491038160939749e+307
20612,100000,1.0454250068186483e+308,-4.4591371894997884e+307,7.015398949504962e+306
20645,100000,-1.8709217714314593e+307,-1.6461677305437956e+307,6.210614412043553e+306
20804,100000,1.418326046303701e+308,-1.0897246510060142e+308,1.25162610584765e+308
20376,100000,-2.530629361248782e+307,-5.0836841586740667e+306,1.144957298673669e+307
20502,100000,1.542156328027037e+307,-9.808207220424957e+307,1.1781840307577322e+308
21537,100000,-1.5039231782651017e+308,-7.885720568256148e+307,1.635460658901583e+308
21247,100000,1.353734303456627e+308,-1.3498764893544504e+308,7.422652162352959e+307
20403,100000,-3.7510469871563897e+307,-1.4829740837855596e+308,1.3547894123892962e+308
20993,100000,5.444192980768157e+307,-8.468539962590041e+307,5.712103394224209e+307
20580,100000,1.2692988398402462e+307,-1.3411315420735884e+308,7.628527248679721e+307
20388,100000,1.6973013505681451e+307,-1.5996631974359077e+308,1.070229520713407e+308
20999,100000,-1.061344120615104e+308,-6.271871994354595e+307,1.0140204548803432e+308
20306,100000,-9.474729811547755e+307,-4.0205600013664e+307,1.0570187702988657e+308
21501,100000,-1.2584480590575675e+306,-4.425004858861621e+307,8.755877619263583e+307
20596,100000,-1.042297351405759e+307,-1.4718440744522137e+308,6.033577136796173e+307
21021,100000,-3.466340328526117e+307,-2.260756044299904e+307,1.2559342338335544e+308
20268,100000,9.983971358193135e+307,-1.1014639515572057e+308,1.5650339690847552e+308
20364,100000,4.575609931845106e+307,-6.204180437524034e+307,1.5521708532227266e+308
20285,100000,-4.1593981235920063e+307,-5.939615539919021e+307,4.184969782174663e+307
21258,100000,1.2775888382431496e+307,-8.769314481445346e+307,1.164611145170064e+308
20944,100000,-4.1395697471115813e+307,-2.7555621392790883e+307,3.284570766826753e+307
20587,100000,1.7870695113510942e+308,-8.572603929722666e+307,1.1602889796862668e+308
20194,100000,6.384810419383356e+307,-1.7535783658688279e+308,1.7092054200271994e+308
21307,100000,5.553402209860817e+307,-1.3229548334561698e+308,1.3284885898120652e+308
20461,100000,-1.0402993291252366e+308,-7.422694924083821e+306,5.560231687053598e+307
20736,100000,9.048246949020435e+307,-1.5557679203649179e+308,1.2886997229557557e+307
20327,100000,-5.660261102403239e+306,-1.4732166660840084e+308,1.3039639685625237e+308
20147,100000,-1.3353062475289634e+308,-2.831190849004849e+307,4.448262855142501e+307
20561,100000,8.555080729790926e+307,-1.1868197153664037e+308,8.124945945103037e+307
21281,100000,-3.956121818885797e+307,-1.371479628893195e+308,7.995523857773875e+307
20837,100000,-1.0102964215380786e+308,-1.302983142897418e+307,4.542985095098797e+307
21385,100000,1.5087288274593392e+308,-5.323235556913966e+307,5.797956042980535e+307
20349,100000,1.646262822127434e+308,-1.2815393564982654e+308,5.511447444656372e+307
20290,100000,1.5271909972283924e+308,-2.08913485136081e+307,1.3704214385328007e+307
20702,100000,1.2163227671447164e+308,-2.4593501131113535e+307,1.5142398883357254e+308
20462,100000,1.0672278750569065e+308,-6.946446631612027e+307,5.12187208602035e+307
20551,100000,-1.5582340432236215e+308,-1.626062909770195e+308,4.4309929363969505e+307
21296,100000,1.2335985906678361e+308,-5.000371491870491e+307,3.8687045424905116e+307
20449,100000,-8.14213221694539e+307,-1.140469080459752e+308,1.5147638988186151e+307
20257,100000,-1.6556660129981615e+306,-7.334305485647831e+307,6.838077299760683e+307
20350,100000,9.612039010369754e+306,-1.2169191544652449e+308,1.0214465150062812e+308
21521,100000,-1.651957596337406e+308,-1.3871013236976925e+308,2.7551464567797616e+307
20366,100000,7.090294076786584e+307,-1.4256841226242738e+308,5.60663881719421e+307
23993,100000,2.7092346379510196e+307,-1.2444700646446282e+308,1.0163182375084339e+308
20190,100000,1.6573972601787232e+308,-1.347278186665128e+308,1.4369573781333078e+308
20177,100000,-8.262217167096437e+307,-8.58061714080991e+306,9.521122943811893e+307
20253,100000,-8.143142625622041e+307,-2.67970497251552e+306,6.618115699717249e+307
20763,100000,2.948386837920984e+306,-8.642466263811443e+307,1.3373812306747172e+308
20364,100000,-8.976087914795541e+306,-1.6805111157706032e+308,3.470234849011215e+307
22966,100000,-5.014801057635607e+307,-8.618443604304239e+307,3.7039097771780115e+307
20426,100000,-1.6076583518475113e+308,-3.9101193580816605e+307,1.231829834920289e+308
20501,100000,5.041057530656252e+307,-5.033682784580659e+307,5.217219273737347e+307
20334,100000,-1.5216010988026338e+308,-4.827729870282988e+307,7.895723974800765e+307
21256,100000,1.6561334671904296e+308,-5.289996604781972e+306,1.9163979959813968e+307
20479,100000,-1.4938082229386793e+308,-1.7430776746573441e+308,1.6561949439462821e+308
21405,100000,-1.7486749922523956e+308,-1.0558259908682273e+307,1.1065655562890506e+308
20543,100000,2.0150098147291647e+307,-1.258068034357322e+308,7.930413627908352e+307
20665,100000,3.884584111665209e+307,-9.676877078858975e+307,9.865362601146153e+307
20722,100000,-9.028120523003756e+307,-1.1135176751826184e+308,1.604281452918944e+308
21973,100000,1.7189319890948232e+308,-1.0112771290561466e+306,1.7582654982416277e+308
20292,100000,-1.7483203468687484e+308,-1.0209829118536118e+308,8.56276519360869e+307
21917,100000,6.986868060691481e+307,-1.7918748146088028e+308,1.0363481070795346e+307
23870,100000,-3.6268022670087016e+307,-9.847823621434903e+307,9.443500713379513e+307
20180,100000,1.0394128387726306e+307,-1.639840926770414e+308,1.5569700016353265e+308
20654,100000,1.3983000246236037e+308,-1.7306950652007627e+308,3.6929039658110027e+307
20806,100000,-9.639013546298665e+307,-5.356718436161879e+307,1.3059585321958833e+308
20379,100000,1.7252108536705759e+308,-8.474049379270068e+307,8.766511513559318e+307
24241,100000,1.3396035206911785e+308,-8.098344299950825e+307,1.3693160241652648e+308
21072,100000,2.459765985395454e+307,-5.761092297074015e+307,1.4088395127517828e+308
20739,100000,-1.1667387036906576e+306,-4.2336227058499954e+307,1.6988860076012965e+308
20467,100000,-2.9946906372363095e+306,-1.044826797061756e+308,1.5813844915038312e+308
21457,100000,1.7187459610170835e+307,-1.1845187846745234e+308,2.1995972336950475e+307
20417,100000,-8.449274550333811e+307,-1.0262970908993995e+308,1.089175866017841e+307
21379,100000,1.074471060698446e+308,-8.197619216007712e+307,6.881524450696591e+307
21199,100000,-1.0890349025805518e+308,-1.6614961425639084e+308,4.2953455211510304e+307
20702,100000,-9.06954851490741e+305,-1.3896409069193282e+308,7.572021837309545e+307
20460,100000,-3.3816477226463745e+307,-3.8885752068264503e+307,3.507143722347768e+307
21519,100000,-2.2211432143024532e+307,-1.5735364584634758e+307,1.4466975651185713e+308
20685,100000,1.2529446694961417e+308,-1.3316771755211323e+308,1.0738190288997528e+307
20197,100000,-1.3380587562636969e+308,-2.6125007320650255e+307,5.310697805432405e+307
21010,100000,9.98698526118621e+307,-1.2918975220408228e+307,1.1648774587344585e+308
20819,100000,-1.4499267658157458e+308,-2.748284502774022e+307,6.383793841988111e+307
20634,100000,1.0100850268692263e+308,-4.774950118913039e+307,2.6998839668690556e+307
20378,100000,-1.1264701814621896e+308,-1.235285836234624e+308,1.2972963852049504e+307
20603,100000,-9.972169894713727e+306,-8.367445025221507e+307,1.6688277140122465e+308
22870,100000,1.7381121675039448e+307,-1.4582517853913198e+308,7.224007751041789e+307
23390,100000,3.7062430758777884e+307,-1.7449627290343204e+307,1.557765320814523e+308
21291,100000,1.841280527501175e+307,-4.806473470740292e+307,1.5655359381730874e+308
21013,100000,-1.7548855977069399e+308,-4.525469248029662e+307,1.4960287781116742e+308
20141,100000,-5.934189924195043e+307,-1.6832030568526204e+308,1.4930830148388303e+308
20390,100000,-1.000256628377925e+308,-8.259666031571981e+307,1.0459770590745212e+308
20426,100000,1.3302375723691371e+308,-1.673989364445345e+308,1.685472680910884e+308
20403,100000,-1.651597455254992e+308,-1.6333937405144819e+308,8.12679392242575e+307
21037,100000,1.6833847270168866e+308,-3.2816241829882464e+307,3.682318760480231e+307
21097,100000,4.127001575583424e+307,-1.2700225249540544e+308,1.4331115849519753e+308
20210,100000,1.201958941901155e+308,-3.8029415136473225e+307,6.708066438808135e+307
20393,100000,1.3781767221563218e+308,-1.2429029837169267e+308,1.0297834995798564e+308
22659,100000,2.342832935847378e+307,-7.082781336405018e+307,1.1913342306668705e+308
20384,100000,-1.6637234546041269e+308,-9.865143091547681e+307,1.4903007763264221e+308
21309,100000,1.401602066136758e+308,-1.6581473692974242e+308,7.081397212049068e+306
20637,100000,7.795681835420681e+307,-7.432103181671126e+307,3.780357834419529e+307
20316,100000,3.722044628025582e+307,-1.0150357243749925e+308,1.1356787506126784e+308
20429,100000,1.023618703021821e+308,-1.0299281705203626e+308,6.574210997632619e+307
21151,100000,-1.4000111486740908e+308,-9.219349242656876e+305,1.3480763168099608e+308
20270,100000,-4.807785796476578e+307,-1.5890336128681874e+308,1.273228952739949e+308
20901,100000,-5.337676859321288e+307,-1.6132247531783338e+308,6.145988219759227e+307
20554,100000,-1.5312203263264455e+308,-1.7169911812283518e+308,1.3779151367018792e+308
20552,100000,1.2522767476930774e+308,-1.6239288144438317e+308,1.4158363099906768e+308
20366,100000,9.7308769780832e+307,-7.842855773505362e+307,6.635042401719104e+307
23043,100000,7.054624554243658e+307,-4.051533921447544e+307,1.3887497958094057e+307
20325,100000,1.184985876471638e+307,-1.2475184410415462e+308,8.7500781274295e+307
20939,100000,1.6619617947156515e+308,-1.512315263075109e+307,7.481750691562886e+307
20515,100000,-1.2696206364779117e+308,-1.332942468781207e+308,5.411677173597775e+307
21161,100000,6.558407787389849e+307,-1.9734199287278442e+307,1.4948207781149233e+308
20190,100000,5.919242409571127e+307,-5.200367631370271e+307,1.27668438916941e+308
20725,100000,3.97491303558556e+305,-4.790784506887637e+307,1.777099650330114e+308
20411,100000,2.4740484573380207e+307,-1.088028754405514e+308,1.205916940085539e+308
20886,100000,-1.00249574914471e+306,-5.060846931557804e+307,1.1284239731494478e+308
21367,100000,-7.937153194720089e+307,-8.85890921031234e+307,9.688452282647078e+307
20976,100000,7.785051205265087e+307,-1.146699159459428e+308,1.5979357845336367e+308
20558,100000,-1.1449537230615321e+308,-6.338229234466944e+307,2.8841418980874507e+307
20870,100000,3.6039128700274686e+307,-4.595613299040369e+307,7.266181477197766e+306
20806,100000,8.599455484226232e+307,-1.3023480800073672e+307,6.263854125387364e+306
20467,100000,-1.0069235851283304e+308,-1.2166471455741767e+308,7.344021052537742e+307
20357,100000,7.279377531310366e+307,-3.886932982126379e+307,9.943070845413256e+307
21126,100000,1.5328003069216703e+307,-7.048012818510917e+307,1.378563124848165e+307
20480,100000,-5.1050685143074075e+306,-2.912035705088863e+307,8.627385432603313e+307
20399,100000,6.767716463530619e+307,-7.938532860041858e+307,3.650727013058556e+307
21681,100000,-3.9566689660377154e+307,-8.104269483860404e+307,6.11713961943818e+307
20095,100000,1.6681279655464346e+307,-6.826055085213924e+307,1.1500266455435596e+307
20753,100000,3.2862025167396973e+307,-1.3111003666534822e+308,6.882704702382255e+307
20557,100000,-5.482402090105741e+307,-7.978852449806832e+307,1.1682122242437748e+307
20461,100000,-7.980997890674031e+307,-1.6102980485494644e+308,1.1634429872083688e+308
21671,100000,1.6239092107509175e+308,-9.59492156823456e+307,7.180789867504954e+307
20817,100000,2.8375701341741375e+307,-2.1002693402448237e+307,5.369853753220627e+307
21234,100000,-8.417162295464994e+307,-8.493160625826179e+307,1.701702447910924e+308
20925,100000,1.344756404846415e+308,-3.845978929877329e+307,7.847134700498504e+307
20897,100000,-1.5630054119286437e+308,-1.5170429427654562e+308,2.5826391694723624e+307
20477,100000,-1.4176440575360055e+308,-4.0407769710438806e+306,8.974218486853144e+307
21068,100000,-5.706014050036985e+306,-1.121695364377254e+308,1.446619667916524e+308
20550,100000,1.5859722843579306e+307,-7.05114588431833e+307,7.475517470581324e+307
20585,100000,1.7216912419590726e+308,-2.8879844804380116e+307,8.150144073649167e+307
20817,100000,1.1150028492016053e+308,-1.5570639818354173e+308,1.6832107422837256e+308
20990,100000,5.906497888102878e+307,-4.752996919559661e+307,3.847552265047203e+307
20464,100000,-1.2810169595347874e+308,-6.69633034420874e+307,1.0682113955829108e+308
21176,100000,7.945881315323955e+307,-1.048457919321422e+308,1.5289107495728617e+307
20616,100000,-1.113474953697054e+308,-9.152737345660353e+307,8.633974797923631e+306
20150,100000,2.879134142641631e+307,-8.655398568803423e+307,6.575774971793293e+307
20538,100000,3.445678344562067e+307,-1.1845804817533428e+308,1.4635913391202882e+308
21108,100000,-7.968639013622597e+307,-1.2854049850678435e+308,1.2173361709881155e+308
20575,100000,-1.0239019190805271e+308,-1.4409650940256118e+308,5.515557000921564e+307
21002,100000,1.7578198444836636e+308,-1.5680265642106499e+308,3.7058544091066287e+307
20541,100000,-6.845259494701434e+307,-8.794805330820896e+307,1.4673323795712015e+307
21620,100000,-7.230758560773359e+307,-1.698138456979851e+308,6.663208488858197e+307
20503,100000,1.0395637266405442e+308,-1.2515617768172375e+308,9.659470652257608e+307
20404,100000,-3.4679849227547323e+307,-7.765273274693742e+307,3.9873136161637153e+307
20508,100000,-7.78204090909031e+307,-1.466368170934954e+308,3.8514402980475736e+307
21022,100000,-5.368588323319139e+307,-1.2548848607795037e+308,1.2204153960665214e+308
20754,100000,1.577073482477285e+306,-1.09562299875465e+308,5.319950661392945e+307
20559,100000,1.2181110765156565e+308,-2.151122196424439e+307,9.51072595627577e+307
20526,100000,1.4610256381267117e+308,-4.910272679805772e+307,1.771807543718955e+308
21430,100000,-1.6128463437209295e+308,-5.939076560866138e+307,1.0947989462515406e+308
20829,100000,1.7157606928103979e+308,-1.7621669050596322e+308,1.482302431589491e+308
20259,100000,-1.0807307961398161e+308,-1.6381368516093513e+307,6.869796889524402e+306
20892,100000,-7.295566107281052e+307,-5.361408143045314e+306,1.118048835653064e+308
20135,100000,-1.3995247111322574e+308,-4.0576741135087685e+307,5.807415715917304e+307
20314,100000,9.065281489341915e+307,-1.72635333777333e+308,1.341567346259119e+308
20989,100000,1.4544601338105137e+308,-8.626098888298234e+307,1.7137786292719505e+308
20330,100000,-1.7095447220115361e+308,-3.4426167228885847e+307,2.512917344057413e+307
20463,100000,1.5212851565633254e+308,-1.0524454441024678e+308,7.496789221270422e+307
20962,100000,-1.0248207636278827e+308,-8.158831649593442e+307,1.7755990518612662e+308
20687,100000,9.324105666839489e+307,-8.896701484532651e+306,8.399812763100479e+307
20715,100000,1.223965325109104e+308,-9.484960762253755e+307,8.400403705944372e+307
21105,100000,-3.327266394734422e+307,-6.063536507496593e+307,5.212336393990173e+307
20517,100000,1.1302179323150197e+308,-5.308834347381753e+307,1.191395161006872e+306
20579,100000,-1.2775316461665343e+308,-6.698165531389912e+307,1.3330110662803332e+307
20838,100000,1.7267331576931457e+308,-1.2206747035078887e+308,1.4584047822701931e+308
20284,100000,8.578451065089467e+307,-1.0115965771071462e+308,1.41943086622349e+308
20624,100000,-1.5143849037259182e+308,-6.341808459738729e+307,6.086713652782537e+307
20908,100000,8.52217616141969e+307,-7.040477329355834e+307,1.626294777736336e+308
20265,100000,3.228638063345798e+307,-3.7297771803408235e+307,1.7482840293152215e+308
20418,100000,-3.8815341677809073e+307,-9.103952568773988e+306,8.553296891542379e+307
21170,100000,-4.552794109861074e+307,-1.028105116948334e+307,1.1590568190113833e+308
20246,100000,-4.540855795619607e+307,-1.6734857738108348e+307,1.5681630095465768e+308
21563,100000,-1.4267406534015652e+308,-3.5799052884593794e+307,1.586660353136736e+308
20686,100000,9.24462609478683e+307,-1.127391750161486e+308,6.514532716232947e+307
20436,100000,-1.0604883236167834e+308,-6.74313748951473e+307,3.311455985062641e+307
20527,100000,1.141228398218437e+308,-1.2117675775447918e+308,6.274675922559533e+307
21525,100000,-1.8804383831035608e+307,-2.532617547010447e+307,1.5030355688949625e+308
20736,100000,-1.7565399830762442e+308,-9.275544774606166e+307,5.505661515128413e+307
20433,100000,3.8140112667246856e+307,-3.6563409556245043e+307,9.44519076635506e+307
20552,100000,2.2541491116743565e+307,-3.6071699387982716e+306,3.819399555197718e+305
20869,100000,1.7138089404034054e+308,-4.182412121045535e+306,4.486137396589159e+307
20705,100000,3.6366449932069416e+307,-1.4482987988716014e+308,1.4774329218788877e+308
22538,100000,8.767170532890243e+307,-1.032503842097763e+308,6.925675901236794e+307
20894,100000,-9.576359048701436e+307,-1.5638804790022557e+308,1.5859990635449261e+308
20632,100000,4.2219259929527974e+307,-1.6119258020489766e+308,1.567206307196339e+308
20368,100000,-1.6562853082669848e+308,-1.705791473824583e+308,1.034197572753855e+308
20956,100000,2.2045335193454512e+307,-6.331751879954926e+307,1.0885066661325955e+308
20374,100000,1.3039166192100942e+308,-9.158560647620392e+307,1.3791503569694797e+308
21916,100000,-9.358442338324371e+307,-1.1722111512866478e+308,6.198905215418786e+307
21080,100000,-5.998055066015641e+307,-1.7149931687589367e+308,2.508413274685264e+307
20742,100000,-1.7519458448428733e+308,-2.0372183252258528e+307,6.683554446702543e+307
20687,100000,-1.5635451734599226e+307,-1.4681422481777081e+308,2.646678970256782e+307
28495,100000,-5.534162361273221e+307,-5.176206308344094e+307,1.3362201600986465e+307
29220,100000,2.360111614029682e+307,-1.4994082531170893e+308,1.7731383346254646e+307
22992,100000,-1.0712181603449396e+308,-1.6332799111130335e+308,4.1083918873376967e+307
20162,100000,-1.2932956784232744e+308,-1.2336670932168503e+307,8.497253203216781e+307
20747,100000,-4.475886279530371e+307,-2.6590909385002864e+306,9.030390982042896e+307
21851,100000,-1.6802750117325096e+308,-1.3890747340497447e+308,1.5793617184968139e+308
20731,100000,7.767337671600008e+307,-6.056293373144685e+307,1.3352236460763834e+308
21017,100000,6.001583201629481e+307,-4.275300211896732e+307,1.6057781187051328e+308
22832,100000,-4.839822968424811e+307,-1.6688415206739509e+308,1.4939212110381179e+308
20405,100000,8.61602042266263e+306,-1.3428732464100375e+308,1.037066592213559e+308
20354,100000,-1.6717041441068181e+308,-1.5807801273725058e+308,4.920985349231914e+307
20251,100000,3.0181524767769853e+307,-2.3701979480914726e+307,1.5560864718654093e+308
20615,100000,4.753388748536668e+307,-1.780075992582088e+307,6.337784595546888e+307
20600,100000,-1.7869728339394388e+308,-9.799325985696501e+307,6.69320660732955e+307
23533,100000,4.0856340812870803e+307,-1.7091947898201038e+308,1.395042107740581e+308
21005,100000,-3.897174919342758e+307,-1.7898156486055283e+308,7.342607811168951e+307
20304,100000,5.59840592053974e+307,-7.079482020862359e+307,7.940369318803869e+307
20803,100000,-1.0273160485156268e+308,-2.147311384181243e+306,1.2541254851867582e+308
20833,100000,-1.1381931583073227e+307,-3.445629291113111e+307,5.614854613280754e+307
20869,100000,-1.738946176265718e+308,-1.5882390019417473e+307,4.789286097996152e+307
20121,100000,-2.490437250021568e+307,-1.070284192411442e+308,1.4124642830755769e+308
20330,100000,9.2063096078679e+307,-1.4089051574565214e+308,1.7358287414256102e+308
20465,100000,-1.7262561840901603e+307,-1.635062983215744e+308,1.2762758926729901e+308
20215,100000,-1.0667185447409204e+308,-5.225660097115868e+307,7.905018292106916e+307
20152,100000,-1.438439660537272e+307,-3.4240099153150547e+307,2.539178143970517e+307
20283,100000,2.5293219041089577e+307,-9.086397797769392e+307,1.1210114902400676e+308
20210,100000,-1.4768567038985899e+308,-1.0391395249137323e+308,1.392967108377081e+308
20076,100000,4.545506277817696e+307,-1.392065066962926e+308,5.701945915663905e+307
20428,100000,-1.445499079072677e+308,-6.347858047634262e+307,1.3196258627073612e+308
20267,100000,2.587682304038854e+307,-8.349939669867373e+306,1.2967704944059372e+308
20398,100000,3.9348027321872e+307,-4.797902822432524e+307,3.650563846268028e+306
20274,100000,1.5692847180181862e+308,-9.547780390626387e+307,1.0674229537796776e+308
20309,100000,1.2776906712033155e+308,-4.705180866079424e+304,6.028214729271941e+307
20441,100000,-1.5969638925780826e+308,-1.7510741225460562e+308,9.78029896197714e+307
20193,100000,-1.257233984967086e+308,-1.6301757998445472e+308,7.055757971208771e+307
20332,100000,-7.807574956622397e+307,-7.130432740423928e+307,1.210004596709042e+307
20323,100000,8.843643106938991e+307,-8.337062122066769e+307,8.646813622076388e+307
20342,100000,8.151371872514895e+307,-7.555264764398513e+307,9.723811009195997e+307
20476,100000,-8.989110667001223e+307,-7.902866988567154e+307,1.3627906752117138e+308
20219,100000,-1.5569892874833858e+308,-1.068499023681445e+308,8.372286271651618e+307
20024,100000,3.52649973169303e+307,-1.106914016123226e+308,7.388971770629188e+307
20834,100000,-6.28209888587312e+307,-4.3556126966749366e+307,1.3790895820818435e+307
20169,100000,-1.7665261729679094e+308,-1.4774995875278074e+307,1.6994214069600895e+308
20185,100000,-1.7234680293053995e+308,-9.081278799372085e+307,1.5849069400669817e+308
20286,100000,-1.7038143933366387e+308,-4.036324207922507e+307,1.193239526967781e+308
20302,100000,-9.430040262287114e+307,-1.3808896946033743e+308,8.196801870705922e+306
20455,100000,-1.223044416139719e+308,-1.4771597266606834e+308,8.901716376080223e+307
20167,100000,-3.520934878725405e+307,-8.31663050041332e+307,1.0761510270873796e+308
20328,100000,1.3338108775043428e+308,-1.0083145217761517e+308,5.938116043970307e+307
20275,100000,-1.7895181971036626e+308,-6.537397278039114e+307,1.4562675359091191e+308
20707,100000,-1.2594450026629119e+308,-2.964576984185865e+307,1.4217716070328726e+308
20789,100000,1.6973883002788e+308,-1.295108338645631e+308,1.549912567695147e+308
20279,100000,5.630291200191444e+307,-8.00708996859189e+307,7.354322562309145e+306
20288,100000,1.1871732668502896e+308,-1.1871894862074164e+308,4.653490876959421e+307
20261,100000,3.3408437298022834e+307,-1.6735746964025398e+308,1.7905963923946654e+308
20267,100000,5.728902378563514e+307,-1.3908332352871676e+308,1.3801350192351026e+308
21372,100000,-1.3348549916527164e+308,-4.682581933842042e+307,1.0078043105822042e+308
20414,100000,1.071076347125263e+308,-3.3382265244127843e+307,1.618302503988172e+308
20712,100000,-1.5442346377257437e+308,-1.0147296204022877e+308,7.038518670124047e+307
20278,100000,-1.2949798092648436e+308,-1.6705393732358003e+308,1.6567678335329984e+306
20707,100000,1.6704733746434826e+308,-1.6154486433597547e+307,1.5576318007661944e+308
20545,100000,4.718837245217954e+307,-1.5855919921479637e+308,1.2151975906677023e+308
20978,100000,3.7658799350178024e+307,-1.380024127232421e+308,9.606856901204005e+306
20481,100000,4.760985130533376e+307,-9.309923202581905e+307,1.2408986918667753e+308
20432,100000,-1.7782151931986305e+308,-5.359635455707339e+307,1.7830294581603666e+308
20291,100000,6.520955108583636e+307,-1.7537609600390693e+308,1.738153226771961e+308
20377,100000,-1.1020299521021187e+307,-1.6268784400030047e+308,9.510577632602283e+307
20199,100000,-1.635449250482989e+308,-1.7464874210417085e+308,5.065284791826459e+307
20767,100000,4.485635567935355e+307,-1.1658169823250161e+308,1.6738358689070448e+307
20335,100000,9.156958679679861e+307,-7.965211641396279e+307,1.7700476163821487e+308
20196,100000,-1.6708871884894835e+308,-1.4983055549007228e+308,1.5139652266812155e+308
20104,100000,-7.907486103839407e+307,-2.608840919664473e+307,1.3937826048532786e+308
20259,100000,-1.665871166630594e+307,-5.871852407881236e+307,1.0763309807292806e+308
20708,100000,-1.4914244958111594e+308,-8.233043449154463e+306,1.5543148455784395e+308
20306,100000,-6.150941537314196e+307,-1.046932919415599e+308,5.43064519644522e+305
20464,100000,-1.588108000616494e+308,-3.916418712808284e+307,1.4087941978484933e+308
20693,100000,7.159238457925449e+307,-8.509569930646699e+307,1.7798072116734932e+308
20677,100000,6.959706165348826e+307,-1.0990182466152714e+308,3.4288120660248593e+307
21373,100000,1.515335208449322e+308,-8.311805739246726e+306,1.1944229549087782e+308
20744,100000,-1.5129336193587754e+308,-7.434993902256514e+307,9.594126649852318e+307
21124,100000,-1.2689913861191488e+308,-8.324011924655727e+307,2.3851908915018453e+307
20756,100000,-8.48887125975265e+307,-1.1789200172211402e+308,9.420975888195677e+306
20471,100000,-4.077870317063327e+307,-5.048185760478664e+307,1.4272850417855308e+307
20409,100000,-8.781516342420843e+307,-1.610830930213611e+308,2.226612727681405e+307
20963,100000,-8.377908598704025e+307,-1.414284902764818e+308,1.3408861024324304e+308
21446,100000,-1.067853652311678e+308,-1.212743355550125e+308,6.769695793482978e+307
20476,100000,-2.824477169195746e+307,-6.509972190990095e+307,2.670304961993735e+307
24512,100000,1.0825530304251647e+308,-9.545997139470617e+307,3.077843764597462e+306
22877,100000,6.262575353259023e+307,-1.633763143740879e+308,1.7149683306751131e+308
20278,100000,-1.1816090606988747e+308,-9.142898429398817e+307,3.9721343433206095e+307
20388,100000,1.0738337027938435e+306,-1.4895486602995522e+308,1.0331142555302776e+308
20533,100000,1.1523109180533752e+308,-2.221456069706293e+307,6.978565886956874e+307
20393,100000,1.1563522436244336e+308,-1.054137855025863e+308,4.082515738496959e+306
22140,100000,-6.987368419579499e+307,-9.281672199120352e+307,9.629245324391411e+307
20559,100000,-1.1164947058439601e+308,-1.374077306777632e+308,7.012853547013862e+307
20496,100000,8.4281960019857e+307,-5.889670076187545e+307,4.2969942059709475e+307
20333,100000,4.869470227142323e+307,-2.542803447420319e+307,7.274021443227053e+307
20469,100000,1.3845995377708802e+308,-1.0619728312538986e+308,4.521257128897316e+307
20574,100000,-1.6785632198453367e+308,-1.9250594311686082e+307,8.052982121805938e+307
21450,100000,8.611437449000858e+307,-2.780699422764068e+307,3.4741137710349327e+307
20381,100000,-1.6375514703292172e+308,-1.609536736368794e+308,1.3639586809981901e+308
20511,100000,-6.797138103078112e+307,-4.435988997235717e+307,4.862477375481759e+307
20623,100000,4.4494983980616607e+307,-2.4072126753179317e+307,1.4863438457574918e+308
20467,100000,1.290897630413236e+308,-1.7697373620367595e+308,4.101398109099878e+307
20429,100000,-1.0839976533211639e+307,-1.5095261418494233e+308,1.4675345932262298e+308
21660,100000,1.5256359340253974e+307,-4.579112647091089e+307,1.2431237472307447e+308
20431,100000,-1.118631315291354e+308,-7.135052607114119e+307,1.2581448002168677e+308
20529,100000,5.870430204829281e+307,-8.196310604569495e+306,8.297733270711917e+307
20348,100000,-4.0011868050613963e+307,-1.764976839651925e+308,1.259856447470161e+308
20474,100000,-1.3581800969497737e+308,-3.898562762315676e+307,8.949465171292976e+307
20576,100000,1.2056845244953854e+308,-4.361102360831955e+307,1.429774962088445e+308
21786,100000,-1.6713846736268202e+308,-1.5993416879353395e+308,2.5039797440709e+307
20328,100000,1.461312402624612e+308,-4.3814601747147196e+307,8.774919195999361e+307
20437,100000,-1.6535861279764676e+308,-4.100115141561022e+307,7.511363332741723e+307
20596,100000,-1.653860879766684e+307,-1.3476852844357167e+308,6.486919823836711e+307
20983,100000,-1.1947093481759777e+307,-3.4027045865454194e+307,1.315211476283272e+308
20438,100000,2.5926493845512653e+307,-1.5018920905068506e+308,6.546403969797914e+307
20525,100000,-2.3336951795734787e+307,-6.908735337881336e+307,1.3935681742669925e+308
21002,100000,-8.696837162683404e+307,-1.398088415656481e+308,1.545782403900032e+307
21244,100000,-1.4680999064219289e+308,-6.835649981307788e+307,4.211231397952809e+307
20350,100000,4.603757262799008e+307,-3.2645319757433687e+307,1.1369610669048895e+308
20616,100000,3.224162160162323e+307,-1.1160001969808036e+307,1.7018278320450984e+308
20642,100000,4.543378768944892e+307,-9.03133654092036e+307,5.977238345745184e+307
21160,100000,4.553188206600675e+307,-1.1691174193522437e+308,8.194846299030507e+307
21300,100000,4.862639472837126e+307,-1.0398152962619128e+308,8.99074901235043e+307
20577,100000,-8.381534587995794e+307,-2.521941875768031e+307,1.048638804242687e+308
20624,100000,-1.0007564229063275e+308,-2.371970161480635e+307,2.2813620906168422e+306
20815,100000,-2.377328227803e+307,-7.962978519554389e+305,9.169445923116278e+307
20333,100000,8.160708322364657e+307,-1.284050033673882e+308,1.0261874714159187e+308
21454,100000,-1.7181317188911323e+308,-1.1336359027349426e+308,1.4222835986001259e+308
20396,100000,-1.1345979329119092e+308,-1.4135060534654578e+308,1.6590434509529e+308
20296,100000,-1.7335755064539882e+308,-1.6953017708503942e+308,5.85383881249534e+307
20771,100000,-9.79327985969343e+307,-8.415316038575409e+307,8.64610423627981e+307
20469,100000,-7.534226174340577e+307,-6.9032784199128e+307,7.671280209249591e+307
20680,100000,-8.408976801102774e+307,-7.489667023098428e+307,1.3252047143987656e+308
20760,100000,-1.794344108061449e+308,-1.370488609028682e+308,1.291243302686281e+308
20469,100000,1.7639455486806684e+308,-1.644980715859963e+308,3.5996108026275345e+307
20679,100000,-1.1530116866631643e+308,-5.01300893213978e+307,8.318048914459775e+307
20600,100000,6.194763080409427e+307,-1.5949358565014794e+308,1.0306927401675812e+308
20271,100000,-4.446288982185353e+307,-1.4325173146582473e+308,1.176584410505365e+308
20451,100000,-4.253762265212613e+307,-1.698212378050061e+308,7.576637011687906e+307
21612,100000,-1.2485567835591602e+308,-1.6875581741598666e+308,7.954550608111559e+307
20420,100000,8.812636736576073e+307,-2.071924812230412e+307,6.072210540036037e+307
20329,100000,6.091423416283708e+307,-1.5506156906033828e+308,1.086716869699977e+308
20787,100000,6.637129774421876e+307,-1.5074445018831795e+308,7.676035918085975e+307
20428,100000,1.7897912436899899e+308,-4.349482772077849e+307,1.2344416083866669e+308
20481,100000,1.6014233848808642e+308,-1.7334882412348175e+308,9.842791807579249e+307
20177,100000,1.2483995745701989e+308,-1.2839246626043154e+308,1.6984139538009887e+308
20279,100000,-1.7861825046229672e+308,-4.020732286884135e+307,6.850688378212271e+307
20372,100000,1.4004084475765322e+308,-1.68458160478714e+308,1.5690098343485459e+308
20907,100000,-1.6856894388280888e+308,-8.249871006573514e+307,8.315068213399099e+307
20352,100000,-1.2328929042071559e+308,-1.0078627431291578e+308,1.0196708620568563e+308
20553,100000,1.0697058727751534e+308,-1.4520214144606503e+308,1.1360438370363353e+308
20292,100000,1.5343111585075728e+308,-1.5793722737079633e+308,5.061720229083147e+307
20314,100000,1.1313635491314225e+308,-1.5879154922982897e+308,4.901812752423722e+307
20229,100000,4.452191372718157e+307,-1.1122932991824747e+308,1.6711256428119135e+308
20652,100000,-2.99785075471009e+307,-4.121120143605419e+307,1.787875173295788e+308
20699,100000,7.517684612584759e+307,-8.10600117776969e+307,9.407839935991053e+307
20129,100000,7.644242352155604e+307,-1.137457877586437e+308,8.836749272955097e+307
20331,100000,1.5468656981908973e+308,-6.050993601898585e+307,1.5731149042757192e+308
20305,100000,-7.26616736915588e+307,-8.390494156677314e+307,1.6037270716772792e+307
20112,100000,-3.886253295826924e+307,-1.141598500931913e+308,3.525894815250208e+307
20320,100000,-1.6556195892197073e+308,-1.7738407294805535e+308,1.09500186409329e+308
20305,100000,6.666011571239052e+307,-2.156827275015825e+307,4.662176511712827e+307
20050,100000,1.3543959380627055e+308,-1.0172524574350391e+306,1.645965437087379e+308
20179,100000,-5.007433031474476e+306,-9.972256424394155e+307,1.1554362390319255e+307
20230,100000,1.1877465031542994e+308,-2.829276499832485e+306,3.1489111745174345e+307
20084,100000,-4.0203563127548597e+307,-1.3703724412598353e+308,8.389824801458861e+307
20319,100000,1.6377498393794064e+308,-9.313172246104988e+307,1.5394874577406705e+308
20402,100000,1.6241030910590133e+308,-1.1197351026397425e+308,2.476653783425427e+307
20326,100000,-6.624952882037224e+306,-7.11983594432257e+307,1.7427280871167716e+308
20299,100000,9.755487779327452e+307,-6.451839192110159e+307,1.3846193923052527e+308
20340,100000,1.3631165466757137e+308,-1.5302048609970734e+308,1.8114364658129003e+307
20215,100000,5.799836378058577e+307,-6.31034410816639e+307,8.996802066445814e+307
20107,100000,-3.996275650144935e+307,-9.050132196269263e+307,7.131355638813181e+307
20203,100000,-6.04996674913803e+307,-1.0045223157674417e+308,8.731300422445087e+307
20347,100000,-1.67131042991101e+306,-7.10265640522893e+307,1.3237769562421652e+308
20232,100000,2.1322108825800254e+307,-4.91760211900807e+307,8.013795595819398e+307
20320,100000,-4.64109564021045e+307,-1.2169777110667445e+308,7.456709071313052e+306
20324,100000,7.788147702274392e+307,-6.622130261487022e+307,1.7949699089282488e+308
20112,100000,7.660994872605633e+306,-5.270639121307265e+307,2.245157994162445e+307
20164,100000,-1.6171656908959051e+308,-9.889488179754765e+307,1.7159698693907033e+307
20072,100000,1.247014133293217e+308,-1.2946834531285148e+308,4.3690529826449867e+307
20586,100000,3.0975246099602154e+307,-1.5818912925228426e+308,6.332554960003781e+307
20210,100000,8.671502793202427e+307,-1.3330460238288774e+308,1.4755262843665028e+308
20292,100000,-1.272174361047913e+308,-1.0555649647766292e+308,1.1750031383910289e+308
20412,100000,-7.665187374811161e+307,-1.2081498225074426e+308,1.5508070975780962e+308
20579,100000,-9.701133201412431e+307,-4.826329714983574e+307,1.1936505037251038e+308
20417,100000,2.1072261731013428e+307,-1.6775655924329466e+307,1.6029174590274586e+308
20379,100000,9.37017078723181e+307,-7.120854706695318e+307,1.6042976565418e+308
20348,100000,4.4169442405834317e+307,-1.7834144574523668e+308,3.2970191152173506e+307
20264,100000,-3.245110913897554e+306,-1.6144663966926697e+308,2.338995796128958e+307
20471,100000,-3.7613937432756836e+307,-1.7074200971371533e+308,1.3224217961929331e+308
20329,100000,-1.1782468554275537e+308,-1.544677748123828e+308,8.284777221456356e+307
20223,100000,4.205473747501999e+307,-1.78750356375638e+308,1.5560244880852577e+308
20420,100000,1.4720248867039818e+308,-3.9681862573569305e+307,1.26892008660637e+307
20494,100000,7.537361687073547e+307,-7.333543639866285e+307,1.3956342056996274e+308
20086,100000,3.550761432345116e+307,-9.959932164737639e+307,1.3027594525772273e+308
20322,100000,1.421321237236722e+308,-1.3215342016834507e+308,1.4626047533594573e+308
20443,100000,-2.5936419949095413e+307,-4.6493124035377554e+306,1.740684242766646e+308
20407,100000,8.759814777441128e+307,-6.132200198757757e+307,2.063012555944283e+307
20130,100000,-1.2841188937580766e+308,-1.7273982738439837e+308,4.404549231240793e+307
20274,100000,1.6753356906052216e+308,-3.3937174458820236e+307,5.064644682594555e+307
20293,100000,-1.5426873734043834e+308,-2.309837349906842e+307,3.2684925337241945e+307
20277,100000,-5.100615536511061e+307,-1.3920426865226075e+308,2.0886664301711383e+307
20506,100000,1.4152109155222766e+308,-1.4603697190597962e+308,6.659748783229967e+307
20227,100000,1.640753366492835e+308,-1.7290585616250365e+308,4.93390634838054e+307
20332,100000,5.104638046100791e+307,-4.603644388124075e+307,1.0267912462952176e+308
21021,100000,1.447547898848782e+308,-7.159269565615445e+307,1.3033249585406364e+308
21052,100000,-1.5689405396068918e+308,-6.868172302663538e+307,8.600898930101993e+307
20256,100000,-1.3667840054173635e+308,-1.746346612353892e+308,3.6062233180661096e+307
20136,100000,-1.397597954806307e+308,-1.2647746188904e+308,1.0711559441246313e+308
20259,100000,7.353518006831167e+307,-2.495718932413138e+307,1.6006395730991577e+308
20209,100000,1.488063224854501e+308,-1.0803702085454965e+308,1.4126389722743516e+308
20221,100000,-5.146203823847805e+307,-3.8934468369911716e+306,9.66835099608651e+306
20370,100000,4.864053393767079e+307,-7.023278527819196e+307,1.7765991287212345e+308
20351,100000,4.907425500774754e+307,-1.0843195845946167e+308,9.534215480713754e+307
20271,100000,8.630754927563577e+307,-1.3597330244158265e+307,1.5443688896489847e+308
20173,100000,3.832898789021249e+307,-1.479928116419222e+308,9.706545895049636e+307
20420,100000,4.727239772164113e+306,-9.86011349658449e+307,1.612770096030858e+308
20389,100000,-4.0334623679034303e+307,-2.394132674814847e+307,1.621022321386171e+308
20035,100000,6.110648387647661e+307,-1.1772953987983091e+308,1.3515012122486131e+308
20461,100000,1.737989581555582e+308,-1.6515763713222685e+308,6.749842021776475e+307
20856,100000,9.756923156566731e+307,-3.103372451411005e+307,3.6340590554328033e+307
20815,100000,1.0996129737139713e+308,-5.1260780470281666e+306,6.926468039389574e+307
20397,100000,-9.077336909792205e+306,-1.6363792821939342e+308,9.587220252481581e+306
20272,100000,-1.0695230752322366e+308,-1.0454897862094709e+308,8.743835699627877e+307
20379,100000,1.3086232689152335e+308,-1.4405512294520214e+308,2.1906784092891108e+307
20146,100000,-6.613918844093096e+307,-7.845170828466703e+307,8.624004945384245e+307
20235,100000,5.639732160381664e+306,-1.667478192445754e+308,7.665856556961231e+307
20231,100000,9.952101891122865e+307,-6.441824627098925e+307,1.564074148490846e+308
20054,100000,1.567334700686423e+308,-8.528575264958188e+307,2.8984100815122963e+307
20294,100000,1.244065629819213e+307,-3.67099294396832e+307,9.178459774363178e+307
20793,100000,-1.6300138588183178e+308,-1.706409566262016e+308,1.0769558676462093e+308
20283,100000,8.731802504911642e+307,-1.6446208830199393e+308,1.6838554378003134e+307
20450,100000,-1.332366813644563e+308,-4.5717952627891287e+306,5.0624378355564435e+306
20439,100000,-1.853838507424048e+307,-1.2819058084788611e+307,1.0441932337887236e+308
