elapsed.ps,repeats.n,param.value.float
17167,100000,-1.2506306359681058e+308
22325,100000,-1.7285324409271602e+308
17305,100000,-1.4737999628149728e+308
16945,100000,-1.6826389876535902e+308
16827,100000,-8.443259423477992e+307
20004,100000,5.259832211588884e+307
16896,100000,-1.14781086503619e+308
18050,100000,-1.7198094110961385e+308
17555,100000,7.461928928621515e+307
26781,100000,1.3477065516478776e+308
27084,100000,-1.1999528802636287e+307
24991,100000,1.5881678921635468e+308
23230,100000,-3.0917278697310043e+307
23427,100000,1.5850495595790783e+308
19307,100000,-1.8408384036356829e+307
16795,100000,1.5913937277652041e+308
17043,100000,-4.657965557859363e+307
16896,100000,9.087856109355781e+307
17059,100000,1.4378215516579994e+308
20133,100000,-1.7708213462455284e+308
16723,100000,2.5719835200604086e+307
19393,100000,-1.659040942953063e+307
16864,100000,-1.1315160142416045e+307
17109,100000,-2.3988579597180476e+307
16805,100000,3.783622682695396e+307
17638,100000,-4.995174721629518e+307
18403,100000,-2.715232643932026e+307
20696,100000,-1.7920501131719097e+308
16759,100000,-4.4168733737430394e+307
17114,100000,-1.1030638284322543e+308
16954,100000,8.88504041529486e+307
17186,100000,8.822321130767296e+307
18706,100000,-1.3779050047780213e+308
16733,100000,-7.404102483799995e+307
17203,100000,-1.3460676299734372e+308
19993,100000,-3.4024223647701767e+307
19251,100000,4.210788314222639e+307
16816,100000,-9.815849534088795e+306
17013,100000,-1.172964776672939e+308
17048,100000,7.892348733647106e+307
16815,100000,1.0882514515216902e+308
17244,100000,1.3820254343783277e+308
16850,100000,-1.1240887813654433e+308
16846,100000,-9.707853052766226e+307
16936,100000,1.8002414916694548e+307
16724,100000,-4.372844511144823e+307
16855,100000,1.3077162337845119e+308
16890,100000,7.760959157460285e+307
17135,100000,-4.796510812522654e+307
16767,100000,-1.639738630577452e+308
16995,100000,-2.910203116757051e+307
17209,100000,-1.2000163578280063e+308
16911,100000,5.102348742740048e+307
16876,100000,-1.6098253783503956e+308
16975,100000,1.0732017179793197e+308
20900,100000,9.117757735493212e+307
16802,100000,1.7366620088868614e+308
16625,100000,-1.090274375079306e+308
16786,100000,1.0718846424969384e+308
17031,100000,-2.2390247686567708e+307
16815,100000,-8.087211043507164e+307
16987,100000,-9.897936364908637e+307
17102,100000,1.12501680393123e+308
16616,100000,4.515213643921621e+307
16895,100000,1.1704676807282472e+308
16938,100000,4.452195531671793e+307
17076,100000,-1.1738292494158207e+308
17154,100000,-4.28067686671112e+307
17265,100000,1.6249223316802708e+308
16813,100000,-1.1266468750818234e+308
17119,100000,-1.1558896765626473e+308
17236,100000,7.444694210453792e+307
16977,100000,4.942752337400712e+307
17088,100000,6.560546814652308e+307
16925,100000,-1.349426176636971e+308
17473,100000,-9.92033345726568e+307
17002,100000,-5.382910529203237e+307
17315,100000,-1.1930452601849453e+308
17033,100000,-1.315956692475234e+308
17027,100000,9.675699067501651e+307
16829,100000,6.379243713852506e+307
16861,100000,2.6154856214081704e+307
16839,100000,5.411017664913947e+307
16975,100000,1.4557891890004931e+308
16944,100000,-3.003970505856922e+307
17152,100000,-6.519572932901655e+307
17194,100000,-1.4203052303998033e+306
16908,100000,-2.0170224977377199e+307
16966,100000,1.199572624476735e+308
19122,100000,4.252242848889635e+307
17062,100000,-4.4394811676756555e+307
17187,100000,-1.5437120426665829e+308
17296,100000,9.473547423572706e+307
17178,100000,4.419311841107828e+307
17034,100000,-1.486849856579079e+308
20842,100000,8.356115710278071e+307
18807,100000,1.1415629622399622e+308
17083,100000,-1.3300714093632804e+308
16881,100000,8.296437710047415e+307
16821,100000,-1.4430847833127392e+308
16970,100000,1.6066456500478103e+308
17252,100000,-1.7839508536845433e+308
17098,100000,1.679010290888187e+308
17154,100000,-1.7463388396964952e+308
18104,100000,1.616905736938882e+308
16837,100000,8.109003693368291e+307
17029,100000,1.235102364858511e+308
17040,100000,-1.6517848441157848e+308
16826,100000,-1.071679492727608e+308
17013,100000,1.6215641435199031e+308
16804,100000,1.9256346555511133e+307
16930,100000,-7.633903474142041e+307
17032,100000,1.4443935585174648e+308
16852,100000,8.169648188084716e+307
17177,100000,3.6859363497644185e+307
17542,100000,6.602001169183671e+307
19885,100000,8.126217891194428e+307
16833,100000,3.580093618323396e+307
17381,100000,1.0001580380295846e+308
16975,100000,-2.633678780797401e+307
17057,100000,1.4250933080239597e+308
16999,100000,1.5263247123923981e+308
16995,100000,2.7952465888502964e+307
16988,100000,1.5064177266824951e+308
17459,100000,-8.252011273430193e+307
17487,100000,-1.1962523346177232e+308
16751,100000,-8.459712344598732e+307
17091,100000,-1.667703078925277e+308
17107,100000,2.732336548097008e+307
18412,100000,-1.4508199582784525e+308
26983,100000,-1.135064177912798e+308
27625,100000,-1.3328932243047265e+308
23820,100000,5.99968049524905e+307
18315,100000,-1.55745567391893e+308
16928,100000,-8.069361985335792e+307
19376,100000,6.724308268078048e+307
18858,100000,8.969648268674575e+307
17047,100000,-4.463617975454263e+307
17236,100000,-8.680427034758113e+307
17145,100000,5.860397086812821e+307
16968,100000,-9.786731147612422e+307
17108,100000,-1.4014606141844416e+305
16982,100000,6.382074919165668e+307
16800,100000,-9.726494887549452e+307
18462,100000,5.721901591065501e+307
17032,100000,-1.2873568934606466e+308
17240,100000,-1.0013592567382711e+308
17050,100000,3.057161983830639e+307
17464,100000,8.987860988774842e+306
18179,100000,1.366159209596192e+308
16818,100000,1.7161705726006332e+308
16883,100000,-6.195981713499799e+307
17092,100000,-4.2384764404533924e+307
16779,100000,-5.876838109274114e+307
16826,100000,-1.2324831659489154e+308
17713,100000,2.564151141423695e+307
18232,100000,1.3909543045256703e+308
17011,100000,1.453618647852018e+308
17129,100000,4.3375704237956366e+307
16856,100000,3.111620714923522e+307
17660,100000,-5.0831650340097325e+306
17119,100000,3.661394113248183e+307
18564,100000,-4.395325081901681e+307
16828,100000,-1.6704422936895153e+308
17036,100000,-1.0154958223283967e+308
17471,100000,-3.056122689831004e+307
16926,100000,9.893670230247534e+307
17963,100000,5.02997830962236e+307
17130,100000,7.829132658891622e+307
18019,100000,1.3284945597183131e+308
17103,100000,-1.5473128479786103e+308
16755,100000,-6.941994489027322e+307
16815,100000,1.6072733838380573e+308
16933,100000,1.1295944077236705e+308
16702,100000,-4.1035881216437103e+307
17168,100000,1.7194205383737205e+308
17964,100000,-9.450201447076838e+307
16873,100000,-1.3181159461320611e+308
17233,100000,-1.0706675949560908e+308
17075,100000,1.511859558367818e+308
17055,100000,-1.2929173744188065e+308
16945,100000,6.697042478418419e+307
17087,100000,1.513672791900465e+307
19058,100000,-2.9640410856220544e+307
16685,100000,-1.3199324894700983e+308
17031,100000,-9.187505415995378e+307
16758,100000,-1.4863832910031747e+308
16940,100000,4.569858070633863e+307
16795,100000,-6.48813458636797e+307
17456,100000,-8.868797529862541e+307
18547,100000,-2.7917048186092693e+307
16967,100000,3.963158425832667e+307
17059,100000,-1.3629393389178326e+308
17479,100000,-1.5206313843701638e+308
16768,100000,1.0111037686830003e+308
17246,100000,1.3769816104659913e+306
16918,100000,1.0468877402384884e+308
19148,100000,-3.837149710673177e+307
17448,100000,1.1146081265497037e+308
17164,100000,8.245568436414612e+307
17113,100000,9.348867516219062e+307
17618,100000,8.117442604718383e+307
16942,100000,-1.6686169198080833e+307
16867,100000,1.0072708543124978e+308
16835,100000,-1.588248000656391e+308
18028,100000,-9.19907379924585e+307
16899,100000,2.160996778249443e+306
16800,100000,3.7366900536005935e+307
18387,100000,-1.4440492195615333e+308
17285,100000,8.422100791713768e+307
17571,100000,-7.709682455677495e+307
16737,100000,2.551581443123131e+307
17082,100000,2.8964836094289087e+307
16936,100000,1.4114474235146372e+308
17237,100000,1.001847839085915e+308
16763,100000,1.0517306607910538e+308
17370,100000,-2.370754323652883e+306
20443,100000,1.7126934305521107e+308
21794,100000,-1.6709077937148955e+308
16986,100000,-1.3330616295133522e+308
16703,100000,1.3666424745426263e+308
17532,100000,1.704304979062231e+308
17363,100000,9.806337529034432e+307
17278,100000,3.7062016298246556e+307
16931,100000,-1.4352944400344194e+308
18492,100000,7.703219964413947e+307
16882,100000,4.2966348469946812e+307
16853,100000,6.409619846422562e+307
17493,100000,-8.794201588106401e+307
17196,100000,6.234264700454409e+307
17079,100000,7.271870992314053e+307
17778,100000,-1.5042335898981709e+308
16997,100000,-1.0633504865936706e+308
17076,100000,1.1885061434876265e+308
17063,100000,-9.206128245183992e+307
16824,100000,1.415547971041923e+308
17088,100000,-1.1500302908020305e+308
17165,100000,-1.182690884542684e+308
18695,100000,-3.2223354416536696e+307
17372,100000,1.7737014114765128e+308
16836,100000,1.158797540101226e+308
17617,100000,4.536685214279652e+307
17425,100000,5.463060834497359e+307
16627,100000,6.232925460732876e+306
16815,100000,1.1501643225218513e+308
19397,100000,1.738209319004826e+308
16828,100000,-2.960453312622257e+306
16795,100000,5.275288583677016e+307
16971,100000,-4.147882534510487e+307
16977,100000,1.840666774797328e+307
16586,100000,1.9222002798068784e+306
17069,100000,-1.6935234931863828e+308
17725,100000,4.3372763703748604e+307
16824,100000,-1.5409075529865715e+308
17061,100000,5.048946812460206e+307
17174,100000,-3.476682785328277e+307
17110,100000,-5.3239126093174177e+306
16935,100000,-1.3263949603509993e+308
17001,100000,-2.7165672865026803e+307
17431,100000,1.7475266887273112e+307
19625,100000,8.291237667288145e+307
16853,100000,-1.2618075952265388e+307
17396,100000,-4.654993035765193e+307
16872,100000,-4.780411646360152e+306
16808,100000,-8.586000395283273e+307
17003,100000,-8.602796929339326e+307
17369,100000,1.555414381395038e+308
17949,100000,-2.861654479876859e+307
16778,100000,5.295703969190182e+307
17049,100000,-1.2670995775215293e+308
16716,100000,5.845510734672253e+307
17288,100000,1.7312763321772243e+308
17155,100000,8.08665338969055e+307
20216,100000,7.249449509653569e+307
20103,100000,1.5989193521358388e+308
16907,100000,1.6484506497731073e+307
16770,100000,4.064512997874434e+307
17109,100000,-1.5199371627194605e+308
16956,100000,-1.4632388787108723e+308
16682,100000,-1.0902799700829902e+308
18760,100000,7.526326523611864e+307
17270,100000,-7.044497720796911e+307
16851,100000,-3.739307300421384e+307
17542,100000,-1.674792264126003e+308
17093,100000,-1.7968725919830499e+308
16970,100000,6.496433317945091e+307
16952,100000,1.5846749305578487e+308
18935,100000,-2.422089375867609e+307
17899,100000,-5.8758180565897835e+307
16984,100000,-5.50986277718788e+307
16905,100000,1.5514342168133965e+307
17387,100000,-5.078209203837593e+306
17357,100000,4.525024282475808e+307
18075,100000,5.889038534598531e+307
22681,100000,-8.602049614249302e+307
17336,100000,-3.310629552652386e+307
17024,100000,6.352907153282126e+307
16901,100000,-6.363112396400842e+307
17095,100000,3.524094054791983e+306
17192,100000,-9.890149254825553e+307
19420,100000,-1.8695398242772823e+307
17308,100000,8.909900256655102e+307
16843,100000,1.7617696441005052e+308
16749,100000,-7.898791193820416e+307
16764,100000,4.864727207827049e+307
17003,100000,1.4465314900089297e+308
16991,100000,-1.6656437369826721e+308
19151,100000,8.316000707012712e+307
17523,100000,1.0113440106058516e+308
17051,100000,-1.064504456069474e+308
17105,100000,-1.1866692520536995e+308
16953,100000,6.588669939016784e+307
17413,100000,-3.7013494099467026e+307
16904,100000,-1.2715961005316618e+308
18669,100000,2.9817137116401317e+307
17035,100000,1.202337852515068e+308
17003,100000,-1.6002746846742244e+308
20340,100000,-4.609376886921978e+307
21966,100000,9.110826117156125e+307
16872,100000,1.3687140937532282e+308
17143,100000,-5.281864499361795e+307
18196,100000,-1.4919756174013858e+308
17335,100000,1.4036312259899732e+308
16858,100000,1.2819868764824375e+308
16817,100000,1.2254906999851256e+308
16946,100000,-4.4207705667404097e+307
16792,100000,2.2141466347122828e+307
17006,100000,1.740779647334319e+306
20356,100000,-1.4720750491801736e+308
16792,100000,2.2542363800905924e+307
17484,100000,-2.809642393706208e+307
16670,100000,7.046660491140204e+307
17203,100000,-9.35621012856668e+307
17164,100000,3.674289543488419e+307
17731,100000,4.216992763640931e+307
17087,100000,1.2897367839002695e+308
17074,100000,3.4891703301142397e+307
16709,100000,1.61652935056507e+308
17078,100000,-1.1802946115439317e+308
17029,100000,-2.736924829142958e+307
16914,100000,-1.318653030099844e+308
18808,100000,1.035569759715589e+307
18192,100000,-1.2411156054283516e+308
16872,100000,1.774967167030174e+308
16634,100000,-7.49663355380371e+306
16985,100000,-4.4015679787629207e+307
16922,100000,-8.625249169006251e+307
16734,100000,-1.1858834936608933e+308
19024,100000,1.1022437751034987e+308
16919,100000,-7.227079774854259e+307
17032,100000,-1.6626503472155268e+308
17258,100000,-1.750756994065659e+308
16945,100000,-1.5209024298529344e+308
17456,100000,-6.324029324565138e+307
17091,100000,1.5327182987787276e+308
17585,100000,1.2160040692122452e+308
16864,100000,1.4444520482007077e+308
17457,100000,-2.0271153874958056e+307
16696,100000,1.6357858601312818e+308
17160,100000,1.5923027292623353e+308
17039,100000,-5.142549545550603e+307
17239,100000,1.1396289088535697e+308
17185,100000,-1.057649072078721e+308
17959,100000,-1.4544873135448746e+307
16901,100000,1.3349535158984798e+308
17031,100000,6.74731419648311e+307
16890,100000,-9.601506200301206e+307
16984,100000,1.0007619391618353e+308
17142,100000,-3.194288558885634e+307
20645,100000,1.3035882661479108e+308
21473,100000,1.7680579574321415e+308
16833,100000,-6.953026298312041e+307
17006,100000,-1.198266105854602e+307
17254,100000,1.70585248565167e+308
16875,100000,1.1188935189345502e+307
17028,100000,-3.054231791166943e+307
21944,100000,1.6331798977668422e+308
17651,100000,1.4607196242415331e+308
17162,100000,1.6977523124001114e+308
16859,100000,-1.3763493757947856e+308
16965,100000,-1.2852836689758077e+306
16981,100000,8.160071647719733e+307
17489,100000,-1.187722750813901e+308
19473,100000,-3.028418965267412e+306
17608,100000,1.1821101655678073e+308
17101,100000,1.5517650402706024e+308
16778,100000,7.176751998325543e+307
16884,100000,1.5634137346730073e+308
17066,100000,5.389818975436313e+307
17171,100000,1.795581839232584e+308
27521,100000,-7.642228887044808e+307
27380,100000,-8.851543255727965e+305
23070,100000,-1.2080860593828569e+308
19869,100000,1.3202032675357885e+308
16582,100000,1.0980006760152371e+308
19137,100000,-1.184189274090692e+308
21158,100000,-1.5270181982550941e+308
17560,100000,1.595814720742764e+308
16862,100000,1.5574327478329301e+308
16989,100000,-8.494645392007486e+307
17009,100000,1.3321296659243651e+308
18654,100000,1.566718494214528e+308
18402,100000,-5.573269880479682e+307
22279,100000,-1.1096832043567629e+308
17595,100000,-7.559171761850024e+307
17195,100000,1.1673213067156122e+308
16832,100000,1.2675147763692132e+308
16965,100000,1.0538870185860861e+307
18206,100000,8.792392493630442e+307
21292,100000,-1.5631835265684264e+308
17230,100000,-1.3975293792436739e+308
17245,100000,-1.722488636609538e+308
17169,100000,-5.2574636426582176e+306
19465,100000,1.0469503663198375e+308
16607,100000,-1.0899821544063804e+308
20104,100000,1.4311764940156427e+308
20033,100000,-1.3652681919378353e+308
16971,100000,9.669579574146396e+307
16846,100000,-1.2715242268458281e+308
16870,100000,1.3769432887436518e+307
16729,100000,7.526957125415789e+307
16908,100000,-3.030251163298793e+307
16817,100000,-1.4871605601689545e+308
19283,100000,-3.6595724612581787e+307
17537,100000,1.5511696634913987e+308
16891,100000,1.751471570637486e+307
16872,100000,-5.575677202947129e+307
16981,100000,-1.6089177665591775e+308
17887,100000,-1.3746821837772077e+308
17855,100000,-2.0087451061105745e+307
19060,100000,-1.0179526003942184e+308
17252,100000,6.201653716758538e+307
16874,100000,-1.728288437417338e+308
18494,100000,9.273859625655695e+305
17939,100000,1.3941594447042166e+308
17686,100000,2.0844226638188255e+307
17125,100000,4.9679081905845695e+306
17234,100000,-1.2041850550289104e+307
17121,100000,-8.050679333348438e+307
16948,100000,-1.7041920352118004e+308
17059,100000,5.987365060749277e+307
17006,100000,7.815907075657541e+306
18052,100000,-1.7114083508203322e+308
19149,100000,-1.788999332638665e+306
18687,100000,1.7642227461751128e+307
17546,100000,6.640898630690683e+306
17002,100000,1.6901328026391994e+308
16974,100000,3.73978934371649e+307
16986,100000,9.545654751834913e+307
18807,100000,-1.667949831344485e+308
19704,100000,-9.664152298005713e+307
16884,100000,-1.1419839614222949e+308
17098,100000,1.5649483867106434e+308
17394,100000,1.4553767579157272e+308
16797,100000,1.2017693083132315e+308
17408,100000,1.7895398380802755e+308
17931,100000,-1.683784530863115e+308
22842,100000,-7.668072347008935e+307
16820,100000,6.32221994748368e+306
17034,100000,1.30246128515771e+308
17110,100000,1.1941685892856082e+307
17532,100000,-9.546729726419984e+307
17624,100000,1.7043893943267465e+308
17011,100000,1.3047377742416628e+308
18113,100000,1.1527515710288532e+308
16807,100000,-5.22210996574158e+307
17187,100000,-1.7193540715561823e+307
17106,100000,-2.5749128160626575e+307
16888,100000,7.926367091504343e+307
16982,100000,7.648992147005133e+307
26408,100000,9.080924478207659e+307
27416,100000,9.441250579053058e+307
24440,100000,1.6215167876654413e+308
22018,100000,-1.0503138345386487e+308
16755,100000,8.737167129925209e+307
17367,100000,-2.2536925400806937e+306
22319,100000,3.685803528835263e+307
16788,100000,5.465835710290815e+307
17032,100000,-1.016009504393422e+308
16732,100000,-1.4082814334954456e+308
17284,100000,1.4987351419985354e+308
17122,100000,-1.3411369377244925e+307
18504,100000,1.204952999994057e+308
18895,100000,-9.758394759939096e+307
16966,100000,1.3266283937335201e+308
17064,100000,-4.064754949794002e+305
16922,100000,6.398555582483057e+307
16989,100000,-5.206427441649742e+307
17609,100000,-5.289070806439241e+307
20176,100000,-5.411049865334785e+307
18975,100000,1.3139342461504699e+308
17351,100000,-6.59355622273109e+307
21876,100000,1.370701340858923e+308
19000,100000,-3.2490633433009215e+307
17458,100000,8.257436893883343e+307
17433,100000,1.3245505370816908e+308
21277,100000,1.4853011525811608e+308
16820,100000,-1.1506223500114187e+308
16966,100000,-1.626287303046903e+308
17643,100000,6.816989598241384e+306
22632,100000,-9.795236503918195e+307
19337,100000,-1.3803271552927131e+308
17064,100000,4.3792716826479617e+306
17145,100000,2.2113355552282704e+307
17002,100000,1.1014261802259578e+308
20265,100000,-1.4083174893396648e+307
20364,100000,4.1319488861786057e+307
17203,100000,4.751374692589896e+307
16831,100000,-1.3351001272941078e+308
16938,100000,9.231615742706136e+307
17112,100000,-1.4322958201082883e+308
17194,100000,-1.4979365790824811e+308
17354,100000,-2.5578082517547814e+307
17506,100000,1.6754064989850925e+308
17745,100000,7.933164927622851e+307
17019,100000,2.8717509955347895e+307
20273,100000,-1.1020130039607502e+308
18166,100000,-1.2881349497253601e+308
17681,100000,-6.292552385548934e+307
16702,100000,-1.359592323276382e+308
18444,100000,-5.486304160093227e+307
17148,100000,-8.392530820353283e+307
17602,100000,-1.7765694550273397e+308
16928,100000,-9.249573732863805e+307
16943,100000,-3.468314570081143e+307
17578,100000,-9.300516022010808e+307
19323,100000,2.874477814682063e+307
18761,100000,4.3007452889302775e+307
16858,100000,1.6557049866202866e+308
17868,100000,1.2823732259990527e+308
17492,100000,-6.89328692690348e+307
18358,100000,9.44096423607361e+307
17199,100000,9.677671132895314e+307
21501,100000,-1.1191847908672157e+308
17402,100000,7.825733964604297e+307
16928,100000,1.4636923681442199e+308
17447,100000,-1.1152820870412354e+308
16848,100000,-1.1359490163537254e+308
18560,100000,2.9810002880761545e+307
21442,100000,-6.907775669683169e+307
20475,100000,1.2290196935036387e+308
16846,100000,-1.2248322106145932e+308
16856,100000,-1.412574387150698e+308
16769,100000,-6.998079919707458e+306
16865,100000,-1.2990596316867386e+308
17159,100000,-8.324523478162779e+307
19078,100000,1.413053364454793e+308
17284,100000,-1.4363768175978418e+307
16778,100000,-8.993042062245892e+307
18687,100000,7.004409668041512e+307
21450,100000,1.02046370942162e+308
17319,100000,1.3872989450101733e+308
17312,100000,1.7303853375800622e+308
16844,100000,-1.5150740574436892e+308
17056,100000,-1.2115680601543424e+308
17055,100000,-9.083268506675302e+307
19202,100000,-1.4982688857332529e+308
20138,100000,6.265752760773799e+307
19334,100000,2.049466970656677e+307
16987,100000,6.05086039277167e+307
16843,100000,-1.4550955203890277e+308
16962,100000,3.9075368620645386e+307
18086,100000,1.3949118892503311e+307
17273,100000,1.4926677683897446e+308
17278,100000,6.639008102016972e+307
17205,100000,1.8487590560744036e+307
17183,100000,8.316636420154134e+307
16831,100000,-1.0872143280725527e+308
16852,100000,-1.699018441166148e+306
16802,100000,1.5242031956819552e+308
20243,100000,6.184310936079623e+307
18387,100000,-5.793704248506704e+306
17278,100000,4.121179967255974e+307
22127,100000,-5.408173646549924e+307
17130,100000,8.856149972475142e+307
16773,100000,-1.717575771512379e+308
18139,100000,-1.3246554462754493e+308
19925,100000,-6.60265016503048e+307
18212,100000,5.430704594657837e+307
16846,100000,1.4939974383354188e+308
17009,100000,-1.031195529024193e+308
16812,100000,-1.46367338909497e+308
20565,100000,-8.183632366960353e+307
19227,100000,-1.2814597223950015e+308
16964,100000,9.812690800911762e+306
17808,100000,-1.3858469284592442e+308
17217,100000,-5.172438510858713e+307
16901,100000,-4.2403067070262414e+307
17193,100000,7.861576483693034e+307
17429,100000,-6.277329969645572e+307
17369,100000,8.101634652019215e+307
17340,100000,-3.9186123548892056e+307
17727,100000,5.472649600074188e+307
19132,100000,5.712579587103329e+307
18102,100000,-1.7734735147810745e+308
18600,100000,-2.2402905602374685e+307
17495,100000,7.349786713778322e+307
16831,100000,5.126628366078665e+307
17708,100000,-7.168145181596612e+307
19582,100000,-7.529971683732016e+307
16949,100000,8.765246608674695e+307
16757,100000,-1.5220591942029118e+308
17988,100000,9.216693332546226e+307
22574,100000,1.3363094746737143e+307
17179,100000,-8.245413107647642e+307
17798,100000,1.5288991473463091e+308
17306,100000,-7.036316365207721e+307
16821,100000,-2.3830232472379604e+307
16901,100000,-3.635935223240227e+307
17191,100000,-4.744837959689219e+307
19078,100000,4.772467376465334e+307
18387,100000,1.635627574329217e+308
18159,100000,3.795226205652715e+307
16973,100000,1.4349496020128793e+308
16733,100000,1.5084310578783427e+308
16996,100000,1.7650566117725777e+308
17201,100000,1.398792866595214e+306
22067,100000,1.1138195195420648e+308
17740,100000,-5.806673614588646e+306
16906,100000,-1.5690617007332933e+307
16860,100000,5.656339720951829e+307
16897,100000,-1.2367597104762708e+308
21042,100000,-4.1340391523816653e+307
22161,100000,-5.986805532293896e+307
17653,100000,-1.1268562680596555e+308
16727,100000,5.857149845124825e+307
17205,100000,-8.389505053371644e+307
16996,100000,3.7740395139136267e+307
17012,100000,1.003832641284007e+308
19197,100000,-5.376442809440505e+307
16939,100000,7.621968211181088e+307
16861,100000,1.3211041733183993e+308
16572,100000,1.8007309224510103e+307
17395,100000,5.3594571882364e+307
16996,100000,-4.805959524147927e+307
17748,100000,6.039977528424458e+307
17270,100000,1.6109211091408259e+308
17219,100000,1.1262903363996322e+308
16892,100000,1.100672771653513e+308
18806,100000,5.519966009710448e+307
17677,100000,1.7360868525027674e+308
16777,100000,-9.6695557405594e+306
16895,100000,1.6147805997260127e+308
16799,100000,1.5572477785275622e+308
16717,100000,2.509228318981367e+307
17029,100000,1.3722488476986544e+308
16855,100000,6.241280975020308e+307
16762,100000,-1.1928621159975556e+308
16915,100000,1.7175065186463604e+308
17738,100000,-2.305012432018836e+307
18359,100000,9.40557724141195e+307
18418,100000,1.6567199054427933e+308
16912,100000,-1.7698427019948009e+308
17058,100000,1.2481536086049015e+308
17343,100000,1.64224922904013e+308
17482,100000,1.3675971742568496e+308
16988,100000,-8.434888702343961e+307
16884,100000,-1.0450871258604377e+308
18716,100000,-1.6236400576757702e+308
16830,100000,4.4048956457649176e+306
16844,100000,-1.0389409022687636e+308
16874,100000,5.452328573040414e+307
19730,100000,-8.493922133876577e+307
17100,100000,-1.5581926814821896e+308
18061,100000,-1.814769301787849e+307
16934,100000,-1.2789155013295646e+308
16933,100000,1.645376472552191e+308
16873,100000,1.7448402211426347e+308
16676,100000,-9.121185530684112e+307
18171,100000,-4.2917907506698523e+307
18547,100000,1.6175875396126248e+308
16958,100000,-1.569853782310952e+308
17705,100000,8.080397350782829e+307
17154,100000,-3.5240526898580813e+306
17342,100000,8.094670612160311e+307
17056,100000,4.838657553370663e+307
19750,100000,-1.0183380773703646e+307
19437,100000,-1.0163667132839245e+308
16881,100000,-1.1440297117656597e+308
16794,100000,4.044725902468637e+306
16812,100000,6.270985224691471e+307
16756,100000,1.2003597976749982e+308
16852,100000,1.554819833865635e+308
16823,100000,-1.6703632662401966e+308
17421,100000,-7.40673903098961e+307
16762,100000,-1.4832064244132887e+308
17025,100000,5.454914702673927e+307
16913,100000,-6.552772715320824e+307
16933,100000,1.2140135051298988e+308
25116,100000,-1.7563347361308594e+308
25375,100000,6.551580180863797e+307
25442,100000,1.7156075603765098e+308
25505,100000,-6.536958017451571e+307
26277,100000,1.1457670588297532e+308
26390,100000,-4.556462090199856e+307
26423,100000,-3.846857139476578e+307
26351,100000,-3.673655930498205e+307
26432,100000,-1.027066507529201e+307
26462,100000,-9.646354113628161e+306
16949,100000,-1.520800275461033e+308
19040,100000,9.31635357695444e+307
17292,100000,-1.237706880082465e+308
17138,100000,-7.493304707083852e+307
17108,100000,1.0879253821251665e+308
16944,100000,4.616471559561804e+307
16782,100000,-1.6187830729323723e+307
16888,100000,-1.801075028398563e+307
18827,100000,1.4170728802577902e+308
17180,100000,2.408197253855147e+307
17227,100000,-1.2878113617418073e+306
16724,100000,1.6100318375371536e+307
18628,100000,-1.3957228739235066e+308
17018,100000,-2.8643180762861385e+307
17044,100000,1.6104273214016683e+308
17011,100000,5.707326019607209e+307
17005,100000,9.093237505086192e+307
16763,100000,-1.7129859967418932e+308
16894,100000,3.23739893198519e+307
17966,100000,1.2390606642412138e+308
16904,100000,-6.445573606898271e+307
16912,100000,-1.399787329852734e+308
18639,100000,7.101554038611545e+307
25126,100000,1.113961413516247e+308
25746,100000,-7.941564926548988e+307
25443,100000,-1.1530006716223876e+308
25228,100000,-8.293623764664984e+307
26045,100000,1.4646552356348198e+308
26227,100000,3.5456913177221735e+307
26405,100000,5.589598194033182e+307
26558,100000,-1.0617055787386642e+307
26506,100000,-7.925974949742988e+307
26353,100000,-3.6238647404669026e+307
24539,100000,-6.172644515186222e+307
23259,100000,9.289110958599713e+307
23349,100000,-5.254533851988435e+307
25385,100000,-1.6977272590447325e+308
25307,100000,-3.25478176265676e+307
25433,100000,-1.3985499508369422e+307
25263,100000,-9.483521160153638e+307
16916,100000,1.4580183882873634e+308
16920,100000,-1.1696925073348452e+307
16884,100000,-1.7402778347722766e+308
17895,100000,-3.1279962737939866e+307
18447,100000,-2.954847651045127e+307
16839,100000,-6.008298156775366e+306
17660,100000,2.0372848271781707e+307
17066,100000,1.6855031866353395e+307
16879,100000,-1.2487027766756246e+308
16890,100000,1.1341484885332088e+308
23480,100000,-6.919712301403736e+306
22144,100000,-3.222263535615887e+307
16887,100000,-5.867331804806405e+307
16808,100000,-7.391570460148657e+307
16777,100000,7.065250381735089e+307
16838,100000,-1.7223622319811286e+308
16794,100000,-1.4604650798262816e+308
16855,100000,-4.857503611089207e+307
16888,100000,-6.654112403713127e+307
16795,100000,2.858846851574347e+307
17422,100000,1.1198778807750842e+308
16769,100000,-1.2491450455541767e+308
16939,100000,1.539865998005747e+307
17046,100000,1.40473815091441e+308
16840,100000,-1.266589311532146e+308
17151,100000,-1.1424899026147577e+307
17120,100000,8.908820364728782e+307
17138,100000,7.364824928282601e+307
17012,100000,-1.7878001821193457e+307
17085,100000,-8.154771832284946e+307
16871,100000,-2.893866990763655e+307
16814,100000,6.813831319247476e+307
16740,100000,-9.54842080211227e+307
16835,100000,-4.920867668941208e+307
16966,100000,1.5162958977128795e+308
16836,100000,-4.603366641264291e+307
16727,100000,-1.4339443870570524e+308
16791,100000,1.1965946942960742e+308
16699,100000,3.4735948333797736e+307
16996,100000,8.050223521520032e+306
16912,100000,-4.89021807199831e+307
16868,100000,5.008884825972364e+307
17632,100000,8.492828802339325e+307
17006,100000,1.7713936765325055e+308
17007,100000,-1.6753780121768091e+308
16980,100000,1.0120418585599411e+308
17170,100000,1.2029933543128953e+308
18674,100000,9.709752824738585e+307
16717,100000,-4.232534420835794e+305
19003,100000,-1.5865506710703437e+308
16791,100000,-9.488100470218668e+307
16907,100000,-5.533047765405017e+307
16786,100000,-6.486074931229382e+307
16720,100000,1.3849123842662745e+308
16923,100000,2.743330373991817e+307
20106,100000,-6.785817441509207e+307
25159,100000,-7.102063697438493e+307
24815,100000,3.006544153839126e+307
24884,100000,7.362711585496363e+307
24905,100000,-1.4915547976061471e+308
17062,100000,-1.7690613441870457e+308
16933,100000,2.836223460635759e+307
16875,100000,-4.158618674135566e+307
16857,100000,-1.0271788043077789e+308
17954,100000,-6.653563326106822e+307
17917,100000,1.0686059190489681e+308
17281,100000,7.720495757470844e+307
16776,100000,5.69182431711925e+307
17015,100000,6.075742614096872e+307
17185,100000,7.864469706575402e+307
20464,100000,1.3043999264153746e+308
16775,100000,-1.6263291699067706e+308
16783,100000,-9.386046237717732e+307
16823,100000,-1.4174082858245561e+308
16910,100000,-1.407008822457642e+308
16908,100000,2.02371666210976e+307
16815,100000,5.473911344154736e+307
16694,100000,-8.725527501482497e+307
16786,100000,5.272658284322548e+307
16855,100000,-1.372553442150745e+308
16902,100000,1.4323856919588492e+308
17192,100000,-1.2473650439668426e+308
17167,100000,-7.406396533144123e+307
17068,100000,-3.257011677488025e+307
17172,100000,-6.345693993078372e+307
19040,100000,1.7569377641674945e+308
18159,100000,1.4162422775140492e+308
16830,100000,-1.5470825339097208e+308
17047,100000,-1.3110366886913618e+308
17005,100000,-7.31132734103262e+307
19554,100000,4.471154653526384e+306
17976,100000,1.2579141952672782e+308
16820,100000,-7.21339419959756e+307
16933,100000,1.2176586798960053e+308
17387,100000,8.709875633016215e+307
17248,100000,-6.693577176663238e+307
17113,100000,-2.8233073151230843e+307
17110,100000,-3.8321812877481275e+307
17216,100000,-5.690045118072455e+307
16976,100000,-1.5676182716659294e+307
17516,100000,-5.703116246964423e+307
16803,100000,-1.4825560236187072e+308
16980,100000,1.6013971795724943e+308
17255,100000,-1.5961164418113626e+308
16981,100000,2.320404731071181e+307
16920,100000,-1.3685032773422326e+308
19193,100000,3.743652746947686e+307
17013,100000,7.083776325150933e+307
16943,100000,-7.159617350015546e+307
16829,100000,-1.4778257585092056e+308
17279,100000,6.054041072275893e+306
19962,100000,-5.047155802055979e+307
28034,100000,-1.7277561956687228e+308
28689,100000,3.3985719026303555e+307
28461,100000,1.3034270709965174e+308
17108,100000,9.04975232056236e+306
16934,100000,7.085301526294523e+307
19833,100000,2.0350771822688158e+307
16597,100000,-6.103737203107873e+307
16754,100000,-1.2404267784046398e+308
17087,100000,-6.037122600070299e+307
17117,100000,6.174221280241916e+307
17227,100000,1.390458657612441e+308
18874,100000,-9.17032134176232e+307
16797,100000,-9.41861121805296e+307
18576,100000,-1.4146293404683164e+308
17054,100000,-4.068695630981985e+307
17086,100000,1.4764169320621655e+308
17423,100000,9.26898441767688e+307
17884,100000,-6.702396363753121e+307
17814,100000,-1.0799131642308061e+308
17452,100000,-5.031801781809603e+307
17049,100000,8.949073676423242e+307
16781,100000,1.2557584511431357e+308
17357,100000,-1.5956941252764343e+308
17093,100000,-1.382150060991106e+308
16903,100000,7.257229693103987e+307
17492,100000,1.3523552833512612e+308
18282,100000,-1.741212987502816e+308
19838,100000,3.918715128080711e+307
17597,100000,-8.349647087428411e+307
17075,100000,1.6176473212682112e+308
17073,100000,5.321314158700158e+307
16948,100000,1.6431348025245369e+308
17520,100000,-8.076964818814405e+307
16765,100000,3.205268899654449e+307
17101,100000,-1.1502563965706295e+308
17423,100000,-1.0436937741064015e+308
17648,100000,1.431698680645043e+308
17022,100000,4.653458816298828e+307
16763,100000,1.6466649795330307e+308
19108,100000,-1.3083532946443715e+308
16968,100000,1.7303304055868221e+308
17222,100000,-3.1414515708828666e+307
17014,100000,-5.765394429266485e+307
17121,100000,-1.6700091598314999e+308
17121,100000,5.776428967483262e+307
16916,100000,-1.4560157726209995e+308
18633,100000,3.5393000327207155e+306
17443,100000,-1.5092313697066831e+308
16940,100000,-3.9221905175379523e+307
17468,100000,5.724394121982435e+306
16882,100000,1.4609535646815055e+308
16968,100000,-7.45569485304116e+306
19341,100000,-4.581293071389817e+306
16916,100000,1.6604837726770302e+308
16848,100000,-1.468221895609808e+308
17107,100000,-1.6431407296323173e+308
17486,100000,-1.7249738559039362e+308
16959,100000,-7.925116019726192e+306
17337,100000,-9.907325242420602e+307
18209,100000,7.902778989327092e+307
19318,100000,-7.539303263615987e+307
18276,100000,-1.21934950447431e+308
16962,100000,3.842062091167796e+307
17517,100000,-1.2826175698404259e+308
16870,100000,9.30247185843802e+307
17038,100000,1.052612119609284e+308
17839,100000,-8.107273632604134e+307
19733,100000,-5.701933894718116e+307
16974,100000,-8.593080197740899e+307
17119,100000,6.584864477048151e+307
17085,100000,-2.393305183213439e+307
17337,100000,9.90180700675664e+307
17136,100000,1.4906790624260286e+308
17065,100000,-1.1179057019644594e+308
16857,100000,-3.5214162334999856e+307
17048,100000,1.5547895912455618e+308
17006,100000,8.611888628872068e+307
16889,100000,-1.1969653760568236e+308
23488,100000,-1.0461521185115082e+308
17834,100000,-6.600841128821741e+307
17035,100000,-3.129121584556715e+307
17048,100000,1.4653130225945352e+308
16703,100000,1.1538705715567563e+308
18775,100000,1.1209577202327045e+308
17922,100000,4.1733541993073793e+307
16829,100000,1.6065030921826112e+308
16806,100000,-1.7164108937080153e+308
16981,100000,-4.472786487810711e+307
17093,100000,-7.447001454400712e+307
16872,100000,1.2134099626406169e+308
17403,100000,-1.8969833166811718e+307
16842,100000,1.3681417477981674e+308
17274,100000,-9.83598816305365e+307
16861,100000,1.191071240796334e+308
17335,100000,1.825603549429789e+306
16769,100000,3.4722917265651793e+306
17004,100000,-2.5164230546328417e+307
17193,100000,1.2216753272069543e+308
17825,100000,4.756721514406543e+307
16869,100000,-1.7294673075808672e+308
16811,100000,-5.304687923454741e+307
16858,100000,-5.279643406372354e+307
16967,100000,-4.918392654237376e+306
16825,100000,1.0231202624776877e+308
19991,100000,1.5646288341381734e+307
17013,100000,5.103724892634108e+307
16835,100000,1.481180975400098e+308
16927,100000,1.2985266596204296e+308
17005,100000,1.6576904795232177e+308
18071,100000,5.062502642117063e+307
17137,100000,1.770885239505062e+308
18684,100000,-7.326225629073296e+307
16662,100000,-4.771095041540125e+307
17230,100000,9.823409113908313e+307
17358,100000,-1.7640205052441915e+308
16887,100000,1.4436734000867222e+308
17737,100000,-8.192870186771705e+307
17033,100000,1.289742313759642e+308
19693,100000,4.023379059926527e+307
16944,100000,-1.9708819444016568e+307
16732,100000,-1.3875066122133838e+308
16892,100000,1.755381490312206e+308
17001,100000,7.02019376207604e+307
16975,100000,-1.4124128312896916e+308
16778,100000,7.339697285449992e+306
19733,100000,6.36033293928067e+307
16855,100000,-1.5440758461023716e+308
16832,100000,-1.6998706351485748e+308
18463,100000,1.0510840303975255e+307
17083,100000,1.781866869168186e+307
17160,100000,-1.2970754177642729e+307
17248,100000,4.723875146576614e+307
17481,100000,7.677061586365306e+307
16911,100000,8.426504206506578e+307
16943,100000,-1.7086779568695385e+308
18456,100000,4.853072272361153e+307
17370,100000,5.351557380335518e+307
17485,100000,1.5676523092211142e+308
18943,100000,6.434541240523373e+307
17576,100000,1.0080430051676961e+308
16762,100000,-1.1636116964647391e+308
16723,100000,1.7640013956439047e+308
16971,100000,-4.181807334479059e+307
16837,100000,-1.2256391533980062e+308
16682,100000,7.994907314879445e+307
18434,100000,-1.3815645958148388e+308
16807,100000,1.467986643350561e+308
16926,100000,-1.3982632917429279e+308
18229,100000,1.16187320089761e+308
