elapsed.ps,repeats.n,param.a.vector3
50663,100000,-4.709591228835361e+37; 1.7007169592516712e+38; 1.5280306984693166e+38
58846,100000,-1.0634248882760523e+38; -1.804568778321153e+38; -2.4735526213627175e+38
63816,100000,-3.5851253133245905e+37; 2.723947892180023e+38; -1.474167413169235e+38
58167,100000,-3.0609194396868998e+38; -1.3545545138919357e+37; -2.6997830237300403e+38
60787,100000,8.197826457362827e+37; 2.9591145721006427e+37; -2.9388903223065295e+38
68287,100000,-7.526242916470314e+37; -2.7328831049068157e+38; -1.5196393585560458e+38
63469,100000,3.3788326717157293e+37; -2.6352815131807954e+38; -3.049451156824707e+38
63151,100000,8.312413958659617e+37; 1.8499693296261588e+38; -1.1061980562410013e+38
60711,100000,3.2714078526644444e+38; 3.2461432719657517e+38; 4.0076667243565053e+37
55601,100000,-9.09053098276037e+36; -2.980817105318718e+38; -2.1023985204785185e+38
52609,100000,2.319695535535913e+38; -2.4230431339026477e+38; 1.5562204082810479e+38
56778,100000,-3.3822723148543885e+38; -9.522271860963202e+37; -5.994390606383478e+37
62091,100000,1.1490794308611857e+38; 1.260077655542466e+38; -3.9386994328607284e+37
51641,100000,-2.0114876900325508e+38; 1.5524567029429462e+38; 4.444839865676495e+37
51707,100000,-1.1723108014091603e+38; 1.116576970883382e+38; 2.1343349998163323e+38
48597,100000,-1.3819374148026457e+38; -3.1586995166174322e+38; -2.039472091153069e+37
47501,100000,-5.180761238072751e+37; 1.593217754463165e+38; -1.6314696690913158e+38
52277,100000,-1.4455011681438658e+38; 2.9029983674478115e+38; -2.3235341843775e+38
61652,100000,1.1368543098846327e+38; -1.9107548999119187e+38; -1.729442935973323e+38
72920,100000,-2.948063853346165e+38; -2.165404304731542e+37; 6.912425706369962e+37
47353,100000,-4.224427371091931e+37; 1.4691383897080095e+38; -6.2522332737711e+37
70569,100000,-1.6379786999813197e+38; -8.626281204914686e+37; 3.188886840951027e+38
50805,100000,-1.390708644247793e+38; -6.055351416688213e+37; 1.4859574764597896e+38
59344,100000,-7.281577223541944e+37; 1.8141718527666758e+36; 1.6964099895723358e+38
60406,100000,-3.337851201109143e+38; -1.0225519792668695e+38; 2.5861773938821626e+38
49052,100000,2.15705089292423e+38; -6.875739390939117e+37; 1.791146082469552e+38
50829,100000,-1.046721411259013e+38; 3.581045126337636e+36; -2.9480537121413633e+38
64263,100000,3.1676227627225588e+38; 2.4670916597834743e+38; -3.2861352145138e+37
55757,100000,-2.988160554539816e+38; 2.0857221204783e+38; -2.8907692914013857e+38
88596,100000,8.703443604010819e+37; 2.106877763874425e+37; -1.4082746307332275e+38
73414,100000,1.6757023592513436e+38; 6.03633817886551e+37; -2.5365439036928745e+38
80434,100000,-3.0599339174042583e+38; 4.900055224459412e+37; 1.8565832205738136e+38
66503,100000,-3.2737255236098536e+38; 2.20507742681538e+36; -1.575594571582648e+38
64905,100000,-3.3306458750974457e+38; -2.1833744182283295e+38; 2.2537290265409962e+38
49936,100000,2.1150681304615355e+38; 2.9204063539624336e+38; 2.0117206842128727e+37
46447,100000,-1.8021202858338e+38; -8.71617284427807e+37; 6.263662918642998e+37
55754,100000,5.489977347510522e+36; 2.946314292693754e+38; -2.639412431544771e+38
46827,100000,1.9423256874045787e+38; 1.3689911527526349e+38; 7.891101661649684e+37
58145,100000,2.3561018523021795e+38; 3.2545006388429364e+38; -3.0842955759334204e+37
61996,100000,2.620688116646872e+38; -2.1940656819786063e+38; -3.4240403880114285e+37
56745,100000,2.701813901403654e+38; -2.7245267521501112e+38; 1.2397672308605492e+37
59820,100000,1.4754590984248435e+38; -3.0603507209216134e+38; -5.002246117006451e+37
59802,100000,-1.7292455881278795e+38; -2.8754318853771764e+37; -3.305615353405579e+38
54406,100000,-1.8745291980031726e+37; -4.870640659931716e+37; 1.7789068652183246e+38
51829,100000,3.289068355178632e+38; -2.4067401330632325e+37; -2.7666624439812174e+38
53534,100000,1.3638218764290002e+38; -1.6078955258210395e+38; -1.5150461026651548e+38
49435,100000,2.565551400259825e+37; 1.3069799164545263e+38; 1.690212293669748e+38
53546,100000,3.234353715735437e+38; -2.9258980191867183e+38; 1.3776609701497638e+38
57982,100000,-1.1925420993406108e+38; 3.37188204206263e+38; -2.8897014225357535e+38
53247,100000,-1.8275994544260993e+38; -3.115846892312861e+37; 2.6250228732273644e+38
56676,100000,-1.3241623625743558e+38; -3.1081198520201338e+38; -1.1190610589995892e+38
54700,100000,3.471453309291285e+37; -2.766622284810202e+38; 4.380652631064058e+37
54748,100000,-2.331872080141465e+38; -2.7526150499138243e+38; 2.981626779110096e+38
53699,100000,-1.4769963022487043e+38; 9.104956212765668e+37; -3.316922796759615e+38
56549,100000,-8.030974735939107e+37; -1.2107547904562578e+38; 2.3884226833019826e+38
56810,100000,1.428606022356072e+38; -5.718432704858354e+37; -3.5898184093767554e+37
48752,100000,-7.005087922885205e+37; -2.9723534586152102e+38; -2.4836327761116364e+38
54648,100000,7.049255405098357e+37; 2.8593492022120808e+38; 1.3590190018348555e+38
47556,100000,-2.656264071563965e+38; 8.656666282741917e+37; -1.723088051396307e+38
53312,100000,-8.759408856830175e+37; 4.727487920009383e+37; 3.2926658461700317e+38
61239,100000,1.3867978914400648e+38; 2.968697351460056e+38; 2.0350982402280656e+38
48685,100000,1.6765092949174248e+38; -1.548433991234206e+38; 1.7696298938897104e+38
59411,100000,2.608225387241812e+38; -1.1864880028980168e+38; -1.2712164506606474e+38
55081,100000,-2.583263014446214e+37; 1.4022191145219613e+38; 3.1586830878656533e+38
47562,100000,-3.3706811205899976e+38; -8.47749908220686e+37; -2.1727312237888133e+38
51007,100000,2.7173023606733865e+38; -3.0138056332426733e+38; 1.5789232192347513e+38
53911,100000,-2.3615131991844338e+38; -2.795987968730753e+38; -1.2723714324755273e+38
49706,100000,2.782350684985546e+38; -8.273775968364661e+37; 2.6676980771539277e+38
55502,100000,-2.706679448643474e+37; -1.987632533977216e+38; -2.6218287993629813e+38
75582,100000,-8.116336806177755e+37; -1.2399031483579057e+38; 5.589740815923184e+37
147130,100000,-2.480998091104122e+38; -1.2080418153476734e+38; 8.264540373151638e+37
53037,100000,1.989543745434168e+38; 1.9831589950090104e+37; 1.9023484496034932e+38
47373,100000,-1.5462705680138325e+38; 5.459729556243297e+37; -1.208883636758273e+38
48174,100000,-6.763129931638922e+37; -3.1952269193690327e+38; 1.7665406800829782e+38
59501,100000,6.890090716914421e+37; 3.0894617591895906e+37; -2.1576400969232162e+38
47645,100000,1.1194247226037826e+38; 7.695718674636507e+37; 2.688484859578398e+37
45166,100000,6.365908066635726e+37; 2.6329672902450187e+38; 6.140500014565783e+37
55661,100000,2.862516097647595e+38; 1.4555599249506528e+38; -1.7688149466718357e+38
60480,100000,1.834219024448443e+38; -8.87569298169031e+37; 3.314312856291817e+38
61007,100000,2.065049071665682e+38; 5.212106687994714e+37; -1.68255821934557e+37
68866,100000,-2.5440879459449528e+38; 2.902456421463202e+38; 3.1372439724423053e+38
50462,100000,2.5549116538299415e+38; 2.2759585474665984e+38; 1.169376646623848e+38
55619,100000,-1.113628212763155e+38; 1.1243996934434143e+38; 2.174428962884687e+37
54560,100000,1.5717015658833231e+38; -7.523710150571058e+37; 3.184964831405969e+38
46871,100000,-3.305230596095398e+38; -2.0656668738622093e+38; 3.016381904910529e+38
53379,100000,2.6253469861328308e+38; -1.9353824101249607e+38; 5.232707024368903e+37
53791,100000,-2.8327471994241234e+38; -1.1230987796914361e+38; -2.0357760783570197e+38
59006,100000,-5.933771047620324e+37; -1.434948433251182e+38; -3.3352098229064594e+38
51642,100000,-3.2426202174175974e+38; 5.734812652089203e+36; 1.302234542491608e+38
62068,100000,9.883318020197325e+37; -1.2426497922664322e+38; -2.4435423624649624e+38
80276,100000,-3.274388352755701e+38; -2.558446877823858e+38; 5.514879456196586e+37
50958,100000,7.516531064926786e+35; -8.766235915902764e+37; -1.3401356728456637e+38
47725,100000,1.09809279971519e+38; 3.158625282998283e+38; -3.3768510295914285e+38
57544,100000,1.6777718749152521e+38; -1.1797489694831075e+38; 2.419512980511132e+38
59511,100000,-2.644271488413518e+38; -9.493279170555262e+37; -1.781397139469461e+38
46652,100000,-3.0312913013860775e+38; -3.2942630859263193e+38; 2.217163087211149e+38
70078,100000,1.5629375113405732e+37; 1.4896940033690224e+38; -4.633058091497182e+37
51530,100000,-3.3343778384645176e+38; 1.9497877887218582e+38; -2.7714991901994e+38
60831,100000,-1.1626972434931735e+38; 1.2845372274039897e+38; 1.702221305571974e+38
69502,100000,-3.3851268611820065e+38; 1.6732686729230014e+38; 1.573283898068552e+38
53342,100000,3.190934755848708e+38; -2.816071407896193e+38; -1.8109889722570927e+38
78896,100000,7.669420502344412e+37; 2.9023884753910297e+38; 3.2264916453007736e+38
64019,100000,-2.275044419265762e+38; 6.680100338504694e+35; 6.84765180305974e+37
72814,100000,4.525999420645267e+37; 1.553333029802884e+37; -1.8909846211507592e+38
66935,100000,1.1095809593387943e+38; 3.34284533882585e+38; 2.0538878644848885e+38
52173,100000,-4.211857601270188e+37; -5.740147559640263e+37; 9.028171066488163e+37
69005,100000,1.216926829110697e+38; 1.457276729511554e+38; -2.4485429905527427e+38
49683,100000,6.294880082324218e+37; 2.329493359143149e+38; 2.926796732756256e+38
62880,100000,6.326282322993072e+37; 2.2620567811001595e+38; 1.0775785621697686e+38
54616,100000,1.6548159394896951e+38; 9.173204492840995e+37; 2.043792295104671e+38
56512,100000,1.5978046213950307e+38; 2.5572761771415352e+38; -3.38001346289683e+38
47482,100000,2.3091673423588494e+38; -2.2247493168752027e+38; -3.1100963728360096e+38
66212,100000,-2.004734053282727e+38; -3.2160431619934524e+38; -1.2048837427603368e+38
56041,100000,3.3311229173713235e+38; 3.2503401081609393e+38; 2.5719782873909342e+38
59839,100000,-3.2046525607600417e+38; 3.1110792584054026e+37; -4.2028060689243185e+37
46728,100000,2.1120866162497987e+38; 3.206353849277596e+38; -7.597608602901723e+37
56762,100000,-1.409315422582039e+38; 2.432892677654373e+38; -2.1367169660001852e+38
53037,100000,-2.859917109680983e+38; 1.816978367813051e+37; 1.2761623162424979e+38
49245,100000,-3.3939598505643968e+38; 2.9280254411300454e+38; -4.0218311986333355e+37
50217,100000,3.4417521923454074e+36; -1.7617104242358686e+38; 7.612376225334142e+37
47174,100000,2.7465187660592547e+38; -2.6801046242843854e+38; -1.0876836642825e+38
53478,100000,-1.2176462461793386e+38; -3.2387057123640926e+38; 6.826222423193002e+37
63556,100000,7.286583936352606e+37; 3.2988984278171378e+38; 1.5256701302275956e+38
50933,100000,-3.0860410293978867e+38; -1.5006636431911094e+38; -2.80472339972295e+38
56506,100000,-8.184948648445228e+37; -1.9215078221873907e+38; 3.039521091906855e+38
49580,100000,-2.2490644779803484e+38; -1.9887133835849944e+38; -3.0807570560479434e+38
49093,100000,-3.0441063362459527e+38; -6.628351291581697e+37; -2.272746016609476e+38
49821,100000,1.3895640064618108e+38; 2.3561572232803975e+38; 3.0616775961578843e+38
51462,100000,6.317125702412443e+36; -1.978995675495693e+38; 1.6446716923264288e+38
49380,100000,1.5257847258418562e+38; 1.651704820680591e+38; 7.739654430319937e+37
46601,100000,-2.08552152744732e+38; -2.859071941672799e+38; -1.6702551125040908e+38
45072,100000,-1.6441468849779343e+38; -2.0650279779596942e+38; 1.0151791205518461e+38
48075,100000,-1.1703340777691884e+38; 2.117486604982675e+37; 2.0372629818050634e+38
49193,100000,2.5091381090123244e+38; 3.3680579965559574e+38; -2.5644938754230907e+38
48795,100000,-1.6656282892253058e+38; 7.667031741553342e+37; 1.121365039318516e+38
47179,100000,1.778792066779968e+38; 2.419173313532801e+35; -1.2331751942092424e+37
53306,100000,9.085175792799706e+37; 1.6073069302943416e+37; -8.611371605615042e+37
55549,100000,2.023692630011548e+38; -1.6756283284562902e+38; -1.2536113191246778e+38
58806,100000,1.9997099483058303e+37; -3.2765837207712002e+38; -1.3756191399749642e+38
75706,100000,-3.021035500969991e+38; 2.4009476797045256e+38; -1.2119960739240013e+38
82725,100000,1.780375108849533e+38; 2.3299588404435527e+38; -1.8464071300274695e+38
51692,100000,-8.979528777656206e+37; 4.912616120726954e+37; 1.9972668813630464e+38
66789,100000,-5.166237511615816e+37; -3.226148872578472e+38; -2.764100167175988e+38
69326,100000,1.4635492675055792e+38; -3.2963406131420213e+38; -2.1129563259736033e+38
63233,100000,-8.889822722340695e+37; -1.8508731137980975e+38; 2.875547342993845e+38
46994,100000,7.573422843569849e+37; 1.0733103318927761e+38; -1.816022863496623e+38
59048,100000,9.163054160954848e+37; 1.1711604845484892e+38; -5.44586247279728e+37
49564,100000,3.0438118356585077e+38; 1.9870429496830497e+37; 9.23849306229491e+36
51710,100000,9.16528560630643e+36; -1.972364138851683e+38; -2.8221113066520645e+38
51021,100000,1.2380698213538316e+38; 1.5770188023850164e+38; -2.803907438384595e+38
58117,100000,-3.2018673802732682e+38; 2.3504414374299924e+38; 2.2037207174222326e+38
59557,100000,-1.2132156552134689e+38; -3.340117354734159e+38; -2.097002182579371e+38
63791,100000,-1.8404234135462e+38; 8.94639543332768e+37; 2.7909460786159354e+36
62723,100000,3.2241747856517485e+38; -2.2131607593240602e+38; 8.564944029146743e+36
67508,100000,-1.1942190489666407e+38; 3.36920516964314e+38; 3.2379038980064363e+37
60641,100000,-6.587804726543037e+37; 8.939108977677568e+37; -3.020874052989546e+38
62330,100000,-8.232880038820578e+37; -9.722808101196427e+37; -1.7990251901282827e+38
59797,100000,-8.1243965286940065e+37; -2.417945961545154e+38; -2.2510758845407425e+38
62528,100000,-2.387742005635684e+38; 3.213546194547147e+38; 2.273689807834358e+37
47851,100000,-7.067363540392497e+37; -3.3566542117563042e+38; -1.4931005354740037e+38
61416,100000,-1.2646165545756191e+38; -1.0974734763379425e+38; 1.747127371730843e+38
47538,100000,-8.978968983151145e+37; -2.721254388184658e+38; 2.6509009968165675e+38
49622,100000,1.7388032680054083e+38; 2.812016954216423e+38; -2.7422349183268674e+38
56436,100000,-2.652798010586797e+38; -1.5627331914168284e+38; 1.3877687089757436e+38
58361,100000,2.001690880545795e+38; 1.5884987983387553e+37; 2.7899514165724663e+37
53183,100000,-2.8771155789043995e+38; -2.7407744327173325e+37; -5.46052411963952e+37
65332,100000,-2.9171008282572785e+37; -2.7534928726014703e+38; -2.6954405598338985e+38
61582,100000,1.9792147255194123e+38; -1.3228061792562077e+38; -2.443817594763284e+38
54796,100000,1.4147057771703534e+38; 1.4900829185731724e+38; 6.535039023838657e+37
60071,100000,-2.929795892664348e+38; 9.380855802363181e+37; -3.2737867764868567e+38
58917,100000,2.220951841325111e+38; -2.843281477324068e+38; -9.91572937412649e+35
55379,100000,2.4318633453669877e+38; -2.1451996781687204e+38; 2.723358688181037e+38
47265,100000,6.942498435089296e+37; 1.333988987203229e+38; 7.352992601876882e+37
50369,100000,1.7972529131771157e+38; 1.4823948712129082e+38; -2.206693713021936e+38
58033,100000,3.2794855251131947e+38; 3.771429386738933e+37; -1.6668209963220485e+38
54585,100000,6.092090973444268e+37; -2.1463125739836728e+38; -1.770993277463268e+38
48260,100000,9.039990387154571e+36; -2.378770690219797e+38; 1.5786596746749639e+37
54221,100000,2.783857059546809e+37; -1.4397713874308342e+38; -1.0593258132951543e+38
52853,100000,-2.3880620620592297e+38; 5.73040693242811e+36; 2.362663820281249e+38
53197,100000,3.074005853187272e+38; -2.6302488388858413e+38; -1.460415432397719e+38
60158,100000,1.3798736796254742e+38; -1.810713385016603e+37; 5.920482519908251e+37
71779,100000,9.901481932117875e+37; -1.543912332249216e+38; 1.2717719858596914e+38
54263,100000,6.4274743068671305e+37; 5.320019755351183e+37; 4.515657419988365e+37
54171,100000,-3.3187323426384287e+37; 2.985566434351509e+38; -1.9933446689938923e+38
53454,100000,-2.8039380648230965e+38; -1.2228356020884809e+37; -1.3849805875395776e+38
75393,100000,5.342640219721896e+37; -1.1727512339337036e+38; -1.6052622605821974e+38
92144,100000,-2.5061046718320022e+38; 1.5807741919351806e+38; -1.3254421826203463e+38
79597,100000,2.7457348509280735e+38; 2.507519775550049e+38; 1.5968267557220147e+37
62096,100000,-7.174833437099126e+37; -5.665153350130761e+37; -1.6976141562305046e+38
61230,100000,2.9274307608804663e+38; 1.7007481941624608e+38; -7.490779376808449e+36
86263,100000,-1.1751218673211904e+37; 1.4187318354766783e+38; 7.136173136153606e+37
54077,100000,-1.9197896992698653e+38; 1.0909783388985171e+38; -2.6490666556920133e+38
59039,100000,-2.521227236432485e+38; 6.074353499185634e+37; 2.6697036018155368e+38
64343,100000,-1.5588740573415416e+38; -2.6043739604821747e+38; 2.671982127710411e+38
64253,100000,-2.034228124856069e+38; -2.182950515867613e+38; 9.348432342370783e+37
60445,100000,-2.516022770128188e+38; -2.196368952413197e+38; 2.938315518818362e+38
56255,100000,3.0236722142184657e+38; -1.9623541612399927e+38; -2.8186505191013934e+38
61046,100000,8.037901685878994e+37; 2.7205465320894906e+38; -1.862651717527226e+38
51399,100000,-2.0842591502735886e+38; -1.9464276019228213e+38; 5.960752737116061e+37
68503,100000,-1.7459238135449623e+38; 1.0082143439180482e+38; -1.4579841799585293e+38
48776,100000,-2.38281013491646e+38; 3.060126600295493e+38; -5.2144585601533176e+36
47850,100000,-3.1271131116693774e+38; -4.472967004254599e+37; -1.7920024058030184e+38
66620,100000,3.2324790126157716e+38; 2.8974221245754795e+38; -3.2303674109519354e+38
57300,100000,2.7766375358483893e+38; 2.8531149979722064e+38; -1.7972233008590943e+38
65743,100000,-1.6181915868201892e+38; -5.9938495731073e+37; 3.2017343276662683e+38
68606,100000,-1.6307737098970315e+36; 2.64955911259719e+38; -8.078165311303683e+37
67272,100000,3.0859394652317964e+37; 1.6596067460501257e+38; -1.6205208187390726e+38
66834,100000,-1.9294210042942554e+38; -2.6920582652083935e+38; -2.5325892394683545e+38
67454,100000,2.9470204247841052e+37; 1.7969314369848978e+38; 1.120126189739925e+38
66946,100000,7.480736288163081e+37; -2.574926335626825e+38; 1.9862867961000136e+38
51971,100000,2.4632383061949245e+37; 1.4431773110635275e+38; 1.3054099565391556e+38
48678,100000,-2.565816694177441e+38; 2.353671208335278e+38; 1.7372658613574515e+38
55749,100000,3.139946603521992e+38; 1.7973853573118275e+38; 2.87013092550919e+38
50249,100000,2.187910173487994e+37; 6.131060581136244e+37; 2.1368453536529763e+38
52752,100000,1.4817945118886401e+38; -4.454095236238881e+37; 1.5895679348549878e+38
56178,100000,-2.6065776442856115e+37; 1.959822916521457e+38; -3.2408544308375035e+38
50304,100000,1.4428033034304361e+38; -2.56645538725586e+38; -1.085867881562733e+38
54716,100000,-2.5677698902222725e+38; -9.82913254882069e+37; -2.096514187804307e+38
56108,100000,-2.5856545133625805e+38; 2.9052377482921506e+38; 7.338507411998194e+37
54162,100000,-8.312665460538703e+37; 2.4954547841973168e+38; -8.813298205026597e+37
64958,100000,-1.6045225357509402e+37; 3.39938864031891e+37; -1.961145329627615e+38
63966,100000,-1.0357132348586791e+38; -1.2880998326508711e+38; -3.53824404470647e+37
56091,100000,2.4478763077490707e+38; -3.1713981304461825e+38; 2.6327762299465523e+38
58150,100000,-1.5365243631390378e+38; -1.2584961346536212e+38; -2.2952613166863937e+38
51077,100000,-2.5632371773240484e+38; 1.8241169646971523e+38; -1.6210570856489931e+38
50220,100000,1.4759470931999074e+38; -2.079278601771316e+38; 2.071313496695866e+38
59601,100000,8.482191417668664e+37; -1.111655951253296e+38; -7.574379159182661e+37
47470,100000,-2.9119086328107917e+38; 1.5541705665544548e+38; -3.386645962955296e+37
54357,100000,-2.3320183163147075e+38; -1.627726854635106e+38; 8.458594862335776e+37
57167,100000,-1.8952244560543066e+38; -3.2666205955256945e+38; 3.2452881655768617e+38
60331,100000,3.353002972379455e+38; -1.1912089365573627e+38; 6.408014856033147e+37
64815,100000,-2.200256076213737e+38; 3.2219631917085663e+38; 1.3235809673030672e+38
62375,100000,-1.7465195079150216e+38; 1.6515698412446787e+38; 1.062984252927413e+38
61045,100000,-3.39104587677664e+38; -2.3352225313838924e+38; -2.2050806529861575e+38
52547,100000,3.3831434443468654e+38; -1.5448551600596417e+38; -2.769893634655175e+38
57225,100000,-1.2769529245688482e+38; 1.8542391824959195e+38; -1.407644253442746e+38
50747,100000,2.24178552682179e+38; -1.6444807334400104e+38; 2.89982417034484e+38
55861,100000,-6.629469866471338e+37; -4.8138828719570975e+37; -1.719671682322668e+38
50853,100000,2.0637252387908517e+38; -2.4491235238216233e+37; 1.6556919367604768e+38
57884,100000,-2.696053240722001e+37; 1.1859361185327014e+38; 2.3591176437861465e+38
64973,100000,-2.39603994505273e+38; 2.3929332883737387e+38; -3.2199319083867606e+38
67916,100000,1.9780561942828517e+38; -1.6473146931218806e+38; -1.113161108869983e+38
59810,100000,-2.471128670590985e+38; 1.1226497271428113e+38; -3.8124523348731587e+37
55465,100000,1.3088360611694045e+37; 1.4675883065540504e+38; 2.5789122347621346e+38
58894,100000,2.403399620201511e+38; -2.194525687028417e+38; -3.0371567714193575e+38
60378,100000,1.8872242624102422e+38; 1.586308247395537e+38; 1.427023081698555e+38
54354,100000,-3.1817624417536485e+38; 2.7713566048598865e+38; -2.629275891697154e+38
50939,100000,-2.9323867676671186e+38; 4.940450685546525e+37; -2.4692381471918287e+38
51543,100000,-1.9771092085784572e+38; 2.294690164031955e+38; 2.826719875762206e+38
59798,100000,-2.0248491330071484e+38; 7.218911676710022e+37; -2.8753834611242476e+38
52194,100000,-7.050698882798245e+34; 5.681345685072777e+36; 2.679997533161678e+38
48794,100000,-6.981216033841947e+37; 2.782991000656733e+38; 1.7982349874501245e+38
47735,100000,2.556242585548133e+38; -2.65473579200033e+38; 1.5826408581500406e+37
62659,100000,1.6979185951986554e+37; -1.0995263604259761e+38; -2.0826209400499017e+38
56530,100000,3.18198189742556e+38; -3.230148563752312e+38; 1.2927490679922682e+38
54129,100000,-1.2833184574109063e+38; -1.694289565060322e+38; -2.094981648934655e+38
55149,100000,1.5355344801383316e+38; -2.669126313732193e+37; -1.0960972134342867e+38
58914,100000,-2.37351196846981e+37; 1.9361606461814528e+38; 1.956945653895083e+38
56623,100000,-6.990773612307428e+37; -1.2536697324643363e+38; -5.9488728227509625e+37
55555,100000,3.2071994229339722e+38; 6.219867618646073e+37; 5.354269646328389e+37
53133,100000,1.2390636594244106e+38; 2.4596656611552893e+38; 4.3152692413452465e+37
53468,100000,2.537235128212167e+38; -3.146316902730307e+38; -1.3364505618447762e+38
55738,100000,2.0803692883477523e+36; -2.5992122900621414e+38; 1.7711174058100422e+38
52211,100000,-1.7791295660757727e+38; 1.9772206857722413e+37; -8.427971973255943e+37
51248,100000,-1.338137247027416e+38; -1.2870972731441626e+38; 1.7575379269322053e+38
47291,100000,-9.134525937726831e+37; 1.6932473534428384e+38; 2.428720383174806e+38
54365,100000,1.3652015873422886e+38; 2.3555635571512986e+37; 2.7594534671357915e+38
47908,100000,3.0387734822888646e+38; 1.8360521993344451e+37; 1.9290275255479445e+38
51583,100000,-1.0975734686172885e+37; -2.9570406450126453e+38; -2.1147726157536103e+38
48824,100000,-2.0553723340437798e+38; -1.955001787758669e+38; -2.8489648113191072e+38
46960,100000,4.389886705096361e+37; -6.626219103272113e+37; 2.853317822068243e+38
46015,100000,-6.448783513456967e+37; 2.3999128711665473e+38; -3.2236204673972807e+38
57400,100000,2.7622033562298546e+38; -1.4444057785837026e+36; -1.8348055917341807e+37
45068,100000,-2.0012724544356716e+38; -3.351071884161091e+38; 2.959176433449934e+37
45288,100000,3.1911043167929944e+38; 1.0633690102375943e+38; -2.320690184902876e+38
57270,100000,8.70667053537876e+37; 2.2103394761481923e+38; 5.070508594768501e+37
72107,100000,2.7554947464293507e+38; -1.2232504787769235e+38; 1.1034264649686623e+38
59173,100000,-2.221274990816121e+37; -1.7704426100425287e+38; -8.620512887623408e+37
53657,100000,2.293084811311826e+38; -3.1315902507652874e+38; 1.2972852289001249e+38
58867,100000,9.374170720157817e+37; -9.73693201065405e+35; 1.2195527926820818e+38
53295,100000,-2.905678687876934e+38; -2.846792159602364e+38; -1.226457837619597e+38
47961,100000,-1.927146737705398e+38; 7.09720606376283e+37; -2.9681570280682147e+38
46665,100000,-1.4156457654434346e+38; 1.5624459924968407e+38; 1.636591078928286e+38
50072,100000,-3.364578701306523e+37; 1.6782726476083663e+38; 1.204840744051977e+38
57781,100000,9.115437147928355e+37; -2.309332441173023e+38; 2.0582656197737407e+38
61242,100000,3.158242351104966e+38; 2.5033845471740325e+37; -5.697336463569356e+37
48342,100000,1.7413712238853267e+38; -1.2239103669733784e+38; 6.828482897743329e+37
65223,100000,2.427815382058291e+38; 1.3764440255735447e+38; 3.389166914350958e+38
68941,100000,-2.9996809631946903e+38; -6.617091004829989e+37; 7.959162329436178e+37
65177,100000,1.362543780387826e+38; 1.6547939330752752e+38; 7.748617227123791e+37
65856,100000,4.255879810724554e+37; -1.766167078098079e+38; 2.1830513194433433e+38
59122,100000,-6.895842301217776e+37; 6.06894215230338e+37; 8.549618767215284e+37
55515,100000,-2.3925223667551687e+38; -1.62668271618871e+38; 3.9697657461205216e+37
48142,100000,3.3777349370019556e+38; 1.424034367231409e+38; -6.090563200940873e+37
81723,100000,3.0433512221364088e+38; 2.1405328985430162e+38; -5.767463401834221e+37
103862,100000,3.3401585280256543e+38; -1.0082781320962517e+38; -3.1035108772618e+37
70839,100000,-2.0172791292707775e+38; -2.8967572671886718e+38; 1.6204358354428333e+38
70464,100000,-2.097085746106938e+38; -2.5302125467109986e+38; -9.445657086926368e+37
55790,100000,7.97567119673307e+37; 4.2368422340103264e+37; -3.1777533699653667e+37
47161,100000,3.1886288487008687e+38; 2.093314232041139e+38; 7.681449872715278e+36
60341,100000,-3.2422314036254954e+38; 9.913863329060424e+37; 6.786437969695199e+37
59206,100000,-3.023041431279792e+38; -1.9988499234326114e+38; 2.6362485784706975e+38
56490,100000,2.334604120715077e+38; 2.381431336711604e+38; 1.3135532425829738e+38
50467,100000,2.028301427298798e+37; -2.347774097743016e+38; 1.1221561547051064e+38
56227,100000,6.949757509486443e+37; -3.004067845567864e+38; -1.4311903309287333e+37
60573,100000,1.7290894135739314e+38; -1.2189275874060492e+38; -2.22550017167873e+38
48591,100000,1.9945518780135016e+38; 3.0012706984594245e+38; 2.043004729139761e+38
64026,100000,-2.6868189131595782e+38; 3.276560801648348e+38; -2.362508051375493e+38
50361,100000,2.8364298765358584e+38; 5.561153773707317e+37; -9.848725483262877e+36
58237,100000,-3.180021399713271e+38; -2.7073649940880774e+38; 2.190053415710812e+38
56850,100000,1.986694472533047e+38; 3.310329999517948e+38; -1.7277968156098907e+38
59495,100000,1.9873147086187266e+38; -1.911040070590946e+38; 3.6057494815300637e+37
55756,100000,-1.5784667382536091e+37; -2.132173097776679e+38; 2.59200615275406e+38
63987,100000,-4.838774459143179e+37; 2.2090533685552247e+38; 6.9716493282921445e+37
55131,100000,2.462651637497139e+38; 2.265940913245283e+37; 1.1075992665084696e+38
49564,100000,1.911578568565923e+38; 1.3927834333381985e+38; -1.2886977580859868e+38
60590,100000,2.0025496377684135e+38; -6.299919246990245e+37; -2.4045346238429314e+38
53943,100000,3.0594530214725558e+38; 2.910905262007699e+38; -2.177050971386199e+38
47276,100000,2.1596517063077064e+38; -2.1667105933220653e+38; 2.076618360927701e+38
55900,100000,-4.2465856500538006e+37; 1.1733878987711622e+38; 3.1131099332549202e+38
47477,100000,6.0571423534562155e+37; -1.590513297966614e+38; -1.9010334902828645e+37
56456,100000,-3.8381689090698687e+37; 2.4519800476841776e+38; 2.8957431467084892e+38
49130,100000,-8.272538234318598e+36; 8.183995375193857e+37; 2.6401651117651626e+38
46881,100000,-2.254893439676342e+38; -2.772170740781377e+38; 2.4280849352819235e+38
62618,100000,1.5957427876937595e+37; -1.7466317456991658e+36; 4.900647977880079e+37
53055,100000,3.242301580762724e+38; -2.804624015915892e+38; -2.192524624496921e+38
55712,100000,-3.341606083599067e+38; 2.614489406623804e+38; 5.832731688878532e+37
51936,100000,-3.2776911403355596e+38; 1.7845879681483075e+38; 2.3948092084379804e+38
50086,100000,-1.1711856347363977e+38; -1.0124080363397472e+38; 3.2657054532043777e+38
64569,100000,2.0529110889913887e+37; -1.4352939440987801e+38; -9.383443837828607e+37
63222,100000,-9.428368360980215e+37; -8.96572051319804e+37; -1.1452910823954156e+38
61601,100000,2.5173271825958227e+37; 2.8259396114647537e+38; -2.3699920576951443e+38
61483,100000,4.424858142795217e+37; 1.0138552876770158e+38; 1.3165016964670566e+38
70803,100000,-1.7709590001910377e+38; -6.403917809293209e+37; -9.012613444201682e+37
61241,100000,-1.5668066091495778e+38; -1.0521877741773172e+37; 9.16917944865515e+37
62252,100000,1.277446091358361e+38; -5.001182811682979e+37; 2.380082150824769e+38
63073,100000,-4.313852515034431e+37; -1.0465979927965748e+38; -4.774911743084401e+37
62442,100000,2.772865413310302e+38; -2.720798033968576e+38; -1.9523320141825403e+38
63010,100000,-6.11665398559477e+37; 1.8188094637520687e+38; -1.2127016989541123e+38
62904,100000,1.9257176391247246e+38; 2.1905436415509322e+38; 1.6627808417410491e+38
62024,100000,2.580902953264733e+38; 1.7647375738692136e+38; -7.414807301625931e+37
67321,100000,1.9802487227610065e+38; 1.0215518536493135e+38; 1.7982076061971595e+38
61862,100000,3.3310214546172813e+37; -4.732230454434957e+37; -1.8162538801420086e+38
61191,100000,-2.55913607410219e+37; 1.2260676040588227e+38; 6.151806443799339e+37
61950,100000,6.026392572551299e+36; 2.623505343340819e+37; 2.986121158254169e+38
59214,100000,-4.678888224237593e+37; 2.916225135222641e+38; -3.3163800394786212e+38
61092,100000,1.9817502295439648e+38; -1.6262181475967384e+38; -1.715357613799971e+38
60071,100000,3.280348135993638e+38; -2.1366790378942264e+38; 2.7493727039145845e+38
60835,100000,-5.577266626956698e+37; 3.087137090812868e+38; 5.777236797814391e+35
47742,100000,1.912616419465342e+38; 7.447351949015711e+37; -5.582223647863831e+37
54028,100000,2.9488216041689575e+38; -7.666882665842755e+36; 1.817683992843162e+38
52396,100000,1.216670890454511e+37; 1.4783625253596062e+38; -3.2267575476906775e+38
50647,100000,-5.705938740542504e+37; -2.974756518505051e+38; 3.345894393461567e+38
49740,100000,-1.0447519892864985e+37; 1.440941479640869e+38; 4.559642867575324e+37
58782,100000,-1.5029741138811093e+38; -1.0586469610457201e+38; 3.0462384231434886e+38
52632,100000,-3.0819202522387128e+38; 3.3098841921548597e+38; -1.892271742864207e+38
51564,100000,-1.203485803031417e+37; 3.788671209612877e+37; 5.180160371688243e+37
53879,100000,1.9226681027817796e+37; 3.270528204559934e+38; 8.792299826363937e+37
48511,100000,-1.299952061526861e+38; 2.9646390441224613e+38; -1.5476597102475866e+38
56203,100000,1.8975622065852235e+38; -2.761878837676196e+38; 1.3814185907649843e+38
68516,100000,-1.0196691389778545e+38; 3.4018568067435786e+38; 2.5721419664364357e+38
51328,100000,3.2127488930256273e+37; -1.1745777663305605e+38; 3.0469586515085143e+38
70110,100000,1.324201811861035e+38; -5.67186872918547e+36; -1.8637276993567e+38
62559,100000,-5.561544210092187e+37; -8.533530759917668e+37; -2.7537447801287477e+38
49339,100000,-6.151460628715597e+37; -3.2069385911464692e+38; -3.0524600522894087e+38
53563,100000,-8.882773190587766e+36; -2.07443637930254e+38; -2.895115000483064e+38
54639,100000,2.2837463842821126e+38; -2.1406385698970512e+38; 1.1302646564164543e+38
53688,100000,1.1236166910206654e+38; -4.255000061207996e+37; -1.2682098876730501e+38
57838,100000,9.658135609934223e+37; 2.259404247572194e+38; 3.2347559159178775e+38
64530,100000,1.3398746382340647e+38; -2.1346787866591142e+38; -4.432583712613248e+37
27227,100000,3.3781168547747924e+38; 1.2502459603111918e+38; -2.6666469159232065e+36
54439,100000,-8.187368846971184e+37; -1.7667601357548897e+38; 2.2465644681726023e+38
52607,100000,1.3917391934797545e+38; 2.634835300169515e+38; 3.1850552909528013e+38
59718,100000,1.1863234111440832e+38; 1.0934405220123524e+38; -1.7003815896088748e+38
50403,100000,4.307858555936312e+37; -2.9021726705528468e+38; 3.1672647781930543e+38
56081,100000,-6.379134225938267e+37; 2.0051212444820605e+38; 3.0600412113510617e+38
50835,100000,1.0440870304876427e+38; 3.175488078342759e+38; -1.8366162024394987e+38
50906,100000,2.616899565357006e+38; 1.862789232264339e+38; -2.3242799685786263e+38
56117,100000,2.3508900843304252e+38; -2.2247921127594664e+38; 3.2270392703600722e+38
65269,100000,8.480995262562289e+37; 5.415724333306974e+37; 2.574282369121909e+38
79115,100000,1.6917541370948055e+37; -1.502083614687461e+38; -2.831167808188287e+38
62624,100000,-4.571763128494226e+37; -2.764077653701328e+37; 9.8363064370975e+37
62824,100000,1.996436316689777e+38; 3.297944140445286e+38; -1.193999086234489e+38
62937,100000,1.7083510554023897e+38; 1.7176719508243018e+36; -3.293967571218394e+38
68140,100000,-5.012092719808783e+37; -3.1255533943708565e+38; -2.6805818186763353e+37
63757,100000,-1.9916458143654904e+38; 1.3326690333392354e+37; 4.752865270905472e+37
63116,100000,-3.000840102903539e+38; -2.1914109173855844e+38; 1.9233135651144038e+38
53134,100000,-9.317317097797821e+37; 1.5372395209016625e+38; -2.8225986929548402e+38
48855,100000,2.4181477715207104e+38; 1.4335761254173988e+38; 3.098356305685128e+38
61081,100000,-1.856035798338611e+38; -2.5215197087789696e+38; -2.690027590358876e+37
49961,100000,-2.7316657546824045e+38; 2.2147732108875505e+38; -2.4598938382633304e+38
86416,100000,3.2683581895564393e+38; 3.874095648261057e+37; 2.5710152785829528e+38
55820,100000,-1.513019484297558e+38; 1.752758985581393e+38; -9.62373765736691e+37
56210,100000,-1.4251185634367721e+38; -3.2520862208037177e+38; 1.7106180203237898e+38
54283,100000,-4.705861800769489e+37; 3.2494245601914305e+38; -6.059344009018692e+37
63182,100000,1.5758304560063385e+38; 2.8346296098594383e+38; 2.25478249489581e+38
60583,100000,6.225611089985587e+37; 4.450635057160498e+37; 8.97993949645068e+37
58028,100000,-7.41474594733688e+37; 1.3574436670809399e+38; -2.145385870688882e+38
48992,100000,2.7886268738133e+38; -3.1865503073646865e+38; 1.6588832724995634e+38
52605,100000,2.732939895653706e+38; -9.999785067039074e+36; -5.6885658425964965e+37
48092,100000,3.0338915062972656e+38; -2.8939937888801743e+38; 2.453098622573819e+38
48234,100000,7.335525897786457e+37; -1.3133070141303854e+38; 1.9772006822457697e+38
50963,100000,1.135640382316842e+37; -3.2315555545065173e+38; 1.6426584096431463e+36
48398,100000,-1.1972748221505389e+37; 3.244328199130321e+38; -8.779495541181151e+37
55299,100000,-7.364451656242705e+37; -4.2386316495976086e+37; -2.490579704224983e+38
51015,100000,1.1606033889377405e+38; 5.309179821538511e+37; 1.431650006389388e+38
48932,100000,-2.1433687850537988e+38; 3.1838162385501143e+38; -4.961898319581906e+37
50546,100000,3.7163735464601805e+37; 6.4587391342109195e+37; -2.668765540371368e+37
53333,100000,-2.2214323316086215e+38; 2.9135573898874725e+38; 2.3507527724174085e+38
60400,100000,1.1104696331155783e+38; -2.744721947392467e+38; -1.7125975835011062e+38
51867,100000,-2.778767797329061e+38; 9.606392140673867e+37; 2.832234257285247e+38
48651,100000,-3.042152734552929e+38; -6.652739875009608e+37; 3.004133357750884e+38
48866,100000,-2.164949066047988e+38; -2.0410193537844427e+36; 1.0317103999113504e+38
50784,100000,-3.1787971534695946e+38; 3.355203816645547e+38; -2.4631388209758186e+38
50769,100000,-3.1151832011646055e+38; 8.072470517747218e+37; 2.9955934491872664e+38
57317,100000,1.0870786249506721e+35; 2.709484303067563e+38; -3.116919172602582e+38
48214,100000,-2.3541452082477153e+38; -1.1096076307074231e+38; 2.6775739880381378e+38
49297,100000,-4.8648649268844264e+36; 2.538846565655177e+38; -2.567361402492855e+38
62213,100000,-3.1785971689109026e+38; -3.1581273498425132e+38; 8.359163771910494e+36
55249,100000,-2.793987514671545e+38; 2.957076950525836e+38; 1.3696601680334113e+38
49205,100000,-1.873610100611983e+38; 1.3932539852410032e+38; 2.807516693173565e+38
50545,100000,-6.80983068681157e+37; -1.632859622621454e+38; 2.220152917210823e+38
48280,100000,-3.061709845189154e+38; 1.8381205487598015e+38; -1.0595541932272915e+38
50776,100000,-8.739427641009137e+37; 2.591177413497655e+38; 2.9772488209971476e+38
52277,100000,-2.643749824838512e+38; -2.3390273086014414e+38; -1.706592367665657e+38
48015,100000,-3.0556904316669823e+38; 6.255833908535988e+37; 1.012745332811456e+38
50533,100000,1.8578599729053514e+37; 1.3693593798989892e+38; -1.959229047568262e+38
51325,100000,3.183891891937936e+38; 5.891076575404637e+37; -2.502320785496345e+38
50394,100000,-1.4583667062036542e+38; -3.3780395787942025e+38; -9.641672378058939e+37
66975,100000,9.235125675240464e+37; 1.1991870889266156e+36; 2.8720451793275826e+38
50805,100000,1.0595631555170351e+37; 2.639688677963573e+38; -2.6186525740190495e+38
50938,100000,-9.362551054460945e+36; 2.9031419669078053e+38; 3.3636090500093964e+38
52553,100000,-1.830475094459705e+38; 2.8576093771162796e+38; 2.2095235148098374e+38
55318,100000,-2.228250466420985e+38; -1.790389548591336e+38; -6.667373126478402e+37
53022,100000,-5.559676200167691e+37; -1.963766425420695e+38; -1.8619655636103346e+38
45428,100000,2.6964017432250155e+38; -1.0395435679123287e+38; 2.7292983918334663e+38
51478,100000,-3.125283435499032e+38; -1.724659735316494e+38; -1.3406106868785812e+38
48456,100000,9.783347037381406e+37; -3.0314411883930485e+38; 2.1207603887168004e+38
46403,100000,-2.8965739142058548e+38; 2.732962409128366e+38; 2.7988183789909428e+38
54121,100000,3.2337937184062803e+38; 2.5408165960999798e+38; -2.3022711202695118e+38
49083,100000,-2.3045147604198677e+38; -3.183324998589514e+38; 3.014676154262862e+38
52667,100000,2.1733108950552856e+37; 1.1154021123070904e+38; 3.0204489336842534e+38
54052,100000,-1.3924765604808952e+38; -5.746024387822921e+37; -2.2851856240675877e+38
49614,100000,-2.110304603742022e+37; 2.566072861010735e+38; -3.1482919023654624e+37
47018,100000,2.9815320602572468e+38; -3.1271510397753362e+38; -2.309526138184738e+38
55332,100000,-2.965643226221938e+38; 2.24549659930697e+38; -1.75850844023174e+38
56390,100000,2.6931591944016798e+37; -2.8942678042339196e+38; 1.8544612748810795e+38
52580,100000,1.7898542958018956e+38; -3.173234296987601e+38; -2.084439866543157e+38
52150,100000,-9.979854176946865e+37; 9.705155305997888e+37; 2.0559690425343192e+38
51706,100000,-1.4999943236741889e+38; -1.158967815427302e+38; -3.7870460815433845e+37
47862,100000,-8.785231406617064e+37; -1.325273838620636e+38; -2.4790014907027385e+38
52597,100000,7.390145412728611e+37; 1.711657696640073e+38; 1.2800112077009348e+38
47913,100000,3.4828776300306616e+37; -4.319602071096827e+37; -2.0082994980669528e+38
51855,100000,6.456866053684022e+37; 1.0274513981307276e+38; 1.2081098628318936e+38
48956,100000,2.614996111921727e+37; 5.00879733530843e+37; 1.0097441446624036e+38
48787,100000,-2.1148401561775905e+38; -2.1953390116535236e+38; -2.615183065032249e+38
50903,100000,1.130668149602507e+37; 2.641921365612743e+38; -1.5790578944345196e+38
46894,100000,-2.8803702971734975e+38; 8.010380484287799e+37; 3.1520517540457393e+38
53504,100000,2.716871105939189e+37; 3.3292177906372525e+38; 1.2744868877971882e+38
68068,100000,-2.6672194122872815e+38; -2.4536369177247e+38; -2.6783262626103372e+38
57561,100000,3.193184480721945e+38; -2.7616376798260087e+37; -2.0737049956122324e+38
62065,100000,-1.8537515933690478e+38; -2.271817487897821e+38; -2.2283591294304366e+37
80892,100000,9.328018097104708e+37; -1.754304099544999e+38; -3.438299936083276e+37
63280,100000,1.3623828394676211e+38; -1.5487485714071586e+38; -2.6151416889166574e+38
56188,100000,8.388795484986009e+37; 1.126136425471751e+37; -1.933313198697196e+38
56098,100000,1.2178662089114902e+38; 2.337963901865922e+38; -2.1698675503768737e+38
60400,100000,-1.807552181332284e+36; -1.5022525671594594e+38; -1.289687539674645e+38
52603,100000,-8.685416598355093e+37; -2.0268009092833078e+38; 1.0039361752603499e+37
62622,100000,-3.192929530833227e+38; -2.4658083917278512e+38; -5.18409008854895e+37
55707,100000,-4.8112223268773385e+37; 1.5518672961198641e+38; 1.0641294991856832e+38
52386,100000,2.6814765264699764e+38; 2.0125577139042034e+37; -1.9189567007074434e+38
55360,100000,-2.630386150798858e+37; 4.148278078355501e+37; 1.6051721052715092e+38
56257,100000,-1.638691322442744e+38; 2.1514247553242732e+38; -2.3619851708559108e+38
50192,100000,2.7298257344831612e+38; -9.18445311720718e+37; 6.265496448471168e+37
54305,100000,-3.3923856313430094e+37; 2.2818956144057793e+38; -8.855955154784517e+37
61108,100000,2.2467593821288934e+38; -1.757797212185976e+37; -1.666262824409756e+38
49855,100000,-2.2117679662565775e+38; 1.70699801585773e+38; 7.567690020495376e+37
47738,100000,-2.5167997892401038e+38; -3.3391756424562614e+38; -1.4272793752969092e+37
47363,100000,-3.1326684636598176e+38; 2.1685885416272674e+38; -8.155229340713238e+37
52245,100000,1.869860491548556e+38; -6.746913638100563e+37; -3.3252016707116335e+38
47113,100000,-7.703533487056794e+37; 1.0424230616037592e+38; -2.242890715321093e+38
56552,100000,-2.7530718097780985e+38; 2.5075394494873645e+38; -3.8794687120951844e+37
47649,100000,-1.880940771915031e+38; 3.0766975317657725e+38; -2.0867964036559694e+37
48134,100000,-1.2580536738881176e+38; 3.7034863569281403e+37; 1.6052496854882432e+38
54198,100000,-1.3497190099713411e+38; 2.4379943121419795e+38; -3.1124546086006262e+38
59555,100000,1.5498457483546682e+38; -2.8416634480979366e+37; -2.8275256958957593e+38
60546,100000,-2.0826310305486795e+37; 2.78919437563401e+38; 1.2103126339268982e+38
53881,100000,-1.5720546826345227e+38; -2.169585269941215e+37; -2.162759174283082e+38
47767,100000,-2.9271169920038978e+38; 7.759717282839629e+37; 2.1183058115065664e+38
48458,100000,-2.08290144577472e+38; -1.4635959170476676e+37; -7.932146666904354e+37
54919,100000,3.2137660558672505e+38; -1.916283884769874e+38; 2.420190412991894e+38
51279,100000,-3.191696968801613e+38; -2.9516992724435236e+38; 2.666889011834838e+38
60775,100000,1.3131733276980854e+37; 2.023491834156472e+38; -2.8711659368712643e+38
60088,100000,1.7741749790577927e+38; 1.5204313866510684e+38; 6.486324732452606e+37
51843,100000,3.0807789610503153e+38; -3.043681014116564e+38; -5.56344910864915e+36
60722,100000,2.6807717127362495e+38; 4.675327710614202e+36; 1.2931101962952612e+38
54615,100000,3.0794040165032838e+38; 1.584497839514315e+38; 1.76859467970354e+38
46307,100000,1.555032264726466e+38; 2.533079870956667e+38; -7.232860396854693e+37
56366,100000,4.698405479938947e+37; -2.346200689818013e+37; -2.7376358819492394e+38
79938,100000,1.808181075471563e+38; -1.0151710075880047e+38; 2.7435755856016688e+38
51148,100000,2.5119892073303097e+38; 3.1321135369330616e+38; 1.490747471723836e+38
50066,100000,1.399062106761129e+37; -7.27644121037006e+37; 1.5959018271380642e+38
65804,100000,-1.3426835491400744e+38; 3.8411329297033224e+37; -2.567906593663001e+38
56724,100000,-8.458958931588162e+37; -1.2950881368798093e+37; 4.375649467675077e+37
50673,100000,3.866748091852014e+37; 2.8430500043244663e+37; 1.4346885141721111e+38
59679,100000,-3.0637958910168896e+38; -1.6510261712552528e+38; 2.4177599718490885e+38
46941,100000,2.4875002259748607e+38; 3.21887418072593e+38; -5.249703176556523e+37
55205,100000,2.156534097127529e+38; -2.6524503700861905e+38; -2.4581075664495368e+38
51810,100000,-2.430986333975726e+38; 2.187610399474052e+38; 2.776180370335923e+38
50163,100000,1.0718863039145038e+38; -1.5152847252141418e+38; 7.36309019949806e+37
56604,100000,-3.2727130257224394e+38; -1.5924652770668694e+38; -1.5734642086899285e+38
52374,100000,-2.7742328533657804e+38; -2.162298560760983e+38; -1.929951389305391e+38
51348,100000,1.696739375904299e+38; 4.0822892587100205e+37; 2.8485279282162445e+38
59840,100000,-1.873948816852364e+38; -2.942520670801487e+38; 1.6875721324116406e+38
53880,100000,2.355909575059137e+38; -5.816820772369768e+36; 2.1029502020197378e+38
56401,100000,1.424984293885196e+38; 2.248624045455805e+37; -8.961655918313468e+37
50095,100000,5.872366052545268e+37; -3.3613704804614414e+38; 3.055389440708464e+38
49772,100000,-2.3598881725269892e+38; -1.3418672835655755e+38; -1.2224100771349962e+38
57719,100000,-3.3589288839933538e+38; -2.1931174793296356e+38; -2.910687834576748e+38
47420,100000,3.3431578907578423e+38; 2.110009900330481e+38; -3.0482530748894193e+38
56325,100000,-2.7401681407882553e+38; 2.8001168588537685e+38; -2.7429133649281096e+38
37435,100000,1.1039063467798847e+38; -3.3246966387125025e+38; -2.8669119042809944e+38
47522,100000,-1.8039353586692308e+38; -2.141153540276888e+38; 1.1901687531808395e+38
51161,100000,-1.0358501411235038e+38; 1.5829618526350304e+38; -1.801110019011442e+38
54134,100000,-2.90450190247173e+38; 1.8629383079749257e+38; 3.094102881567146e+38
67817,100000,1.8200512796330643e+37; 2.341708034678756e+38; -1.1323228139309848e+38
73810,100000,-2.6653585012061465e+38; -3.308213124427615e+38; 1.5201305985166462e+37
56115,100000,2.491757402338619e+37; -8.550220140660032e+37; 2.132049780726289e+38
46115,100000,1.864383835307378e+38; -1.2457951883477665e+38; 2.1268862848893913e+38
46053,100000,-3.573058927556198e+36; -1.4719392890622258e+38; -1.7423829104763568e+38
47262,100000,1.9636966539316584e+38; 3.695920257555618e+37; -3.1309533831037328e+38
61874,100000,1.0260194600127098e+38; -2.16223730788398e+38; 2.3753371318040187e+37
65582,100000,-1.9821335670854738e+38; 5.065468923042233e+37; 1.6402031732546002e+38
65984,100000,2.6222883987646e+38; -2.542432749203223e+37; 1.914611194449861e+38
58767,100000,4.520104845354205e+37; -2.67278713654758e+38; -1.6481702051589626e+38
50578,100000,1.7683796861617413e+38; -1.4618491959326012e+38; -2.374473050448879e+38
50097,100000,1.1612148021752426e+38; 2.4551445092305393e+38; 1.8264666818497353e+38
52654,100000,-2.65441391015992e+38; 1.9235157807381522e+38; 1.1423818749739159e+38
58579,100000,3.126172210687864e+38; 8.279805928739827e+37; -1.2032920806666902e+38
53647,100000,6.97618143271808e+37; -2.0156457868253954e+38; -2.6952186702728345e+38
51121,100000,-7.651184080809529e+37; 2.7264233602721487e+38; -1.6714591777502116e+38
64283,100000,-2.1565513371756922e+38; -2.4882598022145174e+38; -2.9986321597940855e+38
49260,100000,2.143080166365139e+38; -1.739218043281803e+38; 1.6642944165577217e+38
49968,100000,-1.2180366825642088e+38; 1.7992955546482994e+38; -2.379243067539466e+38
49607,100000,-2.138509525360956e+38; -7.548360377082856e+37; 2.120286794452555e+38
58317,100000,2.567422959606002e+37; -3.1809121017310154e+37; 5.599583869303836e+37
51822,100000,3.051711631375034e+38; -1.2967563650697096e+38; -1.0548501953799646e+38
60403,100000,2.5700648448689257e+38; 2.9952208106168233e+37; 5.850083290294456e+37
65174,100000,-2.290758621754383e+38; 2.701575988739003e+38; 2.4677707148570045e+38
60915,100000,-9.26909566896514e+37; 3.1094570712853025e+38; -1.7274954190031804e+38
46401,100000,-1.3236971855100961e+38; 1.6233964587726783e+38; 7.798950942151633e+36
60900,100000,-5.599109767979351e+37; -2.8988544683416894e+38; -2.4461518972845683e+38
53681,100000,2.3671103329386575e+38; 3.7116398855888083e+37; 3.2927427165024295e+37
47532,100000,-6.966864454336523e+36; 3.1899449742600497e+38; 5.755982036817834e+37
56578,100000,1.6414078469730091e+38; -2.5368765352103744e+38; -1.7535445233053424e+38
52775,100000,-1.4506796729638702e+38; 2.5370728689353378e+38; 2.2590740499438465e+38
48305,100000,-3.2166806381272952e+38; -2.5575905544903918e+38; -1.1624204900141316e+38
51229,100000,1.257756637999472e+38; -9.361313700710063e+37; 1.5182006258308107e+38
60096,100000,3.1786920905878477e+38; -3.282676353792041e+38; -1.4463755428218793e+38
52774,100000,-8.263654538912199e+36; -3.3190690813438734e+38; 3.182843088537331e+38
46752,100000,-1.5931335824633098e+38; -5.315155526467987e+37; -1.237221813808303e+38
56487,100000,8.830926661333611e+37; -1.7051600492524592e+37; -2.933072718759914e+38
55783,100000,-1.5434922835463243e+38; 1.3845691588607676e+38; -1.3143938470489971e+38
57577,100000,3.18778084115534e+38; 1.193493344351022e+38; -1.0323096817326083e+37
48712,100000,3.320155204378149e+38; -1.6903937198236526e+38; -1.994898326922544e+37
57977,100000,-2.9378250901541457e+38; -8.758453555337843e+37; -2.397205625838676e+37
55783,100000,2.4114239499130038e+38; -8.830670088852125e+37; 1.076686440383352e+38
60607,100000,9.924103917669308e+37; 2.1217889097078015e+38; 3.057304505823241e+38
59054,100000,-1.1929360851471617e+38; 1.1232558669538164e+38; -1.1112468550515903e+38
56317,100000,-2.7007898425427656e+38; -3.2583788383832506e+38; -8.224181420401812e+37
58159,100000,-2.0649292026249244e+38; -1.3876190247928687e+38; -1.173975885825572e+38
51236,100000,2.4471737250804002e+38; 1.2013216445736955e+38; 1.3431279367344904e+38
52863,100000,-4.601103155166628e+37; -3.281841935460947e+38; 2.5424935457260097e+38
60399,100000,3.1406485777183743e+38; -2.490239263979786e+37; 7.010007928394811e+37
46927,100000,-1.3087513821093092e+38; -2.1990586027507373e+38; 2.252127933126884e+38
50918,100000,1.3702504875649256e+38; -1.0824608423975116e+38; -1.3165344525585665e+38
52261,100000,3.0785399858541682e+38; -1.4327309574092147e+38; 8.692046284229227e+36
47285,100000,3.079999305225151e+38; 2.6109474894347183e+38; 1.7669372011907296e+38
51859,100000,-2.2138882893565432e+38; -1.330161899335116e+38; 1.1762721588288495e+38
48269,100000,6.482816382651414e+37; 2.7213026603195147e+38; -8.2836555300826e+37
49539,100000,-1.3358760625927528e+38; 1.1627299995846834e+38; -2.375350670312429e+38
53552,100000,8.528299926480886e+37; -1.13485152334832e+38; 5.721840656732007e+37
54200,100000,8.97166325921191e+37; -1.9302367628085142e+38; 1.641018221884523e+38
52100,100000,-7.041571921280253e+37; 9.883551267907767e+37; -1.6134337391753646e+38
50132,100000,-8.394550238415865e+36; 2.8886621011616383e+37; -2.1222673717503517e+38
49467,100000,-1.9010906613249347e+37; -2.689760673848492e+38; 2.060421437090513e+38
52038,100000,5.333623674532592e+37; -1.4013810453571384e+38; 3.2603764529051143e+38
57861,100000,-1.0914209010760688e+38; 2.972157936186631e+38; -3.367093593332316e+36
53893,100000,-1.1737769153873603e+38; -1.9943952978113614e+38; 4.550834217084458e+37
62045,100000,-2.6822715969264395e+38; -2.7103373812154925e+38; -1.4380289256217845e+38
77175,100000,2.533429539698234e+38; -8.227188287625553e+37; 3.1043065561905512e+38
52389,100000,2.480847798448959e+38; -2.323561362806369e+38; 2.432326798426431e+38
47828,100000,2.357420208926417e+38; -2.9284304808498303e+38; -1.154407721276113e+38
79316,100000,-2.48143061348892e+37; 8.120061163641226e+37; -7.917411496327301e+37
52416,100000,-1.2828590608333836e+38; -1.4874209537247411e+38; 1.851737752919501e+38
59768,100000,-2.6652960313845672e+38; -1.3859094204873769e+38; 1.437387190181925e+38
69874,100000,-8.51016542405426e+37; -1.1070942345093386e+38; 1.1204943154742312e+38
63254,100000,-1.4671625787764698e+38; -2.1877359475894987e+38; 1.7481230352182863e+38
47617,100000,1.1701090444346359e+38; 2.724126377384535e+38; -1.226430253542536e+38
58701,100000,1.1768758647507022e+38; -1.882928853704381e+38; 1.2136567976223483e+38
56137,100000,-1.9493060814937715e+38; -5.486178325426698e+37; 2.7613202601157116e+38
52541,100000,2.151513389454241e+38; 4.097960716020402e+37; 1.990488500073506e+38
53683,100000,1.1918888029272772e+38; -3.7854787583412623e+37; -2.8654961920906595e+38
47645,100000,-1.1022242251394058e+38; 2.55254855028702e+38; -2.8499823798089224e+38
50692,100000,-3.1593276628428573e+38; -1.1329522785130341e+38; -2.165264457517325e+38
53020,100000,-9.623441534186696e+37; -5.704493111798004e+37; 3.204632278350438e+38
57956,100000,-1.2278485010340714e+38; 6.608424331206349e+37; 7.241964156405292e+37
52030,100000,2.642110600494345e+38; 8.78349218999355e+37; 2.5878527209154242e+38
50562,100000,8.974243181713494e+37; -1.375312571353805e+38; 2.0880702150381148e+38
58108,100000,1.9632958735178902e+38; -2.132111236427388e+38; 6.647870321993891e+36
49791,100000,-1.909195791085686e+38; -3.0436952118032867e+38; 9.865222054348947e+37
57251,100000,2.2167105866528913e+38; 2.940669495276962e+38; 1.675216494129288e+38
66053,100000,2.0293644030331133e+38; -2.4255244838935585e+38; 1.849064759510848e+37
54983,100000,1.7193568486195952e+37; -3.0208272006233615e+38; -9.96560984068222e+37
64082,100000,3.05756655455532e+38; 9.447572760513433e+37; -2.532397976345792e+38
53591,100000,2.2872400293363416e+38; -4.50080309025489e+37; 3.2236356792044834e+38
49419,100000,-1.9756547569857794e+38; 2.379832677186644e+38; -2.1194047124588923e+38
48358,100000,2.5933849509589163e+38; -1.3525369465496244e+38; 1.9327975184330233e+37
53716,100000,-3.277564882335777e+37; 1.8872435306993657e+38; -2.621765518245018e+38
50278,100000,2.945274007905183e+38; -3.0690771769475605e+37; 6.826742666999335e+37
50148,100000,-8.193209927406916e+36; -5.191980960005251e+37; -4.1062014590423657e+37
53511,100000,-1.193676595921791e+38; -2.9270648662112164e+38; -2.8685900708516005e+38
50966,100000,-1.8044833893767214e+38; 2.5958731969690923e+38; 1.7281509464815705e+38
48810,100000,2.182421956273342e+38; 8.742463917726804e+37; 8.067461776695596e+37
52325,100000,-1.8425964709111354e+38; -9.543932460299422e+37; -1.4676087917877501e+38
48074,100000,-1.1879985353532487e+38; -2.7063889031259016e+37; -3.166474169866704e+38
49966,100000,2.818180981319069e+37; 1.0802570571820268e+38; 2.0125121545416312e+38
52675,100000,4.832524434623814e+37; -7.896375088146633e+37; -2.9926780556308375e+38
58531,100000,-2.4515914367161716e+38; -3.2407369956858983e+38; 1.8946620248359973e+38
61399,100000,-2.5148991246361456e+38; -1.850726269152567e+38; -4.27724023039864e+37
46256,100000,-1.9844536719200355e+38; 2.349411902318511e+38; -1.9527593645528892e+38
51295,100000,-3.005860392252129e+36; -2.325584127516141e+38; 3.3864555618351417e+38
49700,100000,4.665816211248039e+37; 8.95100663915107e+37; -1.5050368680155586e+34
47901,100000,2.5500006739926093e+38; -3.1910485401665844e+38; -3.3374307467580592e+38
51802,100000,2.3207496123630147e+38; 9.47777428253375e+37; 2.7095222311735218e+38
58710,100000,1.7442918908682525e+38; -1.7358653609743194e+38; 1.824314312542596e+38
49812,100000,2.3845712565423452e+38; 3.228786802771523e+38; -3.0785537778926987e+38
50905,100000,-5.586742568723524e+37; 1.5951145654092984e+38; 1.8675478912055477e+38
50153,100000,-3.3745854844387006e+38; 1.7173440729965528e+38; 6.615698617410699e+37
55428,100000,-2.159855950172415e+38; 3.755960943672178e+36; 6.086044787141419e+37
53555,100000,5.1698172935283304e+36; -2.448794492431828e+38; 1.1201167584194592e+38
43890,100000,2.1423798147615247e+38; -1.1586037461749165e+38; 2.8616849245020373e+38
52623,100000,-2.4171863853054973e+38; 1.3579156387524168e+38; 1.3561079689964914e+38
53958,100000,-2.0837182184094592e+38; -4.1118207006230573e+37; 6.336256704975908e+37
46672,100000,1.0657403281564052e+38; -1.1505066279659587e+37; 9.011388386661622e+36
58726,100000,2.142435997036127e+38; 2.2213935922062785e+38; 1.0950090621590508e+38
52360,100000,-3.239724294974388e+38; 2.5912023608614673e+38; 4.70108681448855e+37
52736,100000,-1.7313395440953605e+38; 3.2092564649159746e+38; -2.592828604463488e+38
57995,100000,2.3553343659227773e+38; 3.662489015336039e+37; 4.156231318221333e+37
48594,100000,4.860268235660409e+37; 2.5665939161134528e+38; -6.610561083058094e+37
58170,100000,-1.5313389622997682e+38; 2.759544332330816e+38; 2.772114152858583e+38
57493,100000,1.974331735407333e+38; 2.600098428537725e+38; -1.4947714003771525e+38
55758,100000,1.6373714446377864e+38; 4.427396993417354e+37; 1.9022446036663225e+38
47857,100000,-2.6722290153413115e+36; 2.6595029695535722e+38; -1.1278722447916555e+38
48310,100000,-2.918315237532297e+38; 1.4415044179194183e+38; 1.326839944878182e+38
49908,100000,1.3057238268277722e+38; 2.5417479643489795e+38; 1.1536460153834479e+38
59152,100000,1.6277743154735785e+38; 2.5834986960458083e+38; -5.170057196404424e+37
62093,100000,-1.8649545823136248e+38; -8.88673979608094e+37; -1.6279499611407461e+38
63877,100000,2.7137265718602627e+37; -3.0473046694163525e+38; -2.3707322642336296e+37
52756,100000,-1.3280421847074384e+38; 2.3676283456799348e+38; 7.474976590895884e+37
47073,100000,-2.097113938656287e+38; 2.0090473105090394e+38; -2.3541078886140445e+38
56730,100000,-2.9740149936099414e+38; 2.594877939129841e+38; -4.081503125190289e+36
60269,100000,-3.103856083873254e+38; 2.316873643887757e+38; 1.2843958590090522e+38
64907,100000,-3.06366486665085e+38; -5.658362292335219e+37; -2.34442871710299e+38
60487,100000,3.135781002237594e+38; -1.9643400119642862e+38; -1.5611776320122764e+38
52984,100000,1.0449517710210944e+38; -1.787411888037424e+38; 2.8411230232940473e+38
50128,100000,2.0540831840893717e+38; 6.727635207772292e+37; -2.3222326621532337e+38
58716,100000,-2.2086352466812455e+37; -3.3989397905943814e+38; -2.827401770373081e+38
47407,100000,1.803753831103278e+38; 1.9375652030465057e+38; -1.4408606035325743e+37
57201,100000,-1.2431352517402956e+38; -3.292206652416605e+38; 3.3250349493046915e+38
52420,100000,3.364173103820474e+38; 2.249101189141731e+38; -1.5475024708671343e+37
55400,100000,-1.3131253851523847e+38; -1.4449873132965573e+38; 2.8726126811482928e+38
58208,100000,-1.6126347136490288e+38; 2.189509885162952e+36; 2.3925809829189233e+38
52706,100000,2.5158653786296636e+38; 9.870120256268229e+36; 1.4996026703447423e+38
62630,100000,-2.3647646722679952e+38; 3.2830519840179008e+38; 2.329621543971844e+38
46896,100000,2.201595526543962e+38; 1.4857334572457173e+38; -2.4448856664530123e+38
70400,100000,-1.055107984806027e+38; -4.3682737694227095e+37; 3.2245984851883687e+38
53597,100000,-2.079907356469029e+38; 2.352428302274766e+38; -2.584146313384453e+38
48239,100000,2.999807931078809e+38; -1.743871639341265e+38; 1.749520493239978e+38
56219,100000,-1.2438357047559577e+38; -1.684252713255907e+38; -2.3058365650537377e+38
57674,100000,3.246838552966965e+38; 7.203201429291273e+37; -4.619419185159206e+37
55725,100000,-3.145372959387353e+38; 2.1190437869799953e+37; -8.609829635424925e+36
59021,100000,1.1838600110856716e+38; 1.733669790134724e+38; -2.987076865394693e+38
49797,100000,-8.018502575213581e+37; -2.2834411340175776e+38; -2.135789045760818e+38
60483,100000,8.085809244423059e+37; -1.9428623599626914e+38; -1.1193248317364846e+37
51186,100000,-1.3545878023966977e+38; -3.349925928018485e+38; -2.8137078987050795e+38
49109,100000,-3.0516536236835675e+38; -1.820489050091347e+38; -7.532843319615583e+37
53711,100000,-2.0681743881615087e+38; -2.8039759929290553e+38; -2.934266135740993e+38
51962,100000,-1.6452750940121374e+38; -2.752714230896786e+38; 2.414352729859771e+38
82800,100000,-1.1161432315540078e+38; -7.59348366784858e+37; -1.4794865764998406e+38
57621,100000,-2.1286050162792047e+38; 3.277487910591331e+38; 2.7057099494644194e+38
53416,100000,-3.1132157567270273e+37; 1.2146610811338731e+38; -1.1614715774808248e+38
61350,100000,1.0485007870535414e+38; 2.964769662840309e+38; 2.889864695933063e+38
46915,100000,9.132625222416849e+36; 1.922027051873244e+38; 2.1809188268976154e+38
61014,100000,-1.726410512913481e+38; -3.033661098124168e+38; -1.4773383650866698e+38
51662,100000,-7.094110968057313e+37; 1.6655362070857052e+38; 8.156849398180329e+37
60471,100000,-3.3019754721781078e+38; 2.3087752833812108e+38; 2.803668917247656e+38
63952,100000,-3.2878031384675562e+38; -1.3240757566853483e+37; -1.85378627628947e+38
53004,100000,3.2186551307022107e+38; -4.2413375765688557e+37; 3.249021751536702e+38
65367,100000,-1.818650652484872e+38; -1.3161937080772252e+38; 3.0182509289555057e+38
77450,100000,-1.668839603137852e+38; -2.4744353118286684e+38; -2.6298892317635686e+38
71271,100000,-1.9897417017518996e+38; -1.0398484125286716e+38; 8.576683614590397e+37
91476,100000,2.8337465137452953e+38; 5.581676529864772e+37; -1.5145202811961801e+38
62506,100000,2.8042376360129425e+38; 2.0393072331925094e+36; -2.05109578797885e+38
79021,100000,2.2805585979647066e+38; 3.0767247101946414e+38; 6.614773232472532e+37
60643,100000,-4.718130963097021e+35; -2.256527796242204e+38; 2.0692406344343727e+38
64866,100000,-2.5284193788779398e+38; -2.0349682299825062e+38; -1.850465437365064e+38
64777,100000,1.6570997388110663e+37; -2.4760510085776953e+38; -1.873514976110942e+38
64551,100000,1.55127799070883e+38; 3.0167066262882836e+38; -4.838379459216148e+37
86933,100000,-9.299251555563849e+36; -2.9231373804155653e+38; -7.790138869004146e+37
49962,100000,2.1830567956939363e+38; -1.891437933005401e+38; -4.66165324667689e+37
68555,100000,-1.6323630078223087e+38; -2.4081341430752915e+38; -1.1962935338209022e+37
62975,100000,-2.9906390649933824e+38; 1.2016890604236656e+38; 1.2283309181464942e+38
68596,100000,6.009628780718701e+37; -1.1353587864125074e+38; 3.029434041138671e+38
58935,100000,3.167956205536443e+37; 1.3453781686679676e+38; 2.7813594836282154e+38
46913,100000,-3.0026651141196756e+38; -1.0616100182647176e+38; 6.3439543864807335e+37
52486,100000,1.348063255463347e+38; 2.219008989309177e+38; 5.813143951803806e+37
55116,100000,-2.4972686400881714e+37; -2.058929057391876e+38; -1.1605922336124585e+38
51729,100000,-1.7461976260746116e+38; -7.34948171677449e+37; 2.61647769123725e+38
56122,100000,-2.548298979826863e+38; 1.348135156605392e+38; -2.1796077719408353e+38
50931,100000,9.62351353674079e+37; -5.835770500897399e+37; 1.9578317923706665e+38
56220,100000,-1.3908235440981976e+38; 1.1433068542638904e+38; -1.4805634710377465e+38
49295,100000,-1.1288999544862726e+38; 1.49093559107291e+38; -2.9523438474207277e+38
56019,100000,1.35921067060561e+38; -3.1471774853697898e+38; 9.640274920037247e+37
52662,100000,3.0518083784688434e+38; -2.0194521866357127e+38; -1.904834870196805e+38
46991,100000,1.297153190413605e+38; 2.4233137012467604e+38; -1.6658101210274025e+38
47256,100000,9.507004277134053e+37; -2.7372864160317685e+38; 2.3168511304130968e+38
51065,100000,9.335439811073864e+36; -2.727342660487434e+37; 2.599910410600699e+38
51821,100000,3.3083786288899806e+38; -2.861699679955024e+37; -3.3535552623929623e+38
50387,100000,-7.6196175526228855e+37; 1.985589689681936e+38; 1.1105431568503916e+38
52507,100000,1.7303570641741597e+38; -1.3382808464874098e+38; -1.5314359122176736e+38
49380,100000,2.202062021964846e+38; 8.376876526982423e+37; 6.522443647474789e+37
48859,100000,2.552220380899633e+38; 2.9251927998047994e+38; 8.393486299267094e+37
53433,100000,-3.0749590757326195e+37; 2.678486087998014e+38; -2.662134206551454e+38
54448,100000,2.3583345399513495e+38; -1.7212178104067542e+38; -2.0840591657148966e+37
52463,100000,-1.8978609664786853e+38; 3.252643987067818e+38; 2.3833626277540636e+38
51572,100000,-3.088836756737654e+38; 2.260971469362268e+38; -2.6339422656746663e+38
50168,100000,-2.1747333004407897e+38; 8.347126795636027e+37; -1.0159050786975848e+37
48479,100000,-1.3416049305973522e+38; -1.6565380174770932e+38; 9.731614723446332e+37
48895,100000,1.8669321172499808e+38; -9.619034166579823e+37; 2.1277259766469824e+38
53935,100000,-9.18089254020126e+37; 9.20261702912773e+37; -3.141235145004112e+38
56123,100000,5.180836282988284e+37; -1.727731709075063e+38; -2.2157015367751097e+38
54832,100000,3.2974476270581886e+38; -1.8102492727788475e+38; 1.9408915182215045e+38
52699,100000,-1.2295332593877987e+38; -2.643565660559311e+38; -2.502721768734209e+38
50985,100000,-8.344739556025677e+37; -2.187927210712061e+38; -2.3571968995966807e+38
48848,100000,1.0429463477715334e+38; -2.878469176215323e+37; 1.967748065249988e+38
48499,100000,6.657837351603245e+37; 1.6850157375051963e+38; 2.7033042528613303e+38
48635,100000,-2.5108037004889762e+38; -1.8505855092299177e+38; -7.635489552258223e+37
50055,100000,1.2550614099992908e+38; -4.5749760523230344e+36; -2.8273202350864743e+37
57030,100000,2.8300887839973727e+38; -3.346770999204637e+38; 8.803447038682104e+37
47141,100000,-8.911665863363347e+37; 2.0438795094659666e+38; 2.268319786361671e+38
71367,100000,3.2668823907276536e+37; -1.7711151747449858e+38; 2.876019314665322e+38
52117,100000,-2.59305008837636e+38; 1.4902398030114566e+38; 1.9580555073485948e+38
47740,100000,1.1715112688225844e+38; -1.1584994945895537e+38; 1.3750947382746618e+38
57249,100000,-2.6786300931062e+38; -2.6393296793135882e+38; 1.5724124643399311e+38
55671,100000,-6.164108866109494e+36; -2.404676195061965e+38; 3.3716258752293357e+38
57453,100000,1.2994438857542415e+38; 3.8450537730098283e+37; -2.5039107235851752e+38
52126,100000,7.501991239307228e+37; -7.284195175561536e+37; 2.8169177928489534e+38
51687,100000,-1.3750213159518966e+38; 8.81970034761799e+37; 2.271772613066573e+37
53940,100000,1.2095902759088641e+38; -4.321025896251003e+37; 2.221024249527396e+38
55041,100000,3.397643744620708e+38; 2.1959937278355295e+38; -1.1795534470545283e+38
50289,100000,-3.11672993772098e+38; -2.143807848515694e+37; 7.5404928303976e+37
48273,100000,-1.1144524898894474e+38; 2.7353930530952676e+38; 2.6490948482413624e+38
56924,100000,-1.3698050858500294e+38; 2.748520437063039e+38; -2.91441006238721e+38
53413,100000,1.80594088333084e+38; -2.129857252248134e+38; 2.9631391599322713e+38
49151,100000,-2.9018335486642737e+38; -3.1432439148512576e+38; 3.3298110511181594e+38
62590,100000,7.313686813245725e+37; -3.1504579622990844e+38; 1.7962963947402075e+38
52222,100000,2.9166395048508434e+38; -3.2684529084092884e+38; -2.0712940255826464e+38
54462,100000,-2.6890029230256995e+38; 2.681835525119961e+38; 2.9431910044388878e+38
48395,100000,-9.50676190233929e+37; 7.43162851803072e+37; 1.0683398231832572e+38
53566,100000,-2.2570283661112222e+38; -3.0954660623166076e+38; -2.9921048747354383e+38
54212,100000,-3.11872902271754e+37; 1.534343243516285e+37; 5.751075214874471e+37
55881,100000,-1.4484484050833725e+38; -2.664971715655005e+38; -2.31970080896241e+38
56206,100000,2.9244316009723743e+38; 2.2210889504140316e+38; 2.08738730630676e+38
60614,100000,3.1120244186929328e+38; 3.232730920143049e+38; 2.7692727900972073e+38
47502,100000,-2.298277919466745e+38; 1.9504224253183565e+38; -2.75753556248367e+38
60216,100000,2.0392695205871526e+37; -3.692732369826164e+37; 1.1463586216718918e+37
50521,100000,2.8403453957098433e+38; -2.6485723733699723e+38; -1.4647274726794554e+38
55675,100000,2.981304897269686e+38; 1.3579078300247194e+38; -1.7271908025639456e+37
66229,100000,-2.2291347794797042e+38; 3.3214851219758603e+38; -2.9634403537148855e+38
61150,100000,3.2896660777896516e+38; 3.9677892253046457e+37; 2.1349582782634526e+38
63446,100000,2.7774163803771695e+38; -2.325644163448568e+38; -7.046735315705103e+37
63116,100000,-1.0977237612724516e+38; 1.1010505074486545e+37; -1.1848182535273962e+38
63477,100000,-3.3083120011744326e+37; -8.33042321720694e+37; 2.9606409755413895e+38
63578,100000,3.4363444582673638e+37; 1.4458313657722133e+38; 3.212580549025917e+38
51668,100000,-1.1182789692852723e+38; 5.059458738016431e+37; 1.8468168347014632e+38
61024,100000,1.25376779791477e+38; -3.271622846206243e+38; -2.9264594362845474e+38
53457,100000,2.1582477579149416e+38; -2.577765467323144e+38; -2.296856731025817e+38
51879,100000,-1.8662319684704627e+38; 2.401566698845629e+38; -2.862860492962665e+38
50722,100000,-2.1716286720027587e+38; 9.16156847445138e+37; -3.007427018246421e+38
85043,100000,1.9903298916304055e+38; -3.0592013167693744e+38; -3.9282359912763245e+37
51719,100000,4.616599423164058e+37; -3.0735204951254565e+38; -1.1786708580006254e+38
54493,100000,2.9514321531090435e+38; 1.7301785789696475e+38; -1.1806552889562467e+38
57779,100000,-5.055500625782279e+37; -2.9001537595008993e+38; 9.664958612524891e+37
54724,100000,-9.85957340327433e+37; -1.5268859592712865e+38; -1.7207916769809815e+38
49670,100000,-1.5527545501279759e+38; 1.5694875380509885e+38; 1.123759174948131e+38
58266,100000,-4.2348091759776803e+37; 2.1870737269159395e+38; -2.9717453919752928e+38
56504,100000,-3.3599541597988184e+38; -2.7640176177689012e+38; 3.1514696488901145e+38
49931,100000,2.067076298505567e+38; -4.0255641761208876e+37; 1.5364450589174875e+38
49101,100000,9.433747256007104e+37; -5.277990546170496e+37; 1.7077121594998746e+38
53772,100000,-1.8797958298929048e+38; 2.6407149678895176e+38; 1.1543751680086992e+38
58146,100000,-2.0078760013544285e+38; -2.5355979321089602e+38; -2.7189468584440506e+38
58938,100000,1.0194729066649392e+38; -2.6404354762851793e+38; -2.975328888104066e+38
66618,100000,-2.587994900606746e+38; -1.2302856353720462e+38; -6.511106794626828e+37
62148,100000,-7.527684488732894e+37; 8.697123605178321e+37; -3.6485770570587744e+37
58078,100000,2.29831706451728e+38; 9.953756800509847e+37; 2.4594492985508423e+37
57561,100000,2.0713459485512317e+38; -1.1045819538437823e+38; -2.7563194292038352e+38
47380,100000,2.519023552629048e+38; -6.144152876535401e+37; 2.3374793551004907e+38
49423,100000,3.3219564851750492e+38; 1.9182447881303552e+38; 1.1359920032403334e+38
56578,100000,-1.7608532896060182e+38; -1.954484991961968e+38; 1.8111082328255622e+38
54763,100000,-1.3172565063404565e+38; -2.6837884676346726e+37; -2.3754922415314626e+38
52574,100000,-2.0848416610774055e+38; -7.646543972552453e+37; 6.254054127093268e+37
48287,100000,2.9242809026690192e+38; -1.9440527345823297e+38; -2.3616494969769703e+38
52592,100000,1.7407154935828406e+37; 2.6156260328579926e+38; -1.9687575207759616e+38
57115,100000,5.781838559640809e+37; 1.466764409722938e+37; -1.2579135224377563e+38
45119,100000,3.65899435616133e+37; -1.9427394485604932e+38; -2.313170887190514e+38
55528,100000,-2.243008758944986e+38; -1.3269760398466224e+38; -5.973225911962067e+37
53793,100000,2.1630179778296245e+38; 1.5988902373690662e+38; 1.454228080524029e+38
57269,100000,-1.3823398178091822e+38; 4.2140361855917404e+37; 1.710830985624628e+38
57282,100000,-2.0429570654771925e+38; -1.896315649690983e+38; -2.572115193655759e+38
55361,100000,-2.8806489774814516e+38; 1.5900917280830021e+38; 1.8395973110030434e+38
52827,100000,2.391479242429253e+38; -2.5614389388885887e+38; 2.6032071134576767e+38
62251,100000,-3.275888845418179e+38; 9.768468875816647e+37; 4.6791914462611675e+37
64415,100000,-5.369182795049714e+37; -2.0248600855083343e+38; -1.318014865635537e+37
62047,100000,-2.3141558010008675e+38; -4.62005351751956e+37; 4.0603779180850755e+37
60131,100000,6.748986500362056e+37; 2.0674671405386294e+38; -7.015055618011124e+35
60089,100000,6.526927581177916e+37; 1.8463750838202957e+38; 2.7915016264914854e+36
47560,100000,2.381826235226587e+38; 1.2688584177201269e+38; 2.1954097972630403e+38
55102,100000,-3.28691355198234e+37; 2.709673740773261e+38; -1.9841433510530997e+38
54574,100000,2.8774044004171555e+38; 3.300427315853061e+38; 9.052168199410724e+37
65967,100000,-2.9074199327414075e+38; -1.1601530180324914e+38; 2.43405267936563e+37
55308,100000,2.6350472513498732e+38; 1.2791494081168757e+38; 1.9840874223086176e+36
57609,100000,-3.3482071966286714e+38; -2.7005164356613084e+38; 6.920649209343762e+37
62892,100000,-7.50417058421914e+37; -2.8161397596165573e+38; -2.998539874830389e+38
56333,100000,3.342483906286713e+38; -1.8252686759734837e+37; -7.754413432728274e+37
54776,100000,-3.2116887314756445e+38; -3.278093746166192e+38; 1.2066883701548217e+38
50541,100000,1.1720964163396497e+38; -1.3706672910822807e+38; 1.5271599746250318e+38
51590,100000,1.5426138523863901e+38; -3.121968681297507e+38; 2.604896638177661e+38
50413,100000,-2.908304651448319e+38; -1.9508993154741624e+37; -2.022275498052541e+38
55860,100000,-3.2412310751838433e+38; -1.14508207216445e+38; 2.902817854002339e+38
65050,100000,2.128123917523406e+38; 3.0588970806253197e+38; 3.3272668256574773e+38
51113,100000,-3.118890419991961e+38; -1.3065350217998702e+38; 7.750735217746652e+37
48107,100000,1.719044955865915e+38; -2.0688412737892768e+38; 2.4813775749878063e+38
48707,100000,1.4598745005335896e+38; -5.326219073846539e+37; 3.1544734737524154e+38
50897,100000,-2.2671772782286974e+38; -1.6914825809832246e+38; -2.42767725884889e+38
49882,100000,1.98448876048865e+38; -1.250425053987992e+38; -1.4446174635574347e+38
47793,100000,-1.4228711710406395e+38; 1.165805117116741e+38; -8.280143630859727e+37
52963,100000,-6.2813187562029765e+37; -1.1070922062683783e+38; -3.1940272148409767e+38
53870,100000,7.5246284366658635e+37; -1.204463186997205e+38; 3.676395903010903e+36
56321,100000,8.07770337942496e+37; 9.282218134448582e+36; -2.223006652242057e+38
57578,100000,-1.917882138646642e+38; -3.0194009415800327e+38; -9.577788872530317e+37
52601,100000,1.955045800587509e+38; 2.6255402774963536e+38; 3.2978690955297525e+38
45844,100000,3.266717748267696e+38; 2.6862942072231318e+38; -1.6238519002803283e+38
50406,100000,-1.3521770351912076e+38; 1.0769239473998107e+38; -2.4679483887651325e+38
50388,100000,-1.467857961189731e+38; 2.0788382706588206e+38; -2.0290607753613466e+38
62027,100000,1.2802670702980849e+38; 2.144863598641588e+38; 9.777850504378816e+37
58258,100000,-2.8661805205906867e+38; 8.079122133976735e+37; -3.3506788110629724e+38
60888,100000,2.539457066184247e+37; -2.7734682065237227e+38; -3.208287574209208e+38
47884,100000,1.2058393484888128e+38; 1.8028222600301824e+38; 5.525653472178046e+37
50962,100000,-9.422209607304066e+37; -3.340895185142459e+37; -1.9893025875839805e+38
58518,100000,-1.8933751059466456e+37; 5.737913325457361e+36; 1.7602314816335943e+37
49345,100000,3.046534951971894e+38; 2.582242403594958e+38; 1.2244851704615458e+38
47401,100000,-1.848458695758879e+38; 3.165486010870814e+38; 1.3600932596595129e+38
52336,100000,1.659764340372746e+38; 1.9681364733938978e+38; -3.9751816565449367e+37
48985,100000,2.9078016476901482e+38; 2.120957736562244e+38; -1.2922496136557782e+38
58528,100000,2.587961840279092e+38; 1.5387317991882512e+38; 2.367668302026854e+38
60301,100000,-1.7054565527278525e+38; 2.57502024318329e+37; -1.171059173912519e+38
60174,100000,1.1172462904003024e+38; -2.722380670389949e+38; -1.6316715234346432e+36
60890,100000,2.5621597757259025e+38; -1.8798337579988636e+38; 5.568454934104392e+37
47669,100000,8.373231777976647e+37; 8.282562308204963e+37; -3.371237669909522e+38
60356,100000,3.388629430496461e+38; 2.32707894110393e+37; 2.7900362984566576e+38
50153,100000,-1.3306321470017767e+38; -3.162980321988379e+38; 3.2488018902165984e+38
54268,100000,-2.869198086785494e+37; -2.228901328945166e+38; 1.1426925000769958e+38
45632,100000,-1.7044337108115404e+38; -2.7207359697951887e+38; -3.5224019616252977e+37
61696,100000,2.8515153243267664e+38; -2.027808539392417e+38; -1.385121043226083e+38
64752,100000,2.274629643989367e+38; -2.6348058906755898e+38; 1.3475892555509097e+38
59437,100000,3.1002798894119383e+38; -2.7340815924902955e+38; -1.9488059172729455e+38
56834,100000,1.2087968280451693e+38; 9.646248089665523e+37; 2.9185570038547727e+38
61072,100000,2.253828410348054e+38; -2.5745075038685096e+38; 2.3402842095245797e+38
51391,100000,-3.0967168785168648e+38; 3.0293740052062443e+38; 1.1003628069980307e+38
57683,100000,1.9959107994569463e+38; 9.412142433297294e+37; -2.829168773897751e+38
59892,100000,-1.1924446423624652e+38; -1.5960531339137074e+38; -1.369541820173374e+38
59750,100000,-3.643959005922143e+37; 8.44989675097725e+37; 4.111536493358486e+37
55405,100000,-2.0727514688307408e+37; -6.10676884621419e+37; -1.9156579949625175e+37
55434,100000,2.2565563944397452e+38; -1.6027391288275032e+38; 1.4115333040721982e+38
57114,100000,-7.084915842589702e+35; -2.092359133372903e+38; 3.0340304408030506e+38
53498,100000,2.9086595936163827e+38; -2.170686554076669e+38; -3.083344077392889e+38
57305,100000,-2.497937959605092e+38; -3.9605225450038974e+37; 9.9182846408239e+36
99565,100000,2.4437421441995584e+38; 1.5053064895734813e+38; 2.52264446980354e+37
49750,100000,1.0638876314511597e+38; 1.4181963798631419e+38; 3.080005795596224e+38
50035,100000,1.1407961961911024e+38; -3.3055725575213154e+38; -5.62552952380964e+35
69477,100000,-1.7961393328308392e+37; 2.3360277430451574e+38; -1.7927575199125623e+38
57889,100000,-1.4932013390497338e+38; 1.7449180088527172e+38; 1.414025606564295e+38
66465,100000,-1.9718562673152075e+38; 2.076684481583009e+38; -2.1956980103035082e+38
71003,100000,-3.385351793104511e+38; 3.2258525465741625e+38; -2.1412437969996242e+38
62569,100000,-3.0483431287880595e+38; -4.480730096530396e+37; -1.4483437478498176e+38
68629,100000,-2.1668848572500787e+36; 3.1596497475073633e+38; -1.6239160941067239e+38
54685,100000,-4.808240812665602e+37; -2.8937950212660585e+38; 1.5883426744908312e+38
54181,100000,-2.883239041187838e+38; 1.780609167856359e+38; -3.6556269691068837e+37
63892,100000,-2.2727752232793053e+38; 1.884872922664891e+38; -2.5274026216845087e+38
56067,100000,-2.791266730835263e+37; -8.729850287194293e+37; 2.3820907178478186e+38
59523,100000,1.5369661140202053e+38; -2.730568070674655e+38; -2.9362237939159374e+38
50097,100000,2.856106044916457e+38; -4.733019947228779e+37; -2.4282968864622816e+38
57778,100000,-1.5306592987539498e+38; -3.701056270727503e+37; 8.90557201339793e+37
51394,100000,-7.764547031626499e+37; -4.299063596071929e+37; -1.1017959620606247e+38
53586,100000,6.686509579939448e+37; -9.71472251860793e+37; -3.2378343800475198e+38
48264,100000,2.1183058115065664e+38; 2.3908162104593095e+38; 3.3658601946513057e+38
57326,100000,2.8307497877263557e+38; 2.416601034964336e+38; 2.1984497248144356e+38
56972,100000,-3.735848716161607e+37; 1.7694128721069513e+38; -1.6741213454227389e+38
60131,100000,1.6413858405585892e+38; -1.1604270333862367e+38; 2.832011150779607e+38
81728,100000,-2.383103215735233e+38; -1.5767309442867166e+37; 3.5641238923004893e+37
58247,100000,1.1174794366986964e+38; 9.9183934052454e+37; -8.3569739054986e+37
70374,100000,1.0504698033778639e+38; 2.8753777820495586e+38; 1.6722142918597556e+38
52802,100000,6.3932487547814485e+37; -1.6530478204324968e+38; 8.765838380674533e+37
58021,100000,1.4467559394139958e+38; -1.7721742714684645e+36; 1.2611749339020235e+38
50910,100000,3.423075959434775e+37; 1.2312933668932036e+38; 2.8836347509992052e+38
54724,100000,-3.397587055285866e+37; 3.1376733510536146e+38; 2.860943399606928e+37
61032,100000,-3.6590587528118215e+37; 2.1581195730862466e+38; 5.246527458272831e+37
60477,100000,-1.5083130525610786e+38; 1.8948350337899165e+38; -3.9759957417604033e+37
52002,100000,1.991560628245155e+38; 2.6805267012282374e+38; 9.321373579718552e+37
50140,100000,-1.702027608560259e+38; 4.940250903811929e+37; 4.9650481777933535e+37
47496,100000,8.655493737627971e+35; 4.2227287192876254e+37; -1.9700852073086166e+38
52001,100000,3.208504595991967e+38; 1.701716476396939e+38; -1.5579730112948994e+38
50780,100000,-6.25150919174825e+37; 3.0529632588716753e+38; 1.07507611847287e+38
50990,100000,3.0065244510190584e+38; -5.178633613305328e+37; 3.2942991886154138e+38
46763,100000,-1.7631709098454035e+37; 2.955005419297473e+36; -3.118119688427022e+38
52504,100000,-1.153774808684431e+38; -1.5584729726916294e+38; 1.8078092989035283e+38
52116,100000,7.002832518937279e+37; 3.9194204954722174e+37; 1.3064920230915105e+38
61343,100000,-7.271772199679299e+37; -1.831995869531787e+38; -1.6619610267448695e+38
49879,100000,-2.1464147973280752e+38; 4.679616869802604e+37; 1.7283943100438023e+37
72205,100000,8.641101561612075e+37; 4.513626643726799e+37; -1.1780180686475318e+38
53460,100000,-1.6919154076041666e+38; 1.5665347234488409e+38; 7.184585726696802e+37
63484,100000,-2.9921326616365953e+38; -2.986794610312046e+36; -3.023662681485952e+38
62065,100000,-8.210693364485264e+36; -1.190432424505687e+38; 3.8212376605929804e+37
57545,100000,-3.3525890083994443e+38; 2.65511243634667e+37; 8.334454346115666e+37
63073,100000,1.3693046173930593e+38; -1.746127043289191e+38; -1.7047770920061302e+38
55497,100000,1.8185654663645368e+38; 1.7759569915655695e+38; -1.7088546676328483e+38
59008,100000,2.2969413086738642e+38; -4.89198891016004e+37; -3.0881297119388707e+38
59762,100000,-2.2817092190615218e+38; 1.0050180389886087e+38; -3.2133180174391058e+38
75511,100000,-7.583350068950356e+37; 2.588756505087363e+38; -1.8495795017135766e+38
50245,100000,1.3345792560287193e+37; 3.0671392434159556e+38; 1.413737393523827e+38
57078,100000,2.5073155316853402e+38; 2.9107509128706152e+38; 6.299747353568854e+37
47090,100000,8.759817547383689e+37; 8.690816029321705e+36; 4.926209391643321e+37
49966,100000,1.5030797852351444e+38; 2.2934999922364126e+38; 2.215864201700131e+38
48150,100000,9.760771701372062e+37; -3.2179827688238496e+38; -1.5629712054935273e+38
51551,100000,2.3609497538456444e+38; -3.0452042230777984e+38; -6.342125927254964e+37
52842,100000,1.1179930887219089e+38; 2.9659188641684517e+38; -2.4192553939091658e+38
48199,100000,3.0726929728136275e+38; 1.751232734258718e+38; 1.2323752306214624e+38
51570,100000,2.3655605540208425e+38; 2.340847249215177e+38; -8.0554510407885535e+37
50956,100000,1.1206116492137883e+38; -5.152002302435493e+37; -2.7549669981314637e+38
49527,100000,-2.8401847590257824e+38; -5.299879322614757e+37; 3.06146544215343e+38
137170,100000,3.0917166560772765e+38; 1.6021009428093243e+38; 1.518090593758711e+38
99982,100000,3.050356969237606e+38; 2.927595454046448e+38; -1.4193208366515683e+38
49495,100000,1.8893793444896662e+37; 1.7280109978553053e+38; 3.5162982239851987e+37
51115,100000,2.809011101113162e+38; 3.2464533900085915e+38; -7.474609479282058e+37
52754,100000,-1.688574387682205e+38; -8.190911169808462e+37; 9.872050127542016e+37
54154,100000,2.4113290282360587e+38; 2.567033841577756e+38; -3.2283351135096495e+38
47728,100000,2.7813659739992886e+38; -2.5431300077393723e+38; 3.018974402506068e+38
47140,100000,3.346348719436689e+38; -5.352686604258824e+37; 3.250055343130104e+38
63325,100000,-3.411390756201871e+37; 3.2753525785082586e+38; 3.222251201924938e+38
59434,100000,-1.783745842501564e+38; -3.1990568467744902e+38; 1.5055097193177099e+38
54997,100000,-5.392497424889112e+37; -4.753141618736322e+37; -3.9311416999821677e+37
56286,100000,-2.0923966558306697e+38; -1.965333038738481e+38; 2.0759784509047058e+38
49947,100000,1.5989822180966188e+38; -1.3887724854270283e+38; 2.5414522468169582e+38
50683,100000,5.124859367783406e+37; -9.334352325315193e+35; 1.143815942744942e+38
50394,100000,-1.6414700125584443e+38; 3.0178120176116827e+38; 1.733014059832238e+38
55524,100000,1.1579865524506773e+38; 1.5281411361896084e+38; -1.4069314281572257e+38
56811,100000,-2.3935208190739325e+37; 1.945726439022823e+38; -1.794778053557278e+38
52333,100000,-1.52035198101747e+38; 2.3771850114369834e+38; -1.6459766625603277e+38
84977,100000,-3.296956184273492e+38; 2.0727886363463395e+38; -1.8136688870380232e+38
75389,100000,-2.4806962888492197e+38; -1.719232973802941e+38; -2.9792760478370326e+38
71787,100000,-1.7632380953272156e+38; 1.8975056186624293e+38; -1.2447798509230077e+38
62517,100000,-2.2041644965443605e+38; -5.299519816904532e+37; 3.0287486985181637e+38
57599,100000,-1.3709462756263789e+38; -6.048771803012788e+37; -6.020988578042526e+36
47777,100000,-1.2454661062519473e+38; 4.1790178448206756e+37; 1.300269177001014e+38
62018,100000,1.5818634587429447e+38; -2.768087891728162e+38; 1.276180164762949e+38
50147,100000,-1.5155294071329978e+37; -1.8708458110071014e+38; -9.61057944413654e+37
57332,100000,-2.3372505695201615e+38; -1.5711092181108485e+38; 4.660167053113182e+37
55423,100000,1.8535276755670234e+38; -2.3452136463546512e+38; -1.4675654888432463e+38
50608,100000,-3.0242192308054762e+38; -6.722596043106265e+37; 3.321998875411121e+38
49632,100000,2.9691995439218424e+38; 3.295500617148286e+37; -2.4375215291741184e+38
52286,100000,2.359904195630576e+38; -4.125749645418365e+37; 2.451809675443507e+37
57884,100000,-3.2320837084525964e+38; -2.8183556128657563e+38; -3.134459806076012e+38
50637,100000,-1.1407342334297632e+38; -2.872980604058503e+38; 2.0451790034492726e+38
56473,100000,1.2656146519522148e+38; -4.609187723634644e+37; -5.716210766886274e+37
47937,100000,1.6914799442699762e+38; -3.3855590793306603e+38; 2.785878404487909e+38
52664,100000,-1.8701896750564233e+38; -2.787561033188628e+38; 2.775113819826915e+37
47675,100000,2.4944197728352425e+38; 7.611085757023109e+37; 1.6174389065997977e+38
45739,100000,-3.3093880844159544e+38; -3.164413375638925e+37; 2.5191468696794384e+38
107856,100000,7.825055037136833e+37; 1.9843106555793178e+37; 3.0353502171959603e+38
58109,100000,-6.858121075836905e+37; 1.6738085906666506e+38; -1.1304640325028582e+38
56773,100000,2.7216164291960832e+38; 2.184893925649811e+37; 1.1127939972561568e+38
47894,100000,-2.4873115995655467e+38; -1.2913716895560842e+38; -3.1491582654916824e+38
56521,100000,-2.503953113821247e+38; -2.5772188563843257e+38; 3.1407096277712813e+38
55349,100000,2.570306002719113e+38; -7.639297321131189e+36; 3.943745442839997e+37
51396,100000,-3.1989350509048203e+37; -2.7663350858902144e+38; -9.247167278439622e+35
53308,100000,9.755349199164525e+37; -1.8940961456080554e+38; 2.454475544655787e+37
47960,100000,-2.950907244348501e+38; 2.8977509024351547e+38; -2.4135394052346647e+38
52010,100000,3.2575683532954887e+38; 3.6868677110892683e+37; -1.7414775037116498e+38
69563,100000,2.99265797604533e+38; 3.125349353330244e+38; -1.5620357807626069e+38
